Temperature (°C),Humidity (%),Mortality_Rate (%),Egg_Production,Amount_of_Feeding (kg/day),Active_Birds,Bird_Age (days),Vaccination_Status,Risk_Level
16.4,38.4,0.009,0,1012.7,11476,15,Vaccinated,Low
24.8,46.0,3.723,3576,686.3,9279,78,Unvaccinated,High
26.6,70.2,0.03,2068,343.9,2519,49,Unvaccinated,Low
18.7,48.7,0.034,1239,218.2,1750,85,Vaccinated,Low
23.1,65.6,0.034,0,480.2,11617,10,Vaccinated,Low
19.8,71.3,0.046,0,521.8,13713,8,Vaccinated,Low
17.1,73.6,0.028,7261,1184.8,10197,69,Vaccinated,Low
15.9,68.1,0.01,6749,1004.8,7916,77,Vaccinated,Low
22.1,76.3,0.022,7824,801.2,9201,23,Vaccinated,Low
16.8,52.9,0.309,0,382.6,9005,3,Vaccinated,Medium
15.9,73.6,0.022,0,322.8,3060,17,Vaccinated,Low
22.8,64.5,1.822,579,104.3,2049,44,Vaccinated,High
20.9,67.8,0.024,8451,1350.5,10355,74,Vaccinated,Low
24.9,46.3,0.026,6299,771.5,7596,44,Vaccinated,Low
16.4,50.2,0.049,8793,1482.7,11684,70,Vaccinated,Low
24.7,51.8,0.008,10826,1666.5,13834,72,Vaccinated,Low
17.6,66.0,0.363,1200,210.2,1931,66,Vaccinated,Medium
26.7,65.8,0.018,6677,864.6,9565,41,Vaccinated,Low
22.7,48.4,0.018,0,101.6,2638,10,Vaccinated,Low
22.7,76.5,0.017,9976,1978.3,14223,84,Vaccinated,Low
32.9,60.1,3.037,1004,321.5,6617,27,Unvaccinated,High
22.8,65.7,0.103,2606,417.7,3647,57,Vaccinated,Medium
19.6,54.9,0.044,3517,628.8,4441,88,Vaccinated,Low
25.6,66.6,0.015,4831,866.7,6442,53,Unvaccinated,Low
18.1,47.3,0.029,1128,184.6,1387,85,Vaccinated,Low
16.1,66.9,0.022,0,215.6,5349,5,Vaccinated,Low
29.9,77.5,0.008,774,133.7,1027,67,Vaccinated,Low
19.2,57.1,0.047,4554,808.2,5920,65,Vaccinated,Low
18.8,64.8,0.015,792,96.9,1006,39,Vaccinated,Low
23.7,86.3,0.014,7353,1103.4,9445,85,Vaccinated,Low
24.3,56.0,0.045,6141,1091.1,7790,81,Vaccinated,Low
21.3,45.9,0.019,10323,1651.0,12401,67,Vaccinated,Low
21.7,45.6,0.033,7181,1197.1,9976,58,Vaccinated,Low
18.0,73.6,0.029,0,364.7,9849,11,Vaccinated,Low
29.7,51.7,0.045,11094,1848.0,13612,75,Vaccinated,Low
18.2,53.1,0.043,7114,995.7,8999,29,Vaccinated,Low
15.8,69.2,0.025,0,444.8,11862,4,Vaccinated,Low
19.7,74.1,0.048,10140,1726.2,14630,54,Vaccinated,Low
21.6,53.2,0.04,8177,847.7,10240,28,Unvaccinated,Low
26.7,42.5,0.041,4984,967.1,7149,51,Vaccinated,Low
20.7,57.9,0.012,1686,260.8,2129,65,Unvaccinated,Low
20.3,62.8,0.018,10719,1784.1,13691,62,Vaccinated,Low
18.5,69.3,0.017,6488,749.5,9098,42,Unvaccinated,Low
26.6,59.1,0.036,10214,1192.8,13421,31,Vaccinated,Low
17.1,53.7,0.01,9286,1747.2,13221,71,Vaccinated,Low
30.6,55.0,0.013,9712,1536.9,12871,76,Vaccinated,Low
26.8,51.5,0.016,0,1261.6,12426,17,Vaccinated,Low
24.1,48.3,0.033,0,404.1,9056,10,Vaccinated,Low
24.7,52.4,0.013,4468,677.8,5871,76,Vaccinated,Low
28.0,57.0,0.033,3616,490.2,4792,37,Unvaccinated,Low
15.4,62.0,0.036,0,573.7,5352,19,Vaccinated,Low
15.1,55.1,0.043,1963,312.6,2317,77,Vaccinated,Low
21.3,70.5,0.027,1240,134.2,1659,23,Vaccinated,Low
24.3,61.9,0.049,5409,812.9,6403,53,Vaccinated,Low
17.8,74.1,0.03,0,371.6,7770,7,Vaccinated,Low
19.3,62.3,0.046,0,112.5,2989,4,Vaccinated,Low
22.1,48.2,0.028,6831,993.6,9165,38,Vaccinated,Low
33.9,64.8,0.225,9326,1570.1,13905,65,Unvaccinated,Medium
22.8,77.1,0.035,9166,1337.2,12427,31,Unvaccinated,Low
20.9,56.8,0.012,7998,1031.4,10669,43,Vaccinated,Low
20.5,78.7,0.774,5701,1074.6,14955,43,Unvaccinated,High
23.9,50.2,0.008,1883,327.0,2612,82,Vaccinated,Low
14.9,52.4,0.015,3200,386.4,3950,22,Vaccinated,Low
22.4,67.2,0.043,4179,684.0,5712,87,Vaccinated,Low
21.1,90.2,0.138,742,152.8,1359,85,Unvaccinated,Medium
23.8,37.7,0.007,11045,1659.7,13574,85,Vaccinated,Low
19.7,54.4,0.049,0,388.6,4289,17,Unvaccinated,Low
33.2,69.9,2.646,0,221.0,8673,10,Vaccinated,High
17.6,74.9,0.34,5861,1222.3,10577,49,Vaccinated,Medium
17.7,61.3,0.036,4900,780.6,5986,64,Vaccinated,Low
38.3,45.4,0.016,11214,1918.5,14659,63,Vaccinated,Low
17.6,46.1,0.014,1580,270.6,1992,51,Unvaccinated,Low
28.1,66.9,0.182,0,1235.2,13687,19,Unvaccinated,Medium
26.4,69.7,0.01,0,181.3,1858,17,Vaccinated,Low
22.3,59.3,0.046,10447,1607.0,13832,85,Vaccinated,Low
22.6,57.6,0.043,8868,1530.1,11372,75,Vaccinated,Low
19.5,58.1,0.022,3395,597.6,4743,53,Vaccinated,Low
28.0,64.1,0.18,1809,306.3,2582,48,Vaccinated,Medium
19.0,42.8,0.347,7338,879.4,10837,40,Vaccinated,Medium
24.7,69.3,0.019,11155,1635.8,13573,80,Vaccinated,Low
22.4,58.9,0.047,2411,447.6,3324,82,Vaccinated,Low
21.2,63.8,0.021,1818,195.5,2336,35,Vaccinated,Low
31.7,55.1,0.011,3603,583.5,4612,51,Vaccinated,Low
21.0,47.3,0.034,0,263.9,7505,6,Vaccinated,Low
20.9,55.0,0.023,2990,472.9,3815,80,Vaccinated,Low
24.4,31.8,0.034,1599,265.2,2251,66,Vaccinated,Low
24.0,63.1,0.034,11046,1832.2,13437,84,Vaccinated,Low
27.5,62.9,0.007,7044,1076.0,8682,57,Vaccinated,Low
19.6,61.8,0.048,9027,1405.3,10733,65,Vaccinated,Low
23.5,74.0,0.007,8588,1119.5,11586,23,Vaccinated,Low
17.3,63.8,0.25,3099,571.9,5128,85,Vaccinated,Medium
22.1,46.1,0.012,9375,1559.9,12229,68,Vaccinated,Low
33.2,66.0,0.036,0,418.1,9626,5,Vaccinated,Low
17.8,84.0,0.048,1247,237.9,1715,53,Vaccinated,Low
32.4,60.1,0.032,6192,1077.9,8218,60,Vaccinated,Low
26.2,67.4,0.209,7479,1453.4,12655,67,Unvaccinated,Medium
22.0,76.3,0.043,1308,252.3,1872,51,Vaccinated,Low
26.2,85.2,0.012,0,1340.5,12404,18,Vaccinated,Low
19.4,45.1,0.344,8884,1126.2,13716,37,Vaccinated,Medium
22.7,67.3,0.029,4103,776.1,5772,55,Vaccinated,Low
25.8,72.9,0.02,5804,881.5,7338,48,Vaccinated,Low
21.8,33.5,1.306,1763,837.2,8612,90,Unvaccinated,High
21.8,64.2,3.123,3407,1242.7,14359,70,Unvaccinated,High
30.1,59.3,0.038,5967,603.0,7334,44,Vaccinated,Low
24.0,63.7,0.007,1903,239.9,2311,42,Vaccinated,Low
24.5,61.1,3.895,0,49.1,1939,10,Vaccinated,High
20.1,63.5,0.022,3708,655.5,4866,83,Vaccinated,Low
23.8,65.3,0.05,0,420.5,5089,15,Vaccinated,Low
27.0,61.5,0.037,2788,494.5,3828,57,Vaccinated,Low
17.5,53.3,0.011,0,1422.3,13977,18,Vaccinated,Low
23.0,56.8,0.04,10557,1632.6,12746,62,Vaccinated,Low
22.2,60.5,0.048,0,168.3,1907,16,Vaccinated,Low
25.0,62.0,0.02,2005,334.0,2530,65,Vaccinated,Low
19.4,63.9,0.03,10108,1764.1,13632,74,Vaccinated,Low
23.9,56.8,0.353,0,281.8,8430,10,Vaccinated,Medium
26.6,49.3,0.011,0,629.7,7532,17,Vaccinated,Low
24.3,54.4,0.194,4387,609.8,7850,32,Vaccinated,Medium
24.1,49.8,0.007,7896,1299.1,10789,84,Vaccinated,Low
23.8,76.1,0.047,6406,1093.3,8378,71,Vaccinated,Low
27.4,53.8,0.032,2483,306.1,3245,43,Vaccinated,Low
20.4,57.5,0.033,1033,163.0,1272,48,Unvaccinated,Low
22.9,67.0,0.291,0,132.3,4728,7,Unvaccinated,Medium
20.1,66.7,0.044,910,168.5,1310,57,Vaccinated,Low
22.3,55.0,0.034,8353,1584.3,11849,62,Vaccinated,Low
29.9,67.7,0.047,3637,463.3,4684,39,Vaccinated,Low
19.5,66.7,0.027,6261,919.4,7464,45,Vaccinated,Low
26.5,53.9,0.036,9021,1397.9,11087,76,Vaccinated,Low
27.3,53.9,0.034,6931,1106.0,8793,62,Vaccinated,Low
11.3,70.8,0.032,5996,826.6,7846,23,Vaccinated,Low
21.7,50.5,0.013,2518,436.6,3198,65,Vaccinated,Low
27.8,52.4,0.017,9386,1444.4,11464,52,Vaccinated,Low
26.3,53.3,0.037,964,101.7,1187,34,Vaccinated,Low
21.7,76.1,0.039,0,485.3,4590,18,Vaccinated,Low
20.5,40.1,0.028,8976,1535.9,12146,77,Vaccinated,Low
21.1,58.8,0.03,3099,574.8,4365,75,Vaccinated,Low
22.7,56.6,0.008,801,107.9,1049,28,Unvaccinated,Low
28.4,74.6,0.009,9417,1839.4,12948,83,Unvaccinated,Low
22.9,46.0,0.029,7144,1297.3,9802,51,Vaccinated,Low
37.5,70.5,0.025,0,1315.4,12878,15,Vaccinated,Low
20.9,83.4,0.016,1361,237.5,1724,52,Vaccinated,Low
22.3,49.6,0.013,3361,487.2,4881,39,Vaccinated,Low
19.3,48.4,0.043,6029,918.9,7244,68,Vaccinated,Low
22.4,52.5,0.022,5406,1039.4,7824,72,Vaccinated,Low
10.8,70.5,0.02,0,77.0,1647,10,Vaccinated,Low
30.6,67.0,0.018,0,1238.1,13148,16,Vaccinated,Low
28.1,82.5,0.014,5728,829.8,6892,66,Vaccinated,High
24.7,51.9,0.03,8471,1433.8,10568,75,Vaccinated,Low
20.7,56.5,0.045,10301,1882.6,13117,63,Vaccinated,Low
13.6,49.4,0.047,9986,1996.6,14402,86,Vaccinated,Low
26.1,51.2,0.047,959,161.1,1274,68,Vaccinated,Low
18.7,55.6,0.015,4139,698.7,5135,46,Vaccinated,Low
19.7,46.5,0.03,1879,332.4,2531,52,Vaccinated,Low
21.8,78.8,0.019,10030,1713.2,12342,73,Vaccinated,Low
18.2,71.3,0.039,1800,195.8,2260,39,Unvaccinated,Low
18.7,45.8,0.04,0,55.9,1879,13,Unvaccinated,Low
20.2,63.6,0.037,7250,717.2,9038,30,Vaccinated,Low
19.4,54.5,0.03,4457,755.1,6188,47,Vaccinated,Low
14.9,80.9,0.016,4438,827.6,6315,50,Vaccinated,Low
18.1,41.0,0.037,0,135.2,3390,9,Vaccinated,Low
15.0,71.3,0.024,2466,337.8,3219,39,Unvaccinated,Low
21.8,56.9,0.049,9240,1251.3,12391,26,Vaccinated,Low
23.7,68.3,0.037,8290,928.2,10238,26,Unvaccinated,Low
22.0,44.4,0.008,5770,1064.4,7703,87,Vaccinated,Low
23.8,32.3,0.009,9245,1673.8,12332,54,Vaccinated,Low
14.9,37.4,0.015,9261,1455.6,11568,87,Vaccinated,Low
16.2,52.9,0.026,1018,181.6,1402,62,Vaccinated,Low
30.5,64.4,0.013,0,95.3,2885,3,Unvaccinated,Low
23.4,65.4,0.025,3405,586.4,4798,52,Vaccinated,Low
25.3,61.2,0.288,0,511.7,14041,9,Vaccinated,Medium
21.0,54.4,0.041,5733,1016.6,7367,79,Vaccinated,Low
20.7,54.3,0.027,2355,286.9,2916,24,Vaccinated,Low
29.6,78.0,0.03,0,561.0,5732,18,Vaccinated,Low
21.9,54.1,0.026,9469,1722.9,12634,57,Vaccinated,Low
26.4,69.9,0.342,9197,1545.9,13699,70,Unvaccinated,Medium
25.1,75.5,0.033,0,460.5,14381,12,Vaccinated,Low
23.3,62.4,0.031,0,213.4,4390,8,Unvaccinated,Low
21.2,46.7,0.11,0,434.0,14355,13,Vaccinated,Medium
13.7,64.2,0.04,6046,961.5,7434,63,Vaccinated,Low
27.4,87.1,0.049,6529,932.5,8996,42,Vaccinated,Low
10.0,56.9,0.007,2501,419.3,3139,73,Vaccinated,Low
19.3,64.0,1.874,0,58.7,2559,1,Vaccinated,High
19.4,67.0,0.022,0,416.5,8826,10,Vaccinated,Low
13.5,62.7,0.039,0,1300.3,12094,19,Vaccinated,Low
19.8,68.0,0.032,0,197.0,4559,12,Vaccinated,Low
26.1,62.7,0.04,1054,189.5,1439,85,Vaccinated,Low
20.3,45.5,0.013,1524,288.1,2163,68,Vaccinated,Low
28.4,44.7,0.023,0,70.2,1652,8,Vaccinated,Low
18.4,75.5,0.025,1770,249.3,2369,40,Vaccinated,Low
23.6,53.5,0.022,8561,1518.7,11031,78,Unvaccinated,Low
19.9,70.3,0.021,4741,839.5,6488,55,Vaccinated,Low
24.5,60.2,0.026,8821,1277.5,10402,87,Unvaccinated,Low
21.0,53.8,0.187,7945,1499.7,12698,84,Vaccinated,Medium
25.4,44.3,0.04,0,328.6,7568,9,Vaccinated,Low
26.4,67.2,2.666,1809,592.2,9083,26,Unvaccinated,High
14.8,49.4,0.037,5897,607.2,7164,40,Vaccinated,Low
23.0,52.8,0.038,4870,872.1,7102,59,Unvaccinated,Low
18.5,58.8,0.014,0,371.6,10579,14,Vaccinated,Low
16.3,62.7,0.302,1925,423.1,3582,88,Unvaccinated,Medium
23.1,66.9,0.015,0,128.3,3848,4,Vaccinated,Low
23.0,58.7,0.02,0,352.1,11562,11,Unvaccinated,Low
26.6,51.4,0.045,7439,1254.9,10402,56,Vaccinated,Low
16.8,50.7,0.033,8543,1382.0,10022,62,Unvaccinated,Low
18.9,55.0,0.006,8009,1314.2,9921,63,Vaccinated,Low
23.8,69.5,0.013,8622,1048.3,10568,30,Unvaccinated,Low
30.8,61.6,0.027,8602,1557.4,12477,46,Unvaccinated,Low
19.1,70.5,0.046,8117,1327.2,9625,62,Vaccinated,Low
23.1,68.5,0.019,9805,1581.3,11848,51,Vaccinated,Low
26.3,66.8,3.308,3660,1103.6,11904,76,Vaccinated,High
16.5,66.6,0.045,5004,761.7,6213,79,Unvaccinated,Low
19.7,54.4,0.038,4039,595.1,5345,27,Vaccinated,Low
27.9,66.9,0.007,1854,311.1,2661,62,Vaccinated,Low
26.0,39.4,0.006,0,171.1,3636,10,Vaccinated,Low
17.7,38.9,0.017,0,123.4,3573,7,Vaccinated,Low
25.4,55.0,0.032,7300,1223.8,10367,71,Vaccinated,Low
19.3,59.3,0.013,0,1547.4,14824,15,Vaccinated,Low
21.6,54.9,0.009,4453,669.6,5313,57,Vaccinated,Low
26.7,65.5,0.026,11748,1836.2,14775,50,Vaccinated,Low
26.0,46.7,0.05,10569,1902.0,14114,74,Unvaccinated,Low
20.4,55.1,0.04,0,88.3,2097,12,Vaccinated,Low
14.7,80.0,0.029,0,691.5,7790,20,Vaccinated,Low
23.0,54.6,0.007,6602,1204.9,8955,74,Vaccinated,Low
15.3,35.2,0.049,0,239.1,7102,3,Unvaccinated,Low
18.6,63.7,0.038,11104,1433.4,13681,42,Vaccinated,Low
18.2,61.2,0.014,4207,703.7,6097,65,Vaccinated,Low
22.1,53.5,0.031,5882,860.4,7035,60,Vaccinated,Low
20.8,95.0,0.29,0,170.3,5670,4,Unvaccinated,Medium
25.2,69.0,0.024,9993,1719.0,13784,88,Unvaccinated,Low
21.0,60.7,0.034,9915,1867.2,14505,80,Unvaccinated,Low
26.2,55.1,0.041,9163,1193.9,11495,42,Vaccinated,Low
20.9,61.8,0.029,9263,1628.7,11738,64,Vaccinated,Low
25.9,34.1,0.036,11151,1791.7,14773,85,Vaccinated,Low
19.3,59.2,0.031,9722,1355.2,13912,43,Vaccinated,Low
16.2,55.9,0.04,7952,906.6,9680,39,Vaccinated,Low
20.9,59.5,0.048,6011,1129.0,8105,82,Vaccinated,High
24.5,47.6,0.042,4073,439.4,5076,29,Vaccinated,Low
10.0,56.4,0.197,0,944.1,12252,18,Unvaccinated,Medium
22.9,52.1,0.017,0,505.7,13027,3,Vaccinated,Low
23.3,66.7,0.026,0,393.8,11845,14,Vaccinated,Low
26.1,48.0,0.01,4073,764.9,5933,54,Vaccinated,Low
19.9,44.5,0.027,2918,353.6,4272,34,Unvaccinated,Low
31.8,20.8,0.336,0,871.7,9095,20,Vaccinated,Medium
21.3,64.5,0.017,8701,1208.0,12088,41,Unvaccinated,Low
31.3,59.2,0.011,6709,887.7,8479,35,Unvaccinated,Low
23.9,56.1,0.043,7151,1193.3,8908,73,Vaccinated,Low
19.0,73.1,0.03,0,87.2,1753,9,Vaccinated,Low
23.9,64.4,0.022,7742,1302.0,9570,89,Vaccinated,Low
21.9,44.0,0.026,2903,478.9,3571,65,Vaccinated,Low
15.1,38.8,0.048,7145,1240.2,9148,84,Unvaccinated,Low
26.4,73.8,0.025,4495,805.1,6584,47,Vaccinated,Low
22.7,59.1,0.016,11268,1162.4,14105,38,Vaccinated,Low
16.3,68.0,0.048,3063,342.9,4122,44,Vaccinated,Low
21.7,70.5,0.011,12091,1879.7,14743,75,Vaccinated,Low
25.1,58.9,0.039,9099,1391.3,10977,89,Vaccinated,Low
15.2,53.4,0.034,8887,1223.9,11364,28,Vaccinated,Low
21.6,65.9,0.018,5016,940.9,6771,72,Vaccinated,Low
11.7,50.2,0.036,0,434.6,11981,8,Vaccinated,Low
26.7,35.0,0.035,12314,1948.4,14337,58,Vaccinated,Low
26.7,72.4,0.04,0,482.0,10046,7,Vaccinated,Low
18.8,60.5,0.011,0,492.8,12184,10,Vaccinated,Low
25.7,76.5,0.03,0,1044.6,12627,20,Vaccinated,Low
14.5,56.3,0.015,2947,497.3,4012,67,Vaccinated,Low
17.1,66.2,0.019,7633,1446.4,10196,84,Unvaccinated,Low
22.2,59.6,0.009,7627,1186.3,9468,48,Vaccinated,Low
23.4,83.2,0.045,3498,591.3,4453,86,Vaccinated,Low
23.9,54.5,0.023,1014,176.1,1389,59,Unvaccinated,Low
24.0,71.2,0.036,898,140.8,1096,83,Vaccinated,Low
18.2,85.0,0.034,1284,193.4,1504,61,Unvaccinated,Low
25.7,37.9,0.009,922,148.2,1182,71,Vaccinated,Low
18.2,63.2,0.031,12538,1828.5,14950,66,Vaccinated,Low
24.0,45.1,0.035,1504,186.1,2198,38,Unvaccinated,Low
26.5,43.5,0.013,5120,815.8,6379,79,Unvaccinated,Low
24.3,59.3,0.01,0,654.8,6889,18,Vaccinated,Low
26.2,72.9,0.043,0,1460.3,14540,18,Vaccinated,Low
23.0,48.1,0.044,9468,1652.1,13602,76,Unvaccinated,Low
28.5,51.2,0.044,11932,1846.4,14893,79,Vaccinated,Low
19.4,67.2,0.046,0,217.7,4796,9,Vaccinated,Low
23.6,71.8,0.022,1853,362.3,2691,67,Vaccinated,Low
17.6,44.6,4.028,948,310.9,4651,67,Unvaccinated,High
26.8,65.7,0.29,2230,403.8,3578,47,Vaccinated,Medium
22.9,62.4,0.047,2602,396.3,3095,74,Vaccinated,Low
15.8,58.9,0.011,10111,1721.3,12927,85,Vaccinated,Low
31.0,45.7,2.591,3952,859.9,12232,44,Vaccinated,High
22.0,59.6,0.045,8409,1503.1,11072,77,Vaccinated,Low
10.3,69.6,0.039,6854,1241.8,9680,55,Vaccinated,Low
23.8,61.0,0.041,1796,209.9,2373,37,Vaccinated,Low
23.4,76.8,0.03,7703,1202.6,9783,55,Vaccinated,Low
27.4,56.3,0.023,11003,1724.4,13684,51,Vaccinated,Low
21.4,48.5,0.038,0,545.1,11418,1,Vaccinated,Low
16.5,78.4,0.028,4447,762.1,5693,77,Vaccinated,Low
19.9,63.7,0.091,0,114.9,3579,12,Vaccinated,Medium
27.5,62.7,0.017,4624,823.3,6703,45,Unvaccinated,Low
28.3,65.7,0.026,9549,1823.4,14155,66,Vaccinated,Low
24.0,60.3,0.009,8219,1158.4,11381,29,Unvaccinated,Low
26.6,76.8,0.044,4975,565.7,6792,28,Vaccinated,Low
25.6,71.9,0.033,0,267.8,2747,16,Vaccinated,Low
10.5,60.4,0.239,2983,645.0,5501,63,Vaccinated,Medium
21.6,60.5,0.022,10951,1114.4,13712,23,Vaccinated,Low
28.0,48.7,0.021,4331,683.3,5413,61,Vaccinated,Low
31.7,67.9,0.038,0,538.0,14339,13,Vaccinated,Low
22.5,68.4,0.023,2589,409.2,3203,81,Vaccinated,Low
18.8,66.2,0.021,6553,838.9,8370,43,Vaccinated,Low
18.2,59.0,0.018,10060,1311.6,13784,37,Unvaccinated,Low
26.1,51.8,0.034,9176,1402.1,11342,79,Vaccinated,Low
17.8,40.0,0.023,6159,1046.7,8377,53,Vaccinated,Low
13.1,57.1,0.011,0,374.4,9584,11,Vaccinated,Low
27.9,61.2,0.032,5581,647.8,6846,42,Unvaccinated,Low
28.8,53.8,0.012,7609,776.3,9745,40,Vaccinated,Low
25.2,67.5,0.032,0,445.9,9767,2,Vaccinated,Low
20.9,68.0,0.024,8574,1285.1,10184,56,Vaccinated,Low
32.9,47.8,0.034,4328,728.5,5664,84,Vaccinated,Low
19.0,43.3,0.012,0,380.5,9764,3,Vaccinated,Low
25.7,43.3,0.042,11118,1847.8,14098,64,Vaccinated,Low
20.5,84.3,0.019,5923,740.8,8257,32,Vaccinated,Low
23.5,53.5,0.013,4006,620.3,5150,62,Vaccinated,Low
21.5,57.1,0.27,7819,1763.8,13836,89,Vaccinated,Medium
24.9,84.4,0.014,9111,1635.3,12490,69,Unvaccinated,Low
16.2,52.1,0.017,6107,1141.8,8168,72,Vaccinated,Low
22.7,71.5,0.033,4172,531.1,5844,34,Vaccinated,Low
13.6,66.5,0.019,10347,1762.8,14419,50,Vaccinated,Low
17.8,55.5,0.007,1076,131.9,1512,26,Vaccinated,Low
21.2,48.8,0.041,0,455.7,14632,11,Unvaccinated,Low
16.9,49.3,0.035,0,553.4,13030,10,Vaccinated,Low
31.0,64.8,0.01,7837,1369.8,10144,54,Vaccinated,Low
27.0,75.8,0.03,8571,1372.5,10829,57,Vaccinated,Low
23.7,54.7,3.788,0,175.1,7505,1,Unvaccinated,High
15.8,48.2,0.041,8484,1210.1,10114,74,Vaccinated,Low
25.8,80.7,0.031,11118,1623.3,13990,62,Vaccinated,Low
26.1,67.9,0.022,0,664.9,7824,16,Vaccinated,Low
22.0,56.0,0.015,2373,300.3,3450,42,Vaccinated,Low
21.1,60.2,0.25,1085,205.9,1807,71,Vaccinated,Medium
21.0,50.9,0.049,3704,510.3,5034,32,Vaccinated,Low
17.9,45.4,0.029,10469,1230.3,14404,30,Vaccinated,Low
24.1,38.9,0.283,2137,337.3,3315,89,Vaccinated,Medium
22.3,76.1,0.128,0,118.4,2767,3,Vaccinated,Medium
27.2,59.2,0.021,1355,151.4,1651,32,Vaccinated,Low
19.8,83.8,0.048,3705,690.5,5221,50,Vaccinated,Low
18.8,53.0,0.044,4570,776.9,6118,78,Vaccinated,Low
25.1,62.4,0.012,0,1074.3,13616,19,Vaccinated,Low
14.6,38.9,0.039,5868,739.2,7737,39,Vaccinated,Low
18.1,59.0,0.022,0,570.6,12261,4,Vaccinated,Low
19.1,59.7,0.023,3065,341.5,4166,29,Vaccinated,Low
23.7,60.8,4.483,3979,976.0,13164,74,Unvaccinated,High
17.3,54.7,0.036,0,537.7,11332,7,Vaccinated,Low
16.7,58.8,0.014,2021,310.7,2481,65,Vaccinated,Low
23.3,75.6,0.012,0,1175.1,12769,16,Unvaccinated,Low
18.6,45.4,0.013,4563,919.6,6491,73,Unvaccinated,Medium
28.7,59.8,0.025,7398,1150.6,9169,70,Vaccinated,Low
23.4,81.9,0.046,10460,1156.5,14436,27,Unvaccinated,Low
25.8,47.8,0.009,8908,1521.4,12329,90,Vaccinated,Low
19.9,65.5,0.036,0,405.7,10018,9,Vaccinated,Low
30.1,63.3,0.021,8744,1379.0,11305,68,Vaccinated,Low
18.8,52.8,0.038,2867,489.6,3947,79,Vaccinated,Low
15.1,65.2,0.03,10417,1844.0,14206,82,Vaccinated,Low
29.0,59.5,0.026,1144,159.9,1477,23,Vaccinated,Low
15.7,51.8,0.041,1571,258.4,1917,67,Vaccinated,Low
22.4,62.7,0.019,5061,986.9,7147,81,Vaccinated,Low
26.1,60.6,1.308,2975,519.8,7088,58,Vaccinated,High
26.2,66.6,0.047,5219,843.0,6572,62,Unvaccinated,Low
26.0,44.1,0.035,0,851.0,9558,15,Vaccinated,Low
18.4,62.9,0.012,3330,380.2,4438,42,Vaccinated,Low
28.1,50.2,0.007,6911,826.7,10000,41,Unvaccinated,Low
25.6,58.3,0.039,6243,740.0,7421,23,Vaccinated,Low
21.5,73.1,0.015,2063,345.9,2522,90,Vaccinated,Low
21.6,59.2,0.04,8573,1121.1,11898,43,Vaccinated,Low
28.2,61.1,0.03,4794,867.1,6339,72,Vaccinated,Low
22.9,64.8,0.037,10635,1816.4,13850,56,Vaccinated,Low
19.2,66.4,0.02,5831,786.9,8294,23,Vaccinated,Low
32.9,66.1,0.025,10015,1692.8,13369,82,Vaccinated,Low
24.0,48.8,0.032,6059,1083.7,8122,45,Vaccinated,Low
15.0,71.0,0.044,2940,447.5,3841,61,Vaccinated,Low
23.9,51.3,0.024,9535,1400.9,11779,56,Vaccinated,Low
24.0,44.6,0.309,6443,1275.6,9948,74,Vaccinated,Medium
16.1,70.2,0.031,0,475.0,10995,12,Vaccinated,Low
17.8,62.3,0.018,901,145.9,1176,61,Vaccinated,Low
24.6,64.4,0.006,0,200.7,5267,8,Vaccinated,Low
16.5,53.8,0.046,10061,1418.0,13841,36,Vaccinated,Low
16.2,68.9,0.038,3837,598.3,4869,63,Vaccinated,Low
14.8,59.1,0.016,0,1422.7,14427,15,Unvaccinated,Low
20.6,42.9,0.017,7381,1184.6,9690,56,Unvaccinated,Low
22.9,49.2,0.035,8914,1693.0,13030,87,Vaccinated,Low
23.1,78.3,0.01,3546,478.0,4594,37,Vaccinated,Low
25.2,50.2,0.008,9456,1543.5,11615,73,Vaccinated,Low
12.5,55.1,0.017,9853,1370.6,13617,42,Vaccinated,Low
23.4,61.5,0.21,4465,524.6,7432,23,Vaccinated,Medium
13.6,44.0,0.235,869,155.8,1307,64,Unvaccinated,Medium
22.3,59.1,0.036,0,527.4,13867,9,Unvaccinated,Low
29.6,44.0,0.013,1808,294.4,2485,47,Vaccinated,Low
20.7,70.3,0.037,7941,1478.0,11332,89,Vaccinated,Low
19.9,67.7,0.029,7622,1379.6,9748,58,Vaccinated,Low
26.0,63.2,3.031,0,73.0,2180,5,Vaccinated,High
25.1,65.1,0.02,8026,1167.8,11014,22,Vaccinated,Low
14.0,49.2,0.031,0,846.3,9943,18,Vaccinated,Low
13.9,35.7,3.73,2124,486.0,7162,21,Unvaccinated,High
31.6,60.0,0.021,5489,601.7,7750,31,Vaccinated,Low
22.1,63.3,0.111,3928,862.5,6929,70,Vaccinated,Medium
20.5,46.6,0.01,1298,226.6,1885,83,Unvaccinated,Low
26.7,55.5,0.04,1770,185.8,2160,31,Vaccinated,Low
21.5,69.4,0.022,0,152.2,4615,10,Unvaccinated,Low
20.5,62.0,0.024,3875,539.0,5418,26,Vaccinated,Low
23.5,50.5,0.015,7582,1024.6,11019,22,Vaccinated,Low
21.3,58.2,0.028,4151,460.8,5060,42,Unvaccinated,Low
24.8,51.0,0.006,6937,878.3,9114,31,Vaccinated,Low
18.1,55.0,0.008,5837,1138.0,8452,60,Vaccinated,Low
22.8,70.0,0.028,7628,1493.2,11035,70,Vaccinated,Low
18.7,69.6,0.174,1150,191.6,1669,47,Vaccinated,Medium
31.1,23.8,0.007,9780,1125.4,12515,27,Vaccinated,Low
21.3,71.6,0.013,7092,1279.9,9714,87,Unvaccinated,Low
18.8,51.5,0.006,0,87.0,2260,14,Vaccinated,Low
19.4,74.4,0.035,6919,1176.4,8764,45,Vaccinated,Low
27.7,41.1,0.018,6421,861.8,8503,39,Vaccinated,Low
31.5,64.0,1.767,991,235.2,3634,69,Vaccinated,High
16.5,61.9,0.045,5240,872.0,6192,45,Vaccinated,Low
20.4,59.5,0.068,7460,1414.9,12936,57,Vaccinated,Medium
23.0,66.8,0.035,3136,600.4,4197,75,Vaccinated,Low
27.5,55.7,0.049,0,426.3,9381,8,Vaccinated,Low
25.7,44.9,0.009,7002,1015.4,8278,54,Vaccinated,Low
16.0,74.6,0.039,7994,1264.5,10677,49,Vaccinated,Low
26.1,62.3,1.551,4611,1106.4,14537,39,Vaccinated,High
21.8,54.0,0.008,6214,799.1,7834,23,Vaccinated,Low
26.4,48.2,0.036,6599,1067.6,8799,89,Vaccinated,Low
17.1,49.2,0.032,1356,149.2,1798,38,Vaccinated,Low
24.7,61.1,0.156,3344,627.3,5447,88,Vaccinated,Medium
23.6,74.7,0.046,6330,741.6,9247,29,Unvaccinated,Low
30.3,68.2,3.758,568,288.3,3277,57,Vaccinated,High
19.3,59.4,3.139,0,77.5,3133,11,Vaccinated,High
24.1,41.3,0.314,0,52.8,1709,9,Vaccinated,Medium
16.8,40.4,0.014,7313,1181.7,9202,79,Vaccinated,Low
27.7,65.0,0.344,2736,535.3,4506,65,Vaccinated,Medium
21.4,59.9,0.009,0,571.8,6149,16,Vaccinated,Low
32.1,50.5,0.351,8494,1250.8,13061,40,Unvaccinated,High
16.0,63.6,0.032,7318,1131.6,9055,87,Vaccinated,Low
24.7,70.5,0.034,5063,595.3,6548,26,Vaccinated,Low
24.6,49.8,0.094,0,367.2,5569,19,Vaccinated,Medium
23.3,49.2,0.028,2882,504.3,3934,49,Vaccinated,Low
27.8,45.7,0.007,8173,845.7,9887,44,Unvaccinated,Low
19.4,72.6,0.029,0,754.2,8056,18,Vaccinated,Low
17.0,52.2,0.008,1453,242.1,1913,51,Vaccinated,Low
20.5,55.0,0.016,10809,1795.1,13536,81,Vaccinated,Low
15.9,54.1,0.017,5406,656.9,6531,22,Vaccinated,Low
24.9,65.4,0.02,0,429.8,10380,13,Vaccinated,Low
28.3,55.4,0.015,7229,1180.3,9142,82,Unvaccinated,Low
26.9,30.8,0.041,1500,268.6,2102,73,Vaccinated,Low
24.8,77.6,0.038,6524,1117.0,8425,86,Vaccinated,Low
24.1,48.5,0.039,6812,1090.5,8106,73,Vaccinated,Low
19.2,37.7,0.012,10916,1816.1,14860,53,Vaccinated,Low
26.4,68.3,0.007,5676,1077.4,7914,83,Vaccinated,Low
27.8,51.8,0.038,0,185.1,5882,9,Vaccinated,Low
25.4,71.9,0.264,2080,337.7,2976,67,Vaccinated,Medium
26.8,49.7,0.044,10169,1069.4,13189,31,Vaccinated,Low
19.0,66.8,0.019,6202,1193.1,8780,88,Vaccinated,Low
18.6,69.6,0.029,1351,232.9,1895,89,Unvaccinated,Low
19.1,82.4,0.007,4287,558.4,5186,39,Vaccinated,Low
25.4,52.3,0.025,11699,1139.9,14781,43,Unvaccinated,Low
19.7,55.8,0.049,0,152.2,3229,1,Vaccinated,Low
25.7,58.3,0.042,8977,1607.1,12235,53,Vaccinated,Low
33.7,65.0,0.017,11841,1750.4,14675,74,Vaccinated,Low
27.5,52.9,0.017,5995,1075.5,8129,59,Unvaccinated,Low
24.4,50.1,0.034,12265,1182.4,14501,37,Vaccinated,Low
28.8,54.5,0.016,3830,636.8,4476,50,Vaccinated,Low
23.7,52.0,0.026,0,424.4,13259,6,Vaccinated,Low
21.7,52.9,0.017,0,565.7,5266,15,Vaccinated,Low
24.7,81.2,0.111,5059,568.8,8139,22,Vaccinated,Medium
23.0,48.9,0.043,0,416.3,9108,6,Vaccinated,Low
17.7,47.6,0.01,8261,1549.1,11864,75,Vaccinated,Low
21.5,46.1,2.989,3721,809.3,8540,85,Vaccinated,High
12.8,71.1,0.147,1668,242.7,3118,28,Vaccinated,Medium
14.5,63.6,0.041,5282,933.9,7365,52,Vaccinated,Low
21.2,58.9,0.041,6841,910.9,9399,26,Vaccinated,Low
14.5,45.9,0.018,6368,1131.4,8594,87,Vaccinated,Low
22.3,58.3,0.016,4398,496.4,5921,32,Vaccinated,Low
19.6,46.1,0.041,3123,364.0,3941,24,Vaccinated,Low
22.3,50.5,0.044,8366,1185.2,10896,34,Vaccinated,Low
26.8,56.9,0.948,1338,616.2,6910,89,Vaccinated,High
20.5,67.4,0.026,8410,904.7,11645,31,Vaccinated,Low
29.4,45.7,0.063,0,329.2,8724,3,Unvaccinated,Medium
27.0,61.6,0.032,12063,1979.1,14903,64,Vaccinated,Low
21.0,56.8,0.021,0,403.8,9655,3,Vaccinated,Low
20.3,51.7,0.011,3530,525.8,4149,61,Unvaccinated,Low
34.7,78.8,0.035,9866,1543.5,13035,47,Vaccinated,Low
16.9,44.8,0.028,6295,925.3,9089,39,Vaccinated,Low
32.1,71.3,0.265,6491,600.9,8968,34,Unvaccinated,Medium
28.6,41.3,0.01,0,1128.7,13382,15,Vaccinated,Low
26.5,69.0,0.011,9766,1606.2,12602,57,Vaccinated,Low
19.8,43.1,0.016,6877,891.9,8760,44,Vaccinated,Low
30.0,54.9,0.008,6163,959.4,7706,59,Vaccinated,Low
15.9,92.7,0.02,1221,224.3,1607,85,Vaccinated,Low
30.9,64.4,0.034,8128,1217.0,11549,27,Vaccinated,Low
22.4,47.9,0.034,0,1053.1,12778,17,Vaccinated,Low
26.1,56.8,0.017,4328,478.8,5238,31,Vaccinated,Low
27.3,65.6,0.018,0,477.6,10378,1,Vaccinated,Low
22.2,51.5,0.009,8635,1732.9,12703,49,Unvaccinated,Low
21.3,61.3,0.017,6844,822.4,8802,28,Vaccinated,Low
18.5,65.0,0.01,6460,668.1,7830,21,Vaccinated,Low
25.4,56.2,0.164,1510,313.6,2945,78,Vaccinated,Medium
27.4,54.5,2.69,0,114.9,7910,7,Vaccinated,High
21.4,44.7,0.107,3546,718.6,6074,73,Unvaccinated,Medium
24.4,50.9,0.045,2043,332.4,2463,80,Vaccinated,Low
22.6,61.5,0.007,10971,1316.3,14044,40,Vaccinated,Low
27.5,76.6,0.019,7945,938.5,9713,24,Vaccinated,Low
19.9,52.0,0.164,844,146.5,1394,68,Vaccinated,Medium
20.6,57.3,0.01,1518,170.3,1958,39,Vaccinated,Low
19.1,61.2,0.046,0,585.4,7308,15,Vaccinated,Low
28.5,42.1,0.028,2000,264.9,2663,32,Vaccinated,Low
20.2,59.1,0.021,5878,1050.1,7942,72,Unvaccinated,Low
19.2,51.0,0.024,0,443.1,10225,9,Vaccinated,Low
24.5,64.9,0.02,10131,1256.4,12175,44,Vaccinated,Low
14.9,77.6,0.034,9885,942.6,12021,23,Vaccinated,Low
26.4,31.4,2.351,785,548.9,6783,49,Vaccinated,High
27.6,59.5,4.437,3276,809.7,12619,46,Vaccinated,High
28.2,62.6,0.011,3476,589.5,4174,85,Vaccinated,Low
26.0,91.8,0.035,11244,2016.4,14888,87,Vaccinated,Low
22.3,60.4,4.174,644,213.1,2994,88,Vaccinated,High
26.5,56.2,2.228,0,299.0,14232,4,Vaccinated,High
17.9,73.8,0.264,8212,1116.5,14770,33,Vaccinated,Medium
11.5,75.5,0.008,1123,205.4,1546,49,Vaccinated,Low
16.3,48.3,0.02,9954,1871.5,13320,53,Unvaccinated,Low
22.9,67.4,0.017,0,103.9,2682,2,Vaccinated,Low
19.1,26.1,0.165,0,379.8,4983,18,Vaccinated,High
18.0,74.9,0.049,8056,1510.8,11775,87,Vaccinated,Low
23.3,64.1,0.041,8344,1442.2,12335,60,Vaccinated,Low
13.6,73.9,0.013,7597,1205.2,11222,28,Vaccinated,Low
15.7,66.8,0.006,4039,806.3,5760,57,Vaccinated,Low
20.2,58.6,0.029,0,1445.0,13900,15,Vaccinated,Low
18.1,62.2,0.034,0,619.2,12648,9,Vaccinated,Low
19.9,46.0,0.233,10399,1696.0,14999,69,Vaccinated,Medium
17.3,54.6,0.029,0,450.9,11074,9,Vaccinated,Low
27.7,63.9,0.016,7650,1287.7,10522,52,Unvaccinated,Low
18.3,60.4,0.022,3568,652.9,5170,71,Vaccinated,Low
26.9,60.1,0.015,1707,268.7,2243,46,Vaccinated,Low
31.1,68.8,0.351,3216,447.4,5096,39,Vaccinated,Medium
13.6,52.2,0.026,4805,889.6,6679,52,Vaccinated,Low
17.5,61.9,0.381,7879,1341.0,12435,54,Vaccinated,Medium
29.3,50.0,1.057,4512,1277.6,12235,52,Vaccinated,High
20.0,52.8,0.045,7755,1214.8,10402,51,Vaccinated,Low
27.5,43.9,0.236,0,271.9,9005,4,Vaccinated,Medium
16.5,68.2,0.044,0,323.9,3572,15,Unvaccinated,Low
22.9,38.4,0.05,2754,471.6,3601,78,Vaccinated,Low
21.2,66.9,0.037,8232,1349.8,10326,63,Unvaccinated,Low
17.9,44.9,0.016,3916,524.0,5081,23,Vaccinated,Low
28.0,66.1,0.028,8692,1263.6,12436,28,Vaccinated,Low
25.7,58.8,0.007,0,50.7,1437,10,Vaccinated,Low
21.9,61.3,0.339,6063,1345.2,11982,60,Unvaccinated,Medium
13.3,58.5,0.029,7656,1199.3,9759,51,Vaccinated,Low
20.6,84.1,0.016,0,369.9,11814,14,Unvaccinated,Low
23.6,80.6,2.55,2071,372.6,6523,25,Vaccinated,High
17.9,56.4,0.023,6116,922.0,7472,55,Vaccinated,Low
18.7,59.1,0.047,1460,198.1,2103,28,Vaccinated,Low
18.2,77.2,0.008,5571,906.9,7366,87,Unvaccinated,Low
17.8,58.1,0.23,5505,969.4,9248,76,Vaccinated,Medium
17.4,70.3,0.015,5764,824.4,8270,43,Unvaccinated,Low
24.2,76.0,0.008,3656,675.3,5068,88,Vaccinated,Low
15.8,67.6,0.026,0,98.3,3057,12,Vaccinated,Low
18.0,74.4,0.022,8476,1011.7,10926,32,Unvaccinated,Low
15.3,81.4,0.017,10508,1785.1,14001,62,Vaccinated,Low
25.2,56.6,0.022,2328,420.3,3238,61,Vaccinated,Low
31.4,49.3,0.008,2202,381.9,3039,50,Vaccinated,Low
23.7,95.0,0.031,4749,888.0,6921,81,Vaccinated,Low
25.9,55.1,0.045,6018,969.5,7297,51,Vaccinated,Low
25.1,68.8,0.036,2065,322.9,2790,82,Vaccinated,Low
21.0,58.3,0.225,4573,829.7,7845,68,Vaccinated,Medium
25.3,46.0,0.009,8976,1053.1,13286,24,Vaccinated,Low
28.7,69.6,0.017,6888,1173.1,8949,87,Vaccinated,Low
24.3,45.8,0.215,4014,592.8,6620,41,Vaccinated,Medium
18.1,89.5,0.005,7212,985.4,9693,36,Vaccinated,Low
24.0,58.8,0.047,11355,1522.1,14231,42,Vaccinated,Low
25.2,80.7,0.009,6087,789.6,7305,38,Vaccinated,Low
23.8,35.9,0.208,2139,318.6,2895,62,Vaccinated,Medium
26.4,83.7,0.02,3690,398.2,4610,33,Vaccinated,Low
28.1,77.0,0.018,9690,1523.4,12754,49,Vaccinated,Low
17.3,50.6,0.014,8520,1305.5,10385,48,Vaccinated,Low
25.4,70.6,0.015,2283,394.4,3069,67,Unvaccinated,Low
16.1,60.2,0.031,11020,1867.9,14561,90,Vaccinated,Low
11.5,38.6,3.927,6043,784.4,14274,43,Unvaccinated,High
20.4,59.2,0.307,881,154.8,1353,71,Vaccinated,Medium
27.4,67.5,0.045,4573,793.4,6298,75,Vaccinated,Low
18.1,67.6,0.023,0,310.2,10431,14,Unvaccinated,Low
18.5,77.8,0.034,8880,1543.5,12271,77,Vaccinated,Low
25.0,62.1,0.013,6827,1170.9,9015,83,Vaccinated,Low
23.7,59.5,0.041,1745,252.4,2040,69,Vaccinated,Low
15.8,67.1,0.012,7769,1445.2,10815,89,Vaccinated,Low
23.8,71.8,0.227,4852,798.6,6956,70,Vaccinated,Medium
23.5,69.3,0.032,0,439.8,12271,13,Vaccinated,Low
16.1,47.3,0.047,7703,815.2,10008,33,Unvaccinated,Low
26.2,66.2,0.019,9458,1176.1,11577,25,Vaccinated,Low
24.7,56.1,0.012,0,980.6,9707,15,Unvaccinated,Low
15.2,78.8,0.179,2473,508.6,4640,49,Unvaccinated,Medium
29.2,69.0,0.017,4761,836.3,6210,50,Vaccinated,Low
31.9,48.0,0.026,0,204.1,5380,7,Vaccinated,Low
30.1,44.7,0.04,3920,600.9,5699,36,Vaccinated,Low
17.0,45.1,0.029,0,322.2,10425,8,Vaccinated,Low
28.2,66.8,0.042,0,690.7,14621,1,Vaccinated,Low
28.9,53.9,0.048,7930,1379.0,10951,58,Unvaccinated,Low
18.5,64.5,0.048,4332,677.8,5092,70,Unvaccinated,Low
14.1,55.4,0.023,1398,229.8,1942,46,Vaccinated,Low
25.1,59.0,0.029,0,700.6,7729,16,Vaccinated,Low
24.0,54.9,0.006,7048,840.9,8198,21,Vaccinated,Low
21.9,69.6,0.042,7076,1134.5,9012,71,Vaccinated,Low
15.0,68.6,0.039,918,147.0,1223,88,Vaccinated,Low
10.0,38.8,2.509,1693,491.5,5317,90,Unvaccinated,High
28.4,62.6,0.019,2337,406.9,3167,52,Vaccinated,Low
19.7,53.0,0.007,0,339.6,11549,7,Vaccinated,Low
19.4,49.9,0.019,3537,352.7,4473,37,Unvaccinated,Low
27.1,62.8,0.009,9898,1605.9,13145,47,Vaccinated,Low
17.2,63.5,0.029,8937,952.2,11720,25,Vaccinated,Low
20.4,35.7,2.897,3576,879.7,13441,72,Vaccinated,High
25.4,89.3,0.315,7090,1011.4,12367,25,Unvaccinated,Medium
14.0,56.9,0.015,2504,483.0,3621,74,Vaccinated,Low
27.0,76.7,0.029,1265,192.5,1640,82,Vaccinated,Low
19.7,71.6,0.005,9018,1609.7,12558,71,Unvaccinated,High
19.1,80.8,0.015,11320,1717.8,13749,75,Vaccinated,Low
10.5,49.8,0.013,3637,627.8,4796,56,Vaccinated,Low
24.0,47.2,0.023,3021,505.5,3911,51,Vaccinated,Low
26.1,64.8,0.107,0,298.9,7291,3,Unvaccinated,Medium
21.8,61.2,0.678,1589,279.6,6036,43,Vaccinated,Low
21.3,64.1,0.045,967,139.8,1393,30,Unvaccinated,Low
16.5,21.9,1.104,1307,397.5,5617,46,Vaccinated,High
23.5,70.6,0.017,10134,1332.4,12258,39,Vaccinated,Low
18.4,54.6,0.01,9646,1781.0,13743,84,Unvaccinated,Low
19.5,45.8,0.011,10164,1930.0,13575,50,Vaccinated,Low
22.4,62.5,0.009,7321,1115.1,9070,69,Unvaccinated,Low
16.2,69.3,0.049,0,331.9,3188,15,Vaccinated,Low
11.2,32.5,0.078,0,138.5,1915,18,Vaccinated,Medium
15.7,67.6,0.038,7823,1105.7,10730,21,Vaccinated,Low
24.3,60.1,0.044,11392,1838.8,13802,83,Unvaccinated,Low
19.8,68.3,0.042,5642,866.4,7941,21,Vaccinated,Low
20.7,45.4,0.01,8481,1506.3,11693,83,Vaccinated,Low
26.3,54.2,4.446,0,50.6,2744,9,Vaccinated,High
29.9,53.7,0.289,0,201.3,6056,2,Vaccinated,Medium
20.5,64.1,0.015,0,801.5,9227,20,Vaccinated,Low
22.9,58.8,0.047,9907,1044.4,12772,21,Vaccinated,Low
31.1,30.4,0.027,0,412.2,10943,10,Vaccinated,Low
23.0,44.3,0.027,1600,187.1,2116,36,Unvaccinated,Low
22.3,55.8,0.044,6640,1096.1,8222,47,Vaccinated,Low
19.9,57.8,0.009,10225,1614.1,12464,72,Vaccinated,Low
24.9,54.8,0.037,0,499.1,12989,14,Unvaccinated,Low
18.1,66.0,0.049,2505,426.7,3551,61,Unvaccinated,Low
18.8,54.9,0.024,3559,651.1,5129,82,Unvaccinated,Low
27.7,59.2,0.025,6533,857.5,8021,44,Vaccinated,Low
26.5,38.2,0.042,0,180.7,4253,10,Unvaccinated,Low
28.8,60.4,0.011,2356,452.8,3416,64,Vaccinated,Low
22.5,56.1,0.031,5608,962.7,7884,90,Unvaccinated,Low
14.2,57.3,0.049,2283,394.9,3043,90,Unvaccinated,Low
21.2,70.3,0.047,2635,484.8,3664,70,Vaccinated,Low
27.7,62.5,0.035,1024,168.1,1269,79,Vaccinated,Low
15.8,51.9,0.023,0,952.3,8693,16,Vaccinated,Low
10.0,70.4,0.024,4100,623.3,5384,85,Vaccinated,Low
29.2,74.7,0.049,8257,943.4,10829,41,Vaccinated,Low
22.1,63.5,0.014,0,1152.1,14126,17,Vaccinated,Low
18.1,46.1,0.016,0,1116.3,10720,20,Vaccinated,Low
28.8,67.3,0.216,3274,538.1,5018,49,Vaccinated,Medium
26.5,56.5,0.024,6712,1254.4,9097,47,Vaccinated,Low
23.5,65.2,0.047,2723,463.2,3927,85,Vaccinated,Low
23.9,54.2,0.034,0,665.7,6978,15,Vaccinated,Low
19.3,85.2,3.673,2422,368.4,7552,25,Unvaccinated,High
23.1,55.8,0.021,6454,1164.1,8309,55,Vaccinated,Low
20.0,61.0,0.024,3677,617.3,5146,76,Vaccinated,Low
24.4,62.0,0.156,0,438.8,6151,16,Vaccinated,Medium
25.4,69.5,0.014,8726,1524.7,12735,78,Vaccinated,Low
24.1,61.6,0.389,5033,589.9,8418,22,Vaccinated,Medium
24.6,68.7,0.033,1983,329.0,2558,54,Vaccinated,Low
33.2,53.8,0.042,2289,371.4,2989,48,Vaccinated,Low
16.4,44.4,0.036,0,183.1,1705,15,Vaccinated,Low
28.8,58.8,0.035,0,664.5,6231,19,Vaccinated,Low
19.1,40.5,0.038,0,153.3,4700,12,Unvaccinated,Low
25.4,49.7,0.044,1466,199.2,1987,28,Vaccinated,Low
27.8,57.4,0.008,2612,291.6,3130,29,Vaccinated,Low
24.8,70.0,0.025,0,309.3,8552,14,Vaccinated,Low
16.0,60.2,0.281,4686,699.9,8069,28,Vaccinated,Medium
21.9,70.5,0.007,6573,1134.5,9676,78,Unvaccinated,Low
25.0,70.7,0.021,8648,1400.4,11161,90,Vaccinated,Low
21.7,71.0,0.124,6961,1406.6,12476,80,Vaccinated,Medium
25.9,54.2,0.026,3041,302.5,3908,34,Vaccinated,Low
31.7,53.4,0.035,7397,799.0,9243,22,Vaccinated,Low
22.9,74.1,0.044,7105,1214.3,9484,85,Vaccinated,Low
19.2,73.9,0.033,6909,1078.8,8056,47,Vaccinated,Low
27.5,55.9,0.033,10304,1538.9,12125,45,Vaccinated,Low
25.3,50.2,0.008,838,141.1,1136,64,Vaccinated,Low
15.4,71.8,0.048,7146,877.4,9001,40,Unvaccinated,Low
15.3,56.1,0.046,4461,544.0,5764,29,Unvaccinated,Low
25.1,57.8,0.047,2703,408.9,3280,88,Vaccinated,Low
25.4,65.9,0.048,6801,1272.7,9627,57,Vaccinated,Low
23.1,84.9,0.347,2166,356.3,3303,79,Unvaccinated,Medium
17.1,70.9,0.044,0,476.7,14749,7,Vaccinated,Low
25.6,95.0,0.034,0,421.9,12746,7,Vaccinated,Low
23.3,76.3,0.068,704,121.8,1105,63,Vaccinated,Medium
28.5,80.8,0.024,3290,383.8,4015,31,Unvaccinated,Low
22.8,47.0,0.035,9221,1690.8,13151,90,Unvaccinated,Low
21.2,88.0,4.128,307,93.7,1458,37,Vaccinated,High
28.1,49.4,0.283,4343,772.5,6861,65,Vaccinated,Medium
19.2,84.1,0.035,4478,748.9,5560,85,Vaccinated,Low
28.0,64.1,0.012,5212,737.3,6309,76,Vaccinated,Low
25.2,48.0,0.025,9247,1245.4,13644,31,Vaccinated,Low
13.3,61.4,0.015,6552,1110.6,8364,49,Vaccinated,Low
26.3,49.7,0.029,1134,167.2,1397,81,Unvaccinated,Low
26.6,80.5,0.236,0,724.8,10153,18,Vaccinated,Medium
11.5,56.5,0.158,6302,784.6,9856,43,Unvaccinated,Medium
25.6,87.0,0.071,0,352.6,11135,8,Unvaccinated,Medium
16.0,59.3,0.043,0,201.0,1973,18,Vaccinated,Low
28.4,43.8,0.026,5827,1081.8,7819,77,Vaccinated,Low
24.1,74.3,0.32,7676,1186.1,13809,26,Vaccinated,Medium
20.1,71.3,2.152,1456,1036.5,11086,48,Vaccinated,High
18.1,45.6,0.018,8779,1241.4,12793,32,Vaccinated,Low
21.8,25.3,0.047,7802,997.2,9907,27,Vaccinated,Low
22.0,63.5,0.392,7044,1377.2,12432,70,Vaccinated,Medium
24.4,44.2,0.022,0,148.1,3325,5,Vaccinated,Low
21.7,57.5,0.024,8365,1296.2,10990,50,Vaccinated,Low
28.5,68.0,0.024,7445,1127.8,10973,44,Unvaccinated,Low
22.5,79.5,0.026,10391,1737.0,12817,87,Vaccinated,Low
17.9,46.9,0.034,0,237.4,5495,11,Vaccinated,Low
21.5,52.0,0.031,9411,995.5,11826,42,Vaccinated,Low
17.9,53.2,0.015,3978,502.4,5227,36,Unvaccinated,Low
19.2,85.8,0.032,7607,871.1,10067,30,Vaccinated,Low
15.8,55.2,0.171,4005,722.8,6337,74,Unvaccinated,Medium
15.6,54.9,0.132,4043,650.7,5817,80,Vaccinated,Medium
25.1,48.6,0.024,3358,619.5,4520,49,Vaccinated,Low
21.3,69.8,0.04,7464,1204.0,9592,67,Vaccinated,Low
20.2,61.4,0.025,10275,1662.2,13006,53,Vaccinated,Low
26.5,70.6,0.199,9307,1459.9,13721,53,Vaccinated,Medium
17.4,55.4,0.355,2320,496.2,3947,59,Unvaccinated,Medium
30.4,54.6,0.043,8782,1109.8,12665,38,Vaccinated,Low
23.3,65.0,0.031,10468,1920.4,14436,66,Vaccinated,Low
23.0,52.8,0.007,7621,1361.5,9604,75,Vaccinated,Low
17.2,49.2,0.018,9143,1226.4,11083,41,Vaccinated,Low
23.7,81.2,0.042,0,113.9,3310,13,Vaccinated,Low
21.2,47.8,0.038,0,1320.3,14840,16,Vaccinated,Low
23.6,68.8,0.043,8703,1540.7,11332,66,Vaccinated,Low
17.1,59.6,0.276,2766,483.6,4607,87,Vaccinated,Medium
25.3,66.3,0.029,7551,1282.6,9039,72,Vaccinated,Low
20.6,59.6,0.039,6737,1166.9,9031,81,Vaccinated,Low
24.1,57.6,0.044,5877,848.6,8614,41,Unvaccinated,Low
19.0,56.0,0.017,11944,1964.8,14942,53,Vaccinated,Low
23.4,62.6,0.006,7587,960.2,10379,22,Vaccinated,Low
26.8,66.3,0.024,1444,259.2,2039,84,Vaccinated,Low
22.1,46.9,0.036,0,298.3,9627,14,Vaccinated,Low
17.3,42.4,0.006,5763,963.1,7190,84,Vaccinated,Low
26.2,67.2,0.39,4215,609.1,7408,25,Vaccinated,Medium
15.8,60.2,0.048,4230,757.8,5563,62,Unvaccinated,Low
21.1,48.3,0.009,11374,1276.2,13635,30,Vaccinated,Low
28.1,42.1,0.043,6072,922.9,7605,79,Vaccinated,Low
27.6,48.9,0.028,3018,625.1,4427,72,Vaccinated,Low
24.6,66.1,0.007,0,639.3,7155,17,Vaccinated,Low
26.7,57.1,0.046,0,893.5,8982,18,Vaccinated,Low
23.5,60.6,0.028,6045,874.7,7088,73,Vaccinated,Low
11.9,59.2,0.05,0,1207.1,14965,18,Vaccinated,Low
21.6,66.3,0.045,1793,306.2,2537,69,Vaccinated,Low
25.1,63.5,0.01,6004,956.9,7982,75,Vaccinated,Low
15.6,62.6,0.035,9635,1442.4,11564,50,Unvaccinated,Low
18.4,71.4,0.234,8487,1604.7,14162,79,Unvaccinated,Medium
20.3,59.2,0.045,8638,1429.5,10177,51,Vaccinated,Low
23.0,78.9,0.021,11328,1741.8,14760,56,Vaccinated,Low
28.1,33.8,0.029,3137,527.1,4502,79,Vaccinated,Low
16.5,64.8,0.017,854,146.2,1212,78,Unvaccinated,Low
21.5,74.6,0.186,6491,1283.0,10954,81,Vaccinated,Medium
25.3,56.0,0.017,1858,323.7,2356,54,Vaccinated,Low
30.4,78.9,0.043,5019,591.3,6185,22,Unvaccinated,Low
21.3,47.5,0.043,1740,184.9,2375,23,Vaccinated,Low
23.1,65.8,0.04,0,549.5,12408,12,Vaccinated,Low
16.8,79.4,0.018,1791,205.0,2331,32,Vaccinated,Low
21.4,55.3,0.042,3559,413.4,4264,23,Vaccinated,Low
29.5,69.5,0.049,7530,1005.5,10317,27,Vaccinated,Low
22.4,59.0,0.035,3192,616.2,4575,60,Vaccinated,Low
21.7,70.2,0.03,2828,478.9,3600,54,Vaccinated,Low
21.7,71.5,0.007,11064,1741.9,12975,52,Vaccinated,Low
28.5,40.1,0.048,6765,834.3,7977,35,Unvaccinated,Low
27.8,87.6,0.005,0,217.2,6458,7,Vaccinated,Low
19.2,48.8,0.022,1781,213.5,2316,24,Vaccinated,Low
20.0,56.6,0.02,7200,1102.4,8738,86,Unvaccinated,Low
18.4,54.3,0.023,4936,786.6,6683,63,Vaccinated,Low
20.8,49.6,0.017,1888,264.1,2521,44,Vaccinated,Low
17.1,65.4,0.011,0,573.1,14209,11,Unvaccinated,High
21.3,54.0,0.046,9753,1577.3,11980,52,Vaccinated,Low
18.9,49.1,0.014,2072,297.7,2829,23,Unvaccinated,Low
21.6,63.2,0.04,2178,350.0,2991,63,Vaccinated,Low
26.2,57.4,0.109,3497,692.4,5877,82,Vaccinated,Medium
22.6,56.3,0.042,11439,1756.6,14526,68,Vaccinated,Low
21.0,78.2,0.37,4200,741.6,5947,55,Vaccinated,Medium
23.8,61.9,0.036,6797,833.1,9833,32,Unvaccinated,Low
29.1,51.4,0.009,4125,495.0,5668,35,Vaccinated,Low
24.1,54.2,1.862,3777,813.2,10983,59,Unvaccinated,High
24.0,61.9,0.022,9482,1076.0,12431,22,Vaccinated,Low
19.8,59.8,0.266,2456,414.8,3731,80,Unvaccinated,Medium
20.4,71.4,0.035,3076,395.2,3926,21,Vaccinated,Low
21.9,72.2,0.018,3471,598.2,4688,52,Unvaccinated,Low
19.9,62.8,0.032,5273,1005.3,7280,75,Vaccinated,Low
16.4,67.1,0.012,6440,1134.4,8731,88,Unvaccinated,Low
17.3,46.8,0.049,0,572.8,6287,17,Unvaccinated,Low
14.1,66.3,0.022,5284,682.8,6427,21,Vaccinated,Low
18.9,84.6,0.047,8570,1429.5,10944,83,Vaccinated,Low
24.4,48.4,0.041,10205,1596.2,13418,75,Vaccinated,Low
25.4,65.8,0.017,6706,705.5,9053,32,Vaccinated,Low
24.6,70.3,0.035,7305,1277.7,10233,47,Vaccinated,Low
22.8,44.2,0.028,4389,690.4,5215,82,Vaccinated,Low
22.3,74.7,0.035,6465,730.5,9209,41,Vaccinated,Low
24.0,50.4,0.043,0,1328.4,12940,16,Unvaccinated,Low
24.3,47.7,0.029,3482,593.7,4318,47,Vaccinated,Low
14.0,71.2,0.026,3789,410.5,5062,32,Vaccinated,Low
19.9,37.9,0.36,0,405.5,14610,9,Vaccinated,Medium
21.0,39.9,0.005,0,839.2,8836,15,Vaccinated,Low
23.8,64.1,0.028,6626,1117.4,8252,83,Vaccinated,Low
19.1,59.6,0.012,7714,1217.7,10195,65,Unvaccinated,Low
22.4,84.2,0.019,8468,1433.1,11451,88,Vaccinated,Low
23.1,75.0,0.047,2528,338.7,3532,42,Vaccinated,Low
21.2,56.2,0.049,5774,624.8,6798,41,Vaccinated,High
23.9,57.6,0.041,3053,418.7,4313,27,Vaccinated,Low
31.3,69.5,0.016,8684,1789.1,12843,62,Unvaccinated,Low
21.3,55.1,0.038,7660,1365.9,9812,48,Vaccinated,Low
18.7,67.5,0.011,6595,859.9,8180,32,Unvaccinated,Low
24.7,55.2,0.049,5576,864.5,6918,58,Vaccinated,Low
28.7,52.3,0.008,6006,930.8,8001,51,Vaccinated,Low
23.2,63.8,0.042,0,377.9,9413,12,Vaccinated,Low
20.2,62.8,0.048,2582,472.7,3493,84,Vaccinated,Low
20.2,77.6,0.034,967,99.5,1139,29,Vaccinated,Low
18.9,55.6,0.007,0,856.6,10451,20,Vaccinated,Low
23.7,69.2,0.014,4510,634.1,6166,30,Vaccinated,Low
15.6,68.6,0.049,7406,1394.2,10474,67,Vaccinated,Low
26.3,71.4,0.025,908,149.1,1118,49,Unvaccinated,Low
22.2,59.4,0.038,5955,928.8,7384,61,Vaccinated,Low
32.9,50.4,0.033,0,989.3,9496,20,Vaccinated,Low
10.0,53.7,0.006,0,634.9,13833,4,Vaccinated,Low
21.5,74.6,0.005,2040,376.1,2841,61,Unvaccinated,Low
25.6,52.0,0.015,8508,1287.5,11053,86,Vaccinated,Low
14.1,67.2,0.039,3725,388.7,4706,33,Vaccinated,Low
27.5,76.8,0.006,1148,206.0,1560,50,Vaccinated,Low
29.7,51.3,0.028,5420,997.9,7646,58,Vaccinated,Low
21.6,37.6,2.673,2229,1235.3,13648,71,Vaccinated,High
19.1,75.3,0.05,2140,386.8,3069,45,Vaccinated,Low
23.0,75.6,0.015,4919,937.4,6798,68,Unvaccinated,Low
26.0,76.3,4.377,2823,826.8,11392,80,Vaccinated,High
24.7,64.4,0.008,0,619.1,6274,18,Vaccinated,Low
20.9,55.9,0.015,2758,378.0,3625,32,Vaccinated,Low
19.1,53.1,0.029,0,1236.7,12015,20,Vaccinated,Low
28.0,62.7,0.037,5826,891.7,8180,39,Unvaccinated,Low
21.2,92.1,0.029,9612,1384.2,11271,60,Vaccinated,Low
21.8,58.5,0.043,11560,2054.6,14925,86,Vaccinated,Low
25.5,59.7,0.326,3274,595.3,5116,46,Vaccinated,Medium
30.1,65.7,0.037,8981,1444.5,11937,49,Vaccinated,Low
29.2,77.3,0.006,1357,214.2,1610,52,Vaccinated,Low
18.2,38.7,0.034,11813,1480.2,14917,33,Vaccinated,Low
31.9,46.5,0.029,9537,1836.5,13135,52,Vaccinated,Low
19.9,71.8,0.027,1798,309.7,2481,82,Vaccinated,Low
18.1,60.4,0.013,0,118.7,1260,15,Vaccinated,Low
25.5,54.9,0.043,10304,1739.8,12659,77,Vaccinated,Low
21.5,63.0,0.042,4605,669.4,6305,29,Vaccinated,Low
27.9,56.1,0.043,1021,117.2,1203,38,Vaccinated,Low
25.5,33.3,0.181,9356,1428.7,12579,47,Unvaccinated,Medium
26.9,59.3,0.037,7835,1321.3,9819,75,Unvaccinated,Low
21.4,62.0,2.294,0,321.7,10408,7,Unvaccinated,High
16.2,72.9,0.006,0,1212.1,12572,19,Vaccinated,Low
17.5,62.4,0.044,2480,425.3,3184,51,Vaccinated,Low
25.3,57.9,0.04,794,157.9,1111,79,Vaccinated,Low
16.2,73.1,0.026,0,291.5,6436,12,Unvaccinated,Low
28.5,49.2,0.033,2893,500.3,3906,56,Vaccinated,Low
23.7,45.1,0.031,0,362.9,10127,8,Vaccinated,Low
22.0,64.5,0.025,8931,1583.1,11428,80,Vaccinated,Low
24.9,34.5,0.009,0,364.8,11192,5,Vaccinated,Low
30.1,55.9,0.02,5171,805.3,6527,59,Vaccinated,Low
33.1,42.8,0.029,0,283.0,6870,8,Vaccinated,Low
18.2,58.7,0.025,7045,1152.3,9951,83,Unvaccinated,Low
29.7,60.6,0.031,4793,824.1,6011,64,Unvaccinated,Low
20.5,64.4,0.028,1355,185.3,1773,39,Vaccinated,Low
17.4,43.2,0.014,5752,875.4,8491,24,Vaccinated,Low
26.5,50.2,0.024,11193,1447.0,14620,43,Vaccinated,Low
21.2,70.7,0.04,10011,1088.6,13069,35,Unvaccinated,Low
23.7,50.6,0.243,2211,341.1,3111,85,Vaccinated,Medium
10.0,39.5,0.129,3324,621.8,5666,69,Vaccinated,Medium
21.0,64.3,0.038,0,347.5,8844,14,Vaccinated,Low
30.4,53.8,0.008,6931,867.3,9251,25,Vaccinated,Low
18.7,62.9,0.019,4810,759.2,6503,85,Vaccinated,Low
20.7,49.4,0.042,9380,1272.1,12863,42,Vaccinated,Low
36.3,48.3,0.036,0,91.3,2211,3,Vaccinated,Low
22.5,39.8,0.05,5982,1139.7,8454,62,Vaccinated,Low
25.9,50.6,0.047,6782,1077.9,8535,53,Unvaccinated,Low
19.5,65.8,0.014,5586,740.8,6956,44,Vaccinated,Low
20.5,55.8,0.046,9925,1917.1,13516,53,Vaccinated,Low
19.9,48.2,0.035,2688,451.9,3567,85,Vaccinated,Low
17.6,40.0,0.032,10446,1410.2,13809,26,Vaccinated,Low
26.7,48.5,0.008,0,85.7,2070,11,Unvaccinated,Low
20.3,39.5,0.012,6265,1041.0,8317,61,Vaccinated,Low
16.5,66.1,0.013,10411,1009.8,12466,36,Vaccinated,Low
30.8,49.3,0.398,2566,475.7,3979,58,Vaccinated,Medium
21.9,56.3,0.046,0,412.7,13887,11,Vaccinated,Low
24.3,69.5,3.988,2480,568.6,11639,31,Vaccinated,High
18.9,52.4,0.05,6102,1125.5,8702,49,Vaccinated,Low
20.0,56.9,0.044,3002,546.1,4160,63,Unvaccinated,Low
13.3,54.1,0.038,2746,506.0,3901,48,Vaccinated,Low
24.2,65.5,0.005,5779,1124.8,8549,81,Vaccinated,Low
21.7,50.9,0.008,6771,786.5,9672,25,Vaccinated,Low
23.9,50.5,0.034,7436,1300.2,9880,74,Unvaccinated,Low
26.3,39.2,0.177,8545,1708.2,14508,45,Vaccinated,Medium
13.4,73.4,0.008,9792,1622.1,12732,58,Vaccinated,Low
25.3,61.9,0.026,7634,1007.0,9187,39,Vaccinated,Low
21.3,49.1,0.023,0,685.2,8408,20,Unvaccinated,Low
23.0,46.3,0.006,0,342.4,3830,20,Vaccinated,Low
17.5,68.1,0.049,6906,839.9,10000,36,Unvaccinated,Low
26.5,45.5,0.036,0,511.6,5740,19,Vaccinated,Low
32.0,71.9,0.212,3141,428.8,5618,44,Unvaccinated,Medium
27.5,62.4,0.169,3678,744.1,6120,82,Vaccinated,Medium
21.8,39.8,0.033,11545,1176.8,14429,32,Vaccinated,Low
20.1,68.3,0.008,0,187.3,5358,9,Vaccinated,Low
21.8,53.1,0.029,12144,1984.2,14514,80,Unvaccinated,Low
24.5,68.6,0.042,0,381.9,13016,8,Vaccinated,Low
27.5,43.8,0.273,0,50.6,1414,4,Unvaccinated,Medium
21.5,63.1,0.006,2047,220.2,2765,36,Vaccinated,Low
14.8,55.6,0.034,4971,913.1,7144,71,Vaccinated,Low
21.6,35.8,0.021,0,1022.7,12692,17,Vaccinated,Low
15.6,79.5,0.13,4680,830.5,7562,70,Vaccinated,Medium
25.2,49.0,0.023,8581,1545.6,12198,72,Vaccinated,Low
17.4,56.6,0.042,0,77.1,2113,6,Unvaccinated,High
17.8,60.3,0.02,9186,1620.8,13193,80,Vaccinated,Low
28.4,53.1,0.377,6701,1203.9,10885,84,Vaccinated,Medium
26.3,71.9,0.019,3332,540.9,4511,76,Vaccinated,Low
21.4,59.0,0.047,8528,1009.8,12795,42,Vaccinated,Low
27.3,54.3,0.133,703,86.3,1183,36,Vaccinated,Medium
19.7,67.8,0.036,1002,113.2,1366,39,Unvaccinated,Low
29.5,61.6,0.038,3699,569.8,4847,59,Vaccinated,Low
22.7,53.7,0.006,10538,1868.4,14606,60,Vaccinated,High
27.1,78.2,0.007,1300,218.7,1722,73,Vaccinated,Low
26.2,49.8,0.022,8489,1665.5,11790,48,Vaccinated,Low
17.2,65.5,0.045,9820,1567.2,12070,70,Vaccinated,Low
29.1,71.1,0.05,8649,1085.5,11366,21,Unvaccinated,Low
29.4,59.7,0.047,2641,359.4,3698,30,Unvaccinated,Low
15.4,36.8,0.045,0,666.7,13313,14,Vaccinated,Low
27.1,48.9,0.337,1155,211.4,2183,89,Vaccinated,Medium
21.0,53.4,0.014,0,83.4,2168,9,Vaccinated,Low
14.3,45.8,0.044,7898,1403.9,11072,76,Vaccinated,Low
21.9,41.5,0.029,5529,827.8,6751,88,Unvaccinated,Low
16.2,50.1,0.353,8144,1252.2,13272,44,Vaccinated,Medium
10.0,63.3,0.027,8730,1669.2,12421,73,Vaccinated,Low
17.0,50.1,0.015,2239,362.6,2796,88,Vaccinated,Low
23.0,50.9,0.036,9814,1669.9,13129,78,Vaccinated,Low
16.9,74.4,0.046,0,361.0,7918,9,Vaccinated,Low
24.5,76.3,0.329,6053,752.0,10345,24,Vaccinated,Medium
20.5,60.2,0.029,2301,407.1,3182,90,Vaccinated,Low
24.7,52.9,0.044,3578,370.7,4498,25,Vaccinated,Low
14.3,55.2,0.023,6454,1136.4,8826,66,Unvaccinated,Low
19.6,40.1,0.034,9886,1677.9,12902,48,Vaccinated,Low
13.5,55.6,0.046,5887,1012.6,8090,77,Vaccinated,Low
14.4,72.7,0.035,6588,1217.8,9379,63,Unvaccinated,Low
23.5,53.5,0.019,7242,1337.5,9470,79,Vaccinated,Low
22.3,51.6,0.045,10791,1237.1,14528,43,Vaccinated,Low
14.4,62.0,0.034,7853,1243.9,9892,71,Vaccinated,Low
17.8,49.1,0.266,6738,1047.2,9142,48,Vaccinated,Low
28.7,49.4,0.205,8577,1364.2,14303,33,Vaccinated,Medium
16.0,49.8,0.047,0,385.7,3967,16,Vaccinated,Low
15.7,63.5,0.033,0,413.6,10282,8,Vaccinated,Low
15.3,55.2,0.014,10563,1493.5,14775,31,Unvaccinated,Low
17.7,57.5,0.046,4254,646.7,5419,63,Vaccinated,Low
21.4,72.1,0.045,10532,2064.6,14919,50,Vaccinated,Low
17.6,56.7,0.025,8634,1435.8,12031,63,Vaccinated,Low
18.3,57.4,0.032,3053,462.9,3758,52,Vaccinated,Low
20.5,55.2,0.009,0,285.8,8409,3,Vaccinated,Low
18.2,63.6,0.007,3858,640.0,5257,62,Vaccinated,Low
22.6,60.7,0.208,6188,1252.4,11083,90,Vaccinated,Medium
29.1,70.6,0.037,1988,291.9,2511,80,Unvaccinated,Low
30.1,60.3,0.106,5386,849.5,8578,71,Vaccinated,Medium
21.4,75.1,0.007,7629,1094.3,10402,36,Vaccinated,Low
23.6,75.0,0.04,9832,1787.0,13357,51,Vaccinated,Low
25.5,56.5,0.039,2977,469.8,3734,65,Vaccinated,Low
23.8,50.0,0.026,0,1411.5,13431,18,Vaccinated,Low
27.1,42.8,0.025,1406,176.4,1841,32,Vaccinated,Low
16.5,52.1,0.313,9544,1576.2,14880,62,Vaccinated,Medium
18.3,55.3,0.031,6294,1161.1,8345,52,Vaccinated,Low
16.9,73.1,0.014,6971,1283.6,9978,73,Vaccinated,Low
23.0,67.9,0.046,3360,479.9,4186,54,Vaccinated,Low
10.0,77.3,0.045,1752,210.9,2082,29,Vaccinated,Low
17.7,61.7,0.036,7531,1398.7,10151,71,Unvaccinated,Low
27.4,37.4,0.042,4068,536.9,5459,43,Unvaccinated,Low
25.4,57.0,0.016,0,152.9,3510,13,Vaccinated,Low
20.6,54.6,0.05,9828,1450.0,13697,41,Vaccinated,Low
25.9,65.0,0.088,3350,549.5,4985,79,Unvaccinated,Medium
18.4,70.5,4.072,6011,818.4,14002,90,Vaccinated,High
27.5,53.2,0.268,8755,1040.9,14458,25,Unvaccinated,Medium
22.0,52.7,0.026,0,378.1,9435,13,Vaccinated,Low
11.9,64.3,0.007,8621,1446.9,11706,52,Vaccinated,Low
19.2,55.1,0.047,0,558.9,12841,10,Vaccinated,Low
31.9,55.4,3.864,1641,351.5,5956,27,Vaccinated,High
19.7,77.3,0.039,11049,1415.9,13840,42,Vaccinated,Low
26.8,60.5,0.013,1856,290.1,2527,63,Vaccinated,Low
12.5,52.3,0.047,0,223.9,6524,1,Vaccinated,Low
21.5,71.6,0.031,1168,231.6,1645,59,Vaccinated,Low
30.2,62.7,0.015,0,673.2,14961,5,Vaccinated,Low
25.0,85.9,0.027,1766,217.2,2246,36,Vaccinated,Low
24.4,57.8,0.009,5190,1030.7,7373,72,Vaccinated,Low
19.0,51.4,0.394,1912,452.9,3651,55,Vaccinated,Medium
21.5,84.8,0.287,8838,1002.9,14015,35,Vaccinated,Medium
31.3,53.2,0.05,3009,542.1,4101,70,Vaccinated,Low
26.0,41.9,0.036,2258,379.8,2696,66,Vaccinated,Low
19.3,59.0,0.047,8515,1324.8,10133,59,Vaccinated,Low
29.3,61.4,0.05,0,238.3,2396,18,Vaccinated,Low
19.7,69.4,0.162,878,174.2,1532,82,Unvaccinated,Medium
19.7,68.3,0.013,5074,769.3,6569,53,Vaccinated,Low
20.2,63.8,1.746,0,87.4,2857,13,Vaccinated,High
26.2,63.6,0.019,1731,303.6,2305,71,Vaccinated,Low
21.1,70.8,0.046,2055,326.8,2545,76,Vaccinated,Low
33.5,64.9,0.044,2501,301.7,3075,22,Vaccinated,Low
23.6,69.5,0.024,6449,760.4,8040,28,Vaccinated,Low
13.9,76.5,0.031,4034,699.7,5177,83,Vaccinated,Low
23.8,64.4,0.006,0,54.7,1762,10,Vaccinated,Low
19.5,70.3,0.034,10793,1562.5,12867,83,Vaccinated,Low
28.8,51.0,0.043,6315,1208.4,9026,63,Vaccinated,Low
10.0,57.7,0.019,4722,472.8,5643,36,Vaccinated,Low
21.7,64.9,0.034,3961,443.8,5417,21,Unvaccinated,Low
32.1,70.4,0.039,9389,1563.1,11785,67,Vaccinated,Low
21.9,84.0,0.027,3164,498.9,3997,81,Vaccinated,Low
17.7,77.7,0.22,2958,560.7,5455,76,Vaccinated,Medium
20.2,39.9,0.007,3842,635.8,4951,69,Vaccinated,Low
24.4,50.7,2.85,2597,652.9,9987,57,Vaccinated,High
23.1,47.2,0.016,4787,603.4,6583,31,Vaccinated,Low
25.5,57.3,0.047,10853,1828.3,14796,63,Vaccinated,Low
23.1,54.4,0.038,8769,1029.6,12402,22,Vaccinated,Low
26.4,81.8,0.012,3441,582.0,4696,80,Vaccinated,Low
36.8,53.0,0.042,7603,849.2,9733,23,Vaccinated,Low
22.7,76.2,0.018,8697,1294.9,10694,75,Vaccinated,Low
19.7,34.1,0.298,5206,675.0,7648,38,Unvaccinated,Medium
28.7,41.0,0.009,0,1142.3,13085,18,Vaccinated,Low
21.5,64.5,0.024,1376,218.4,1721,55,Vaccinated,Low
32.7,88.7,1.16,4505,975.6,14880,44,Vaccinated,High
17.0,63.2,0.006,0,458.2,14195,13,Vaccinated,Low
27.0,54.6,0.031,2306,369.8,2886,65,Unvaccinated,Low
22.1,52.8,0.007,10982,1103.4,13504,37,Vaccinated,Low
24.6,48.4,0.041,1766,328.8,2453,47,Vaccinated,Low
20.9,71.8,0.023,3018,516.8,3789,74,Vaccinated,High
22.3,49.2,0.038,11557,1737.6,13756,82,Unvaccinated,Low
26.3,37.6,0.023,6178,1097.8,8760,64,Vaccinated,Low
22.5,65.0,4.018,5086,647.7,12894,22,Vaccinated,High
27.3,59.2,0.033,1984,235.0,2705,40,Vaccinated,Low
30.9,54.1,0.044,3036,547.9,4057,52,Vaccinated,Low
25.5,61.3,0.022,4265,747.9,5761,66,Vaccinated,Low
25.1,65.4,0.05,2384,389.0,3199,60,Vaccinated,Low
19.0,67.1,0.095,2750,444.6,4183,68,Vaccinated,Medium
23.1,65.2,0.023,0,350.1,9919,7,Vaccinated,Low
23.9,67.9,0.028,0,59.5,1569,10,Vaccinated,Low
26.5,62.7,0.043,0,43.8,1137,2,Vaccinated,Low
24.3,86.7,0.046,5071,913.3,6469,61,Vaccinated,Low
26.6,81.2,0.159,0,500.4,6665,18,Vaccinated,Medium
18.3,62.5,0.02,1012,168.9,1432,76,Vaccinated,Low
27.2,45.1,0.016,2650,427.3,3130,67,Vaccinated,Low
25.7,55.3,0.039,0,236.7,2572,15,Vaccinated,Low
17.8,43.7,0.031,9978,1271.2,13208,28,Vaccinated,Low
17.3,65.4,0.02,9368,992.3,11177,27,Unvaccinated,Low
15.0,62.7,0.036,0,236.7,7675,6,Vaccinated,Low
31.1,54.6,0.05,8331,1299.6,10248,75,Vaccinated,Low
27.4,48.4,0.032,9192,1498.2,11255,54,Vaccinated,Low
23.9,61.7,0.04,7902,1014.2,9555,38,Vaccinated,Low
10.0,69.3,0.023,0,173.9,4119,14,Vaccinated,Low
30.0,57.6,0.006,0,488.9,12463,3,Vaccinated,Low
22.2,68.8,0.048,10557,1106.5,12868,30,Vaccinated,Low
11.9,63.4,0.012,0,596.0,14566,1,Vaccinated,Low
12.7,56.1,0.342,5171,837.2,8113,85,Vaccinated,Medium
25.8,69.5,0.04,2855,347.2,3387,25,Vaccinated,Low
25.0,82.3,0.01,2575,505.3,3690,62,Vaccinated,Low
20.9,63.3,0.311,6615,764.0,11025,43,Vaccinated,Medium
25.3,45.3,0.045,7630,1355.2,10543,57,Vaccinated,Low
25.8,51.2,0.039,2477,427.1,3289,52,Vaccinated,Low
26.3,67.5,0.029,2566,426.2,3637,73,Vaccinated,Low
24.2,42.3,3.898,1719,423.5,6147,46,Vaccinated,Low
17.4,64.0,0.021,3250,543.1,4585,55,Vaccinated,Low
26.6,47.8,0.009,3783,689.4,5335,76,Vaccinated,Low
21.7,46.3,0.013,1845,313.5,2664,51,Vaccinated,Low
22.4,63.6,0.031,11788,1861.7,14445,76,Unvaccinated,Low
26.1,68.8,0.029,9973,1844.8,13417,55,Vaccinated,Low
21.8,62.5,0.01,0,495.1,13104,3,Vaccinated,Low
29.1,57.0,0.015,6365,829.7,9134,31,Vaccinated,Low
27.2,58.8,0.038,0,286.4,6997,2,Vaccinated,Low
19.5,57.8,0.04,0,897.1,10349,18,Vaccinated,Low
20.0,66.0,0.018,4484,770.5,5731,70,Unvaccinated,Low
18.5,64.1,3.119,642,143.0,2376,37,Vaccinated,High
34.1,58.4,0.037,6877,870.2,8825,26,Vaccinated,Low
29.2,65.3,0.031,9064,1471.4,11217,74,Unvaccinated,Low
25.9,69.5,0.035,766,140.2,1010,52,Vaccinated,Low
11.0,69.9,0.026,6937,1042.5,8481,73,Vaccinated,Low
35.4,69.7,0.198,3111,556.7,5040,82,Vaccinated,Medium
14.2,51.8,0.353,8011,1447.9,12836,62,Vaccinated,Medium
25.7,81.0,0.027,8186,1572.0,11581,63,Vaccinated,Low
30.9,51.4,0.016,2187,385.5,2965,87,Unvaccinated,Low
18.7,42.3,0.038,4674,773.7,5811,59,Vaccinated,Low
10.0,71.4,0.041,963,149.1,1263,80,Vaccinated,Low
23.5,45.5,0.347,1652,353.4,2999,90,Vaccinated,Medium
21.3,44.1,0.025,4583,805.7,6421,72,Vaccinated,Low
16.9,68.3,0.04,4914,868.9,6526,86,Vaccinated,Low
26.7,56.0,0.007,0,132.8,2944,11,Unvaccinated,Low
17.2,76.9,0.171,6916,857.2,11606,30,Unvaccinated,Medium
19.6,65.2,0.033,8820,1452.4,11377,82,Vaccinated,Low
15.5,81.2,0.039,10427,1051.0,12310,29,Vaccinated,Low
10.0,82.2,3.845,1940,302.7,5717,27,Vaccinated,High
28.9,56.6,0.021,0,461.4,11224,12,Vaccinated,Low
23.7,49.9,0.049,0,503.5,12569,12,Vaccinated,Low
27.6,65.0,0.025,2796,485.0,3535,74,Vaccinated,Low
16.9,49.5,0.03,3125,505.1,3976,57,Vaccinated,Low
17.8,52.5,0.043,2662,419.3,3542,74,Vaccinated,Low
22.5,72.3,0.026,4478,844.2,6326,84,Vaccinated,Low
11.3,94.0,0.1,891,158.8,1320,74,Vaccinated,High
21.4,59.9,0.02,3121,504.7,3856,57,Vaccinated,Low
24.4,70.0,0.03,10467,1803.2,14309,87,Vaccinated,Low
22.3,62.2,0.037,8858,1546.0,12239,60,Vaccinated,Low
18.5,76.2,0.01,0,63.6,1997,6,Unvaccinated,Low
25.0,71.4,1.711,817,371.8,4441,74,Vaccinated,High
22.0,46.8,0.01,0,142.5,4216,1,Vaccinated,Low
21.2,65.6,0.011,6774,1013.3,8542,53,Vaccinated,Low
15.1,62.6,0.035,9772,1559.6,11841,68,Vaccinated,Low
18.9,55.4,0.031,10422,1166.7,13523,37,Unvaccinated,High
19.9,62.2,0.042,3075,547.5,4172,90,Vaccinated,Low
19.7,57.5,0.027,4882,832.4,6882,71,Vaccinated,Low
19.3,47.1,0.017,6440,1125.1,8065,55,Unvaccinated,Low
15.5,65.7,0.04,10010,1221.9,12638,37,Vaccinated,Low
10.0,59.2,0.1,3569,626.7,5670,55,Vaccinated,Medium
17.8,59.6,0.89,2150,584.4,7759,71,Vaccinated,High
25.3,58.7,0.009,2063,230.2,2772,44,Vaccinated,Low
25.1,61.6,0.021,4159,540.6,5919,26,Vaccinated,Low
14.2,69.6,0.046,815,98.5,1089,43,Vaccinated,Low
23.5,82.7,4.419,482,169.6,2293,46,Vaccinated,High
24.3,49.7,0.031,0,560.4,13371,9,Vaccinated,Low
23.5,64.6,0.042,9578,1776.6,12712,73,Unvaccinated,Low
23.6,65.9,0.03,8310,1000.6,11467,29,Unvaccinated,Low
21.7,29.3,0.014,0,247.2,5696,7,Vaccinated,Low
22.7,71.8,0.017,4642,803.8,5736,75,Vaccinated,Low
18.5,67.9,0.035,1419,244.5,1835,66,Vaccinated,Low
14.8,72.1,0.04,0,372.6,9941,11,Vaccinated,Low
26.3,77.9,0.049,0,410.8,8281,3,Unvaccinated,Low
26.0,72.2,0.031,2376,301.4,3264,21,Vaccinated,Low
19.8,59.0,0.043,0,514.6,14301,4,Vaccinated,Low
22.2,68.9,0.03,2011,320.9,2499,83,Vaccinated,Low
23.5,45.4,0.041,10690,1989.8,14892,62,Vaccinated,Low
18.1,61.8,0.377,7623,1013.9,11523,32,Vaccinated,Medium
24.4,63.7,0.033,0,345.6,11485,6,Vaccinated,Low
28.4,90.7,0.011,1628,266.9,2061,57,Vaccinated,Low
22.0,69.1,0.05,7494,1294.8,9727,90,Vaccinated,Low
19.8,76.4,0.021,0,91.7,2038,12,Vaccinated,Low
24.1,38.9,0.049,10827,1139.9,14447,27,Unvaccinated,Low
26.8,55.2,0.168,7658,1449.7,14599,90,Vaccinated,Medium
21.0,41.5,0.031,0,296.1,7587,9,Vaccinated,Low
27.8,61.2,0.028,0,654.7,12951,1,Vaccinated,Low
31.6,80.3,0.041,8447,1007.0,11199,24,Vaccinated,Low
23.9,71.2,0.041,6645,1080.3,9302,49,Vaccinated,Low
15.7,54.1,0.039,10957,1909.9,14841,88,Vaccinated,Low
13.8,51.1,0.599,0,719.5,11610,17,Vaccinated,High
30.0,57.6,0.012,4450,823.7,5894,68,Vaccinated,Low
22.3,38.4,0.014,6099,785.2,8259,44,Vaccinated,Low
25.7,54.4,0.02,3696,669.1,5228,52,Vaccinated,Low
18.1,32.4,0.027,2537,352.3,3625,24,Vaccinated,Low
17.0,68.7,0.05,0,44.8,1454,14,Vaccinated,Low
21.7,61.5,0.045,2351,361.5,2775,61,Vaccinated,Low
24.1,51.8,0.016,2363,441.4,3210,53,Vaccinated,Low
28.7,58.8,0.049,9287,1735.0,12952,50,Unvaccinated,Low
20.0,72.3,0.026,3799,661.1,4810,65,Vaccinated,Low
18.0,80.3,0.038,0,450.4,4171,20,Vaccinated,Low
18.9,71.3,3.97,977,410.0,7523,27,Vaccinated,High
23.4,78.2,0.007,0,465.0,12701,2,Vaccinated,Low
18.7,69.3,0.015,9189,932.5,10975,30,Unvaccinated,Low
21.0,60.3,0.018,1971,339.1,2701,66,Vaccinated,Low
25.1,64.5,0.278,6002,878.8,9711,27,Vaccinated,Medium
29.9,60.3,0.033,0,302.6,3020,19,Vaccinated,Low
23.2,79.3,0.01,0,1449.7,13720,20,Vaccinated,Low
18.8,46.2,0.028,0,169.5,4810,5,Vaccinated,Low
24.7,47.8,0.049,1994,367.7,2846,83,Unvaccinated,Low
24.7,58.5,0.033,0,373.3,3748,19,Unvaccinated,Low
14.8,68.1,0.081,5041,1083.8,8878,50,Vaccinated,Medium
22.1,59.4,0.034,1968,289.0,2393,76,Vaccinated,Low
26.8,49.6,0.048,0,573.7,13945,13,Unvaccinated,Low
15.1,73.4,0.368,922,142.5,1320,89,Vaccinated,Medium
19.5,47.5,0.022,3444,437.9,4683,37,Vaccinated,Low
26.4,56.8,1.436,2258,570.5,7191,69,Vaccinated,High
27.5,70.9,0.031,9213,1598.5,12175,85,Vaccinated,Low
13.9,66.4,0.065,1977,383.8,3174,56,Unvaccinated,Medium
19.6,59.6,0.027,0,621.7,7038,18,Vaccinated,Low
29.2,67.3,0.012,7329,1289.0,9877,87,Vaccinated,Low
25.0,63.5,0.007,8730,1159.9,12585,34,Vaccinated,Low
31.8,45.0,0.023,4925,962.3,7015,64,Unvaccinated,Low
22.3,80.3,0.008,7180,824.5,8700,23,Unvaccinated,Low
19.4,57.3,0.041,3653,666.4,5289,58,Unvaccinated,Low
13.8,49.5,0.038,0,436.2,12436,8,Vaccinated,Low
20.3,66.0,0.046,1541,256.3,1872,73,Vaccinated,Low
24.2,74.8,0.03,9433,1113.7,12655,42,Vaccinated,Low
19.2,60.4,0.041,0,736.5,8736,15,Vaccinated,Low
19.1,62.9,0.018,0,108.0,2158,5,Vaccinated,Low
23.7,44.7,0.03,5889,653.0,8173,33,Vaccinated,Low
29.4,90.0,0.046,4143,532.2,5118,39,Vaccinated,Low
19.4,58.4,0.033,1301,157.6,1777,43,Vaccinated,Low
23.8,45.4,0.036,0,649.5,14511,2,Vaccinated,Low
21.4,54.2,0.334,0,181.6,4826,13,Vaccinated,Medium
14.4,54.9,0.046,10025,1574.6,12251,90,Unvaccinated,Low
29.4,46.4,0.047,0,1249.9,11925,18,Vaccinated,Low
23.4,72.2,3.839,1799,870.7,12245,88,Vaccinated,High
26.4,57.2,0.008,1517,213.6,1811,46,Vaccinated,Low
17.5,55.2,0.009,0,471.4,13662,2,Vaccinated,Low
28.2,67.1,0.012,8007,963.8,11102,23,Vaccinated,Low
24.1,42.9,0.246,0,397.7,10463,2,Unvaccinated,Medium
23.9,70.3,0.019,9778,1287.6,12394,31,Vaccinated,Low
17.5,74.5,0.018,6660,1066.9,8511,49,Vaccinated,Low
25.1,51.4,3.65,4203,877.3,10382,90,Vaccinated,High
22.8,55.7,0.005,0,234.2,5002,1,Vaccinated,Low
19.1,64.7,0.007,6868,892.5,8479,43,Vaccinated,Low
21.4,51.3,0.036,0,1060.1,12374,19,Unvaccinated,Low
25.8,38.6,0.032,11652,1797.7,14126,45,Vaccinated,Low
28.1,62.4,0.015,7331,1315.4,10385,63,Vaccinated,Low
25.1,64.6,0.701,3555,1025.1,13281,60,Vaccinated,High
23.1,76.2,0.02,8870,1182.1,10893,28,Vaccinated,Low
23.1,62.0,0.035,9367,1533.0,12835,62,Unvaccinated,Low
24.3,65.5,0.038,0,437.3,4463,17,Vaccinated,Low
19.2,68.9,0.358,1105,141.6,1830,36,Unvaccinated,Medium
20.5,53.7,0.02,2049,333.2,2532,54,Vaccinated,Low
23.2,77.4,0.009,0,468.7,10577,13,Vaccinated,Low
10.0,95.0,0.07,1304,253.1,2212,61,Vaccinated,Medium
21.3,44.6,0.024,6327,794.5,7420,21,Unvaccinated,Low
20.9,67.4,0.258,2545,585.5,4831,90,Vaccinated,Medium
26.0,51.7,3.089,1160,396.8,7414,26,Vaccinated,High
12.2,61.7,0.235,0,1267.9,14664,16,Vaccinated,Medium
31.5,64.3,0.034,10478,1793.5,13041,64,Vaccinated,Low
16.6,51.7,0.035,5414,637.0,7230,34,Unvaccinated,Low
19.6,61.0,0.022,1300,204.6,1569,89,Vaccinated,Low
19.1,72.9,0.025,4645,867.5,6420,59,Vaccinated,Low
16.8,44.9,0.018,9369,1663.2,13729,65,Vaccinated,Low
22.4,49.2,0.022,8177,991.4,11130,40,Vaccinated,Low
26.4,36.0,0.122,720,134.2,1221,59,Vaccinated,Medium
17.0,70.1,0.024,7195,1303.2,9920,75,Unvaccinated,Low
26.6,59.8,0.047,1159,182.8,1491,69,Vaccinated,Low
27.2,60.2,0.045,4610,565.9,6215,21,Vaccinated,Low
13.4,68.5,0.031,10282,1794.8,14367,87,Vaccinated,Low
23.7,47.2,4.244,280,154.3,2014,83,Vaccinated,High
18.8,54.2,0.01,7533,1048.1,8927,88,Vaccinated,Low
22.7,70.5,0.021,3317,568.6,4565,51,Vaccinated,Low
35.5,68.9,0.021,2868,560.6,4055,74,Vaccinated,Low
26.2,65.1,0.005,9349,1443.9,11484,89,Vaccinated,Low
19.0,56.9,0.009,9400,1717.5,13809,46,Unvaccinated,Low
33.8,68.5,0.999,0,711.0,13909,16,Vaccinated,High
26.1,52.8,0.043,10824,1877.6,14494,71,Unvaccinated,Low
15.9,50.4,0.036,7299,767.2,8839,26,Unvaccinated,Low
29.1,73.4,0.013,10182,1826.4,13359,78,Vaccinated,Low
20.8,46.4,0.044,4467,580.8,6530,28,Vaccinated,Low
10.8,47.4,0.251,8502,1559.9,13992,63,Vaccinated,Medium
22.1,55.2,0.022,0,417.2,11831,8,Vaccinated,Low
19.7,42.1,0.392,4709,493.2,6923,41,Vaccinated,Medium
23.8,62.5,0.025,0,220.8,5450,3,Unvaccinated,Low
23.5,75.0,0.012,0,430.6,14163,1,Vaccinated,Low
31.2,58.2,4.32,4936,779.0,12738,56,Vaccinated,High
21.1,70.1,0.029,10379,1867.1,14072,78,Vaccinated,Low
24.5,68.3,0.035,3072,598.7,4407,81,Vaccinated,Low
26.6,62.4,0.037,2287,352.2,2983,76,Unvaccinated,Low
22.0,58.0,0.024,9268,1507.4,11901,56,Vaccinated,Low
20.0,44.9,0.024,0,213.6,6416,5,Vaccinated,Low
23.5,65.2,0.032,8248,1477.7,11403,73,Vaccinated,Low
18.4,88.0,0.031,6381,966.9,7775,87,Vaccinated,Low
27.4,40.3,0.019,4503,490.5,5891,43,Vaccinated,Low
18.5,70.5,0.035,10086,1365.3,14660,34,Vaccinated,Low
24.5,68.5,0.031,8041,1450.6,10919,62,Vaccinated,Low
21.5,70.3,0.021,9980,1703.3,13455,74,Vaccinated,Low
18.1,71.6,0.015,0,245.7,3161,17,Vaccinated,Low
25.7,61.5,0.033,0,328.2,6828,14,Vaccinated,Low
31.3,72.4,0.017,0,288.6,8049,11,Vaccinated,Low
22.5,49.2,0.007,3350,566.5,4650,70,Unvaccinated,Low
16.9,67.5,0.035,0,125.3,2765,3,Vaccinated,Low
16.5,54.2,0.034,7461,1372.5,10046,84,Vaccinated,Low
11.3,48.2,0.048,0,138.0,4085,5,Vaccinated,Low
20.9,79.2,0.014,4288,706.2,5592,55,Vaccinated,Low
19.0,50.5,0.035,2556,293.2,3202,43,Vaccinated,Low
23.4,68.6,0.034,2817,395.1,3326,62,Vaccinated,Low
25.3,46.7,0.007,8564,959.8,10111,34,Unvaccinated,Low
20.1,73.3,0.03,0,643.7,14060,3,Unvaccinated,Low
24.3,71.4,0.047,6637,1057.1,8803,83,Vaccinated,Low
26.7,45.4,0.019,0,685.2,8220,20,Unvaccinated,Low
20.1,65.4,0.013,5191,892.7,6623,50,Vaccinated,Low
29.8,84.6,0.049,0,148.4,1772,16,Vaccinated,Low
30.2,82.2,0.033,7071,765.9,8941,38,Vaccinated,Low
17.9,66.8,0.006,1926,368.3,2792,64,Vaccinated,Low
24.2,68.9,0.036,8826,1234.1,12224,34,Vaccinated,Low
11.5,60.0,2.358,0,306.1,14656,3,Unvaccinated,High
29.2,41.9,0.037,9359,1483.5,12192,49,Vaccinated,Low
21.0,58.0,0.046,9151,1212.9,13141,41,Vaccinated,Low
12.9,80.6,0.084,2014,420.8,3322,78,Vaccinated,Low
29.4,56.4,0.012,4998,581.7,6205,41,Vaccinated,Low
20.4,49.8,0.009,1361,202.2,1700,56,Vaccinated,Low
24.0,65.0,0.349,3459,599.3,5466,74,Unvaccinated,Medium
25.9,76.7,0.018,0,962.2,11858,15,Vaccinated,Low
22.5,54.3,0.005,5405,636.0,6352,34,Vaccinated,Low
21.0,61.9,0.018,8962,1589.8,11457,68,Unvaccinated,Low
19.9,68.0,0.086,1674,223.0,3118,28,Vaccinated,Medium
24.9,79.9,0.009,7829,1013.8,9714,28,Unvaccinated,Low
23.4,66.4,0.006,8421,941.3,11042,36,Vaccinated,Low
16.2,52.6,0.013,0,391.6,12570,1,Vaccinated,Low
29.6,78.4,0.033,11035,1145.5,14264,23,Vaccinated,Low
25.7,70.4,0.045,5992,832.9,8145,32,Unvaccinated,Low
22.1,66.7,0.03,0,625.7,13238,11,Vaccinated,Low
28.7,52.1,0.244,0,358.8,4110,20,Vaccinated,Medium
29.5,42.8,0.047,3064,501.7,4061,60,Vaccinated,Low
33.0,41.2,0.351,4087,895.6,7922,81,Unvaccinated,Medium
21.3,48.6,0.018,0,742.4,7713,15,Vaccinated,Low
24.8,82.7,0.033,0,1172.8,12734,20,Vaccinated,Low
18.7,88.3,0.017,6807,777.1,8343,27,Vaccinated,Low
21.1,55.6,0.209,6670,1191.7,10491,78,Unvaccinated,Medium
24.1,52.0,0.008,4991,796.0,6029,88,Vaccinated,Low
18.7,73.9,0.041,6908,699.1,8570,32,Vaccinated,Low
25.0,74.9,0.013,0,296.9,6177,2,Unvaccinated,Low
15.4,71.1,0.017,2270,439.5,3286,59,Vaccinated,Low
25.8,69.4,0.03,7346,1314.4,9841,74,Vaccinated,Low
16.6,58.3,0.684,1539,724.3,10065,45,Vaccinated,High
20.4,57.4,0.042,11142,1926.0,13755,77,Vaccinated,Low
32.2,60.8,0.071,1169,202.1,1848,65,Unvaccinated,Medium
14.2,41.8,0.03,3998,596.6,5446,38,Vaccinated,Low
23.7,59.3,0.047,0,283.4,3322,17,Vaccinated,Low
23.8,68.1,0.019,3306,577.1,4530,82,Vaccinated,Low
22.4,59.8,0.021,0,122.4,3797,13,Vaccinated,Low
18.1,35.5,0.027,0,402.8,10763,8,Vaccinated,Low
24.3,66.4,0.035,9457,1124.3,12985,32,Vaccinated,Low
19.7,56.4,1.734,731,206.1,2894,65,Unvaccinated,High
20.6,57.3,0.01,8386,1173.0,11463,28,Vaccinated,Low
18.4,70.4,0.029,7252,1237.2,10356,59,Vaccinated,Low
15.7,58.4,0.013,9892,1260.0,12278,26,Vaccinated,Low
27.0,56.0,0.019,971,104.2,1157,37,Vaccinated,Low
14.1,71.6,0.018,10982,1734.6,14201,66,Vaccinated,Low
22.8,55.1,0.031,8332,1475.6,10707,51,Vaccinated,Low
25.1,64.4,0.027,8199,1434.5,10987,76,Vaccinated,Low
25.8,56.1,0.018,0,134.1,3682,13,Unvaccinated,Low
27.3,63.0,0.042,4616,790.2,5874,80,Vaccinated,Low
16.5,66.4,0.043,0,1013.7,9492,15,Vaccinated,Low
34.9,58.9,0.031,8321,900.7,9854,25,Vaccinated,Low
19.3,51.6,0.02,11337,1295.3,14022,27,Vaccinated,Low
32.5,89.0,3.021,1177,537.9,9055,69,Unvaccinated,High
30.8,32.7,0.019,8132,1337.5,10179,55,Vaccinated,Low
20.2,51.5,0.04,10802,1603.4,13596,86,Vaccinated,Low
20.3,56.5,0.029,6111,721.1,8771,40,Vaccinated,Low
17.4,38.3,0.029,2278,280.6,3222,39,Unvaccinated,Low
25.2,51.9,0.062,4742,713.0,6712,66,Vaccinated,Medium
23.6,63.7,0.022,1878,325.1,2480,47,Vaccinated,Low
24.9,59.3,0.032,5357,795.4,7223,38,Vaccinated,Low
10.6,64.1,0.297,2494,455.4,3901,67,Unvaccinated,Medium
20.9,61.1,1.071,3386,608.7,11400,39,Unvaccinated,High
24.8,61.4,0.047,7921,1102.7,11383,34,Vaccinated,Low
30.3,46.4,0.033,10187,1679.2,13389,85,Vaccinated,Low
25.0,45.3,0.006,10820,1391.7,12582,31,Vaccinated,Low
32.1,46.2,0.029,10291,1609.6,13411,50,Vaccinated,Low
24.5,51.5,0.015,7982,716.5,9388,29,Vaccinated,Low
18.9,49.7,1.548,3963,626.9,9399,82,Vaccinated,High
19.7,72.6,0.03,10604,1552.6,12864,84,Unvaccinated,Low
21.6,37.4,0.029,1572,254.5,1974,80,Vaccinated,Low
21.0,82.4,0.009,3555,678.0,5190,74,Vaccinated,Low
20.9,57.0,0.04,2100,309.3,2625,89,Vaccinated,Low
16.2,55.9,0.026,0,1094.2,12820,18,Vaccinated,Low
30.9,49.2,0.034,2381,263.9,3237,43,Vaccinated,Low
21.7,57.4,0.016,9566,1822.9,13177,66,Vaccinated,Low
23.3,72.6,0.049,0,745.1,9126,15,Vaccinated,Low
18.8,55.9,0.011,0,1451.3,13886,17,Vaccinated,Low
12.5,71.7,0.014,7604,903.6,10557,35,Vaccinated,Low
15.2,83.4,0.011,6482,1229.2,8705,53,Vaccinated,Low
14.0,69.8,0.029,0,149.6,1607,17,Vaccinated,Low
26.4,65.5,0.024,7371,1332.8,10939,69,Unvaccinated,Low
17.8,29.1,0.252,3941,689.9,6111,59,Vaccinated,Medium
13.0,69.9,0.391,0,205.4,5927,6,Unvaccinated,Medium
19.4,57.6,0.01,10743,1413.9,14657,26,Unvaccinated,Low
26.1,52.7,0.016,892,91.8,1159,22,Vaccinated,Low
18.4,65.4,0.036,0,210.0,2474,16,Vaccinated,Low
31.0,57.1,3.681,1818,934.6,12030,69,Vaccinated,High
21.8,80.1,0.01,8034,1236.4,9972,55,Vaccinated,Low
13.2,69.8,0.255,1392,204.0,2395,41,Vaccinated,Medium
17.4,67.5,0.022,0,492.3,11890,2,Vaccinated,Low
27.5,81.7,0.232,7979,1184.9,12535,35,Vaccinated,Medium
28.5,45.3,0.036,0,107.7,1018,20,Unvaccinated,Low
28.9,54.1,0.271,4163,833.5,6873,82,Vaccinated,Medium
21.3,41.9,0.018,2306,391.4,2903,88,Vaccinated,Low
18.6,53.8,0.359,0,182.1,4589,8,Vaccinated,Medium
21.0,37.6,0.022,8085,1317.8,10302,81,Vaccinated,Low
16.1,74.0,0.21,8357,1282.7,12968,34,Vaccinated,Medium
22.0,63.3,0.012,0,386.2,11191,12,Vaccinated,Low
22.4,55.8,0.035,6195,1103.4,9047,53,Vaccinated,Low
26.2,55.9,0.041,9758,1772.0,14258,50,Vaccinated,Low
14.9,50.7,0.011,3070,540.1,4402,47,Unvaccinated,Low
29.8,49.2,0.032,9727,1704.3,13106,49,Vaccinated,Medium
19.3,88.1,0.027,9047,1454.9,11812,89,Vaccinated,High
19.5,62.5,0.013,6196,652.2,8029,30,Unvaccinated,Low
12.9,56.5,0.864,2506,584.4,7638,52,Vaccinated,High
23.9,51.1,0.303,6498,1101.8,12898,24,Vaccinated,Medium
15.9,77.9,0.858,4713,804.0,12450,26,Unvaccinated,High
27.2,58.0,0.01,2452,282.7,2913,31,Vaccinated,Low
24.6,62.4,0.029,9259,1715.6,12202,79,Unvaccinated,Low
20.3,45.1,0.044,5096,620.0,6582,29,Vaccinated,Low
17.0,64.4,0.012,1583,206.0,1921,30,Vaccinated,Low
21.9,50.6,0.024,3608,717.8,5117,62,Vaccinated,Low
20.2,75.1,0.035,8768,1536.2,12038,71,Vaccinated,Low
21.0,72.1,0.035,0,299.0,3658,16,Unvaccinated,Low
20.3,73.4,0.011,0,251.5,6841,9,Vaccinated,Low
26.7,73.7,0.031,0,531.4,5885,19,Vaccinated,Low
27.1,55.1,0.008,0,178.4,4610,4,Vaccinated,Low
24.9,67.9,0.02,6670,1209.5,10012,50,Unvaccinated,Low
28.1,66.6,0.04,10264,1366.0,13469,36,Vaccinated,Low
20.4,51.3,0.02,0,1164.3,13532,15,Vaccinated,Low
27.0,50.9,0.025,1396,242.3,1747,86,Vaccinated,Low
19.8,72.6,0.039,0,135.2,3315,5,Vaccinated,Low
24.4,59.6,1.243,2577,797.1,8883,86,Vaccinated,High
22.8,69.2,0.045,6050,1044.9,8520,86,Vaccinated,Low
20.7,59.5,0.02,0,534.1,5107,18,Unvaccinated,Low
14.2,47.7,0.032,5349,1008.4,7841,89,Vaccinated,Low
23.0,46.3,0.005,7994,1306.3,9574,51,Vaccinated,Low
21.2,80.6,0.04,3393,542.6,4277,74,Vaccinated,Low
23.5,66.6,0.031,6930,1165.4,8760,65,Vaccinated,Low
12.7,41.3,0.086,5763,699.1,8812,27,Vaccinated,Medium
21.3,49.0,0.151,0,323.2,9057,14,Vaccinated,Medium
25.7,69.9,0.008,4985,629.9,7140,23,Vaccinated,Low
24.9,75.7,0.036,924,138.6,1316,28,Vaccinated,Low
27.7,53.6,0.018,3188,384.5,4007,33,Unvaccinated,Low
30.5,56.2,0.033,0,496.1,10221,5,Unvaccinated,Low
17.6,43.6,0.034,3600,584.6,4587,78,Unvaccinated,Low
20.9,72.2,0.021,10072,1567.9,12772,54,Vaccinated,Low
22.1,77.5,0.046,0,393.0,8416,1,Vaccinated,Low
16.6,61.5,0.021,3304,586.8,4902,80,Vaccinated,Low
26.0,70.2,0.037,0,172.6,1667,20,Vaccinated,Low
25.7,75.5,0.044,7693,1130.7,9262,71,Vaccinated,Low
19.4,73.1,0.031,10977,1800.2,14301,69,Vaccinated,Low
21.1,58.0,0.065,5770,1197.9,10849,79,Vaccinated,Medium
27.2,62.2,0.009,5877,766.5,8342,44,Vaccinated,Low
23.8,36.6,2.983,976,507.1,8757,41,Vaccinated,High
27.0,52.3,0.02,8673,1359.3,11810,69,Vaccinated,Low
16.8,59.3,0.032,0,375.6,11483,14,Vaccinated,Low
30.1,30.1,0.037,0,290.6,3151,20,Vaccinated,Low
26.5,41.4,0.048,900,120.6,1121,39,Vaccinated,Low
16.6,61.2,0.237,1554,303.9,2560,46,Vaccinated,Medium
27.9,59.2,0.017,10440,1703.4,13104,70,Vaccinated,Low
13.3,51.9,0.039,11465,1761.5,13781,82,Vaccinated,Low
21.0,33.2,0.091,7452,1300.0,13401,39,Unvaccinated,Medium
25.8,66.3,0.025,7747,857.6,10394,23,Vaccinated,Low
28.2,79.6,0.008,0,631.4,14748,7,Vaccinated,Low
22.4,66.9,0.026,5028,688.6,7074,26,Vaccinated,Low
21.6,49.4,0.021,0,232.1,7848,8,Vaccinated,Low
20.8,58.2,0.394,2539,407.4,4274,35,Vaccinated,Medium
25.0,34.8,0.026,3877,493.7,5243,37,Vaccinated,Low
19.8,75.1,0.042,0,643.4,13321,5,Vaccinated,Low
22.2,59.7,0.013,0,304.7,6573,13,Vaccinated,Low
24.5,59.9,0.041,4414,563.1,6040,35,Vaccinated,Low
20.6,68.2,3.253,771,277.1,3711,46,Vaccinated,High
19.2,30.7,0.013,780,130.7,1052,77,Vaccinated,Low
21.8,63.7,0.023,8277,843.8,10528,29,Vaccinated,Low
19.8,68.8,0.04,3550,555.2,4477,59,Unvaccinated,Low
31.9,46.2,0.01,9173,1747.9,13231,78,Vaccinated,Low
17.3,57.8,0.025,7160,1408.2,10209,50,Vaccinated,Low
20.8,78.4,0.024,6258,1117.3,8209,86,Vaccinated,Low
20.8,58.2,0.041,904,151.0,1264,66,Vaccinated,Low
27.5,75.3,0.038,10199,1319.0,14323,22,Vaccinated,Low
23.8,66.9,0.03,4102,768.9,5959,74,Vaccinated,Low
21.0,74.9,0.013,0,95.2,2002,9,Unvaccinated,Low
29.2,62.2,0.014,8014,1381.3,10283,69,Vaccinated,Medium
23.1,62.1,0.029,12017,1522.8,14473,40,Vaccinated,Low
26.5,64.5,0.049,4789,611.6,6354,39,Vaccinated,Low
17.8,73.0,0.04,6680,1268.6,9824,57,Vaccinated,Low
21.4,56.5,0.022,0,520.2,12113,10,Unvaccinated,Low
23.7,36.6,0.046,5062,902.5,6631,83,Vaccinated,Medium
23.0,62.8,0.028,0,553.7,13692,6,Unvaccinated,Low
18.6,63.0,0.043,1576,269.2,2074,59,Vaccinated,Low
23.0,63.7,0.008,7040,1198.9,9317,85,Vaccinated,Low
16.7,57.7,0.066,0,616.6,7305,15,Vaccinated,Medium
29.3,90.2,0.041,10990,1299.4,14180,23,Vaccinated,Low
18.3,69.9,0.047,10370,1722.6,14456,63,Vaccinated,Low
19.6,66.5,0.316,3893,561.1,5362,73,Vaccinated,Medium
11.9,39.6,0.329,3557,764.5,6766,46,Vaccinated,Medium
22.5,77.9,0.022,8705,1327.4,12496,35,Unvaccinated,Low
16.7,65.7,0.008,0,292.5,8010,5,Vaccinated,Low
16.7,57.2,0.005,9295,1054.1,11921,23,Vaccinated,Low
27.4,61.3,0.044,3085,355.4,3898,25,Vaccinated,Low
19.5,63.6,0.016,11405,1742.7,13795,56,Vaccinated,Low
21.1,71.5,0.036,0,366.8,3535,17,Vaccinated,Low
27.6,64.0,0.047,0,405.1,13238,9,Vaccinated,High
22.0,66.1,0.029,10409,1931.4,14296,74,Vaccinated,Low
25.6,45.1,0.006,0,1381.0,12424,18,Vaccinated,Low
23.4,73.9,0.049,0,657.9,14113,14,Unvaccinated,Low
28.6,65.8,0.016,1133,212.8,1556,84,Vaccinated,Low
27.3,59.8,0.008,7581,892.4,10369,43,Vaccinated,Medium
18.9,57.4,0.039,6374,1177.8,9031,64,Vaccinated,Low
22.9,48.0,1.693,2914,878.1,13193,75,Vaccinated,High
20.9,76.2,0.049,7908,1414.8,10010,78,Vaccinated,Low
15.0,65.4,0.016,10354,1863.9,13736,78,Vaccinated,Low
22.8,78.4,0.043,3283,367.6,4155,33,Unvaccinated,Low
21.9,29.4,0.045,0,967.6,11918,15,Vaccinated,Low
23.1,63.0,0.038,8870,1332.3,10899,70,Vaccinated,Low
24.9,43.5,0.009,4227,747.2,5566,81,Vaccinated,Low
19.7,64.1,4.132,3657,932.0,12835,31,Vaccinated,High
17.3,62.1,0.298,7421,1197.8,10914,72,Vaccinated,Medium
20.8,61.7,0.041,0,162.1,4643,11,Vaccinated,Low
29.8,67.0,0.018,9718,1531.9,11751,52,Unvaccinated,Low
14.9,75.5,0.024,0,1276.1,12123,18,Vaccinated,Low
17.9,68.5,0.006,2350,408.6,3167,53,Vaccinated,Low
29.2,47.9,0.042,11106,1752.2,14319,72,Vaccinated,Low
29.7,61.8,0.973,953,471.6,8027,35,Vaccinated,High
19.6,72.3,0.044,1112,184.5,1381,78,Vaccinated,Low
18.2,64.5,0.048,7572,1145.3,9739,56,Vaccinated,Low
22.1,71.1,0.015,5093,693.8,6396,29,Vaccinated,Low
26.0,39.8,0.022,2627,474.6,3750,77,Vaccinated,Low
20.8,57.8,0.021,8308,1201.5,9876,55,Vaccinated,Low
18.5,56.0,0.022,3461,574.8,4774,87,Vaccinated,Low
15.9,40.9,0.019,7881,1139.4,10292,34,Vaccinated,Low
24.5,54.8,0.031,0,393.1,10382,11,Vaccinated,Low
21.9,62.0,0.026,4113,514.3,4851,25,Unvaccinated,Low
22.5,61.6,0.016,0,484.8,14128,12,Vaccinated,Low
21.2,42.6,0.007,8177,1531.6,10891,90,Unvaccinated,Low
14.4,64.2,0.033,10765,1840.5,14171,59,Vaccinated,Low
10.8,50.7,0.027,2322,265.3,3239,31,Vaccinated,Low
20.0,28.5,0.02,6262,864.3,8917,43,Vaccinated,Low
25.1,54.1,0.039,0,74.5,1482,1,Vaccinated,Low
21.2,53.4,0.048,2271,423.6,3101,64,Unvaccinated,Low
18.1,33.4,0.033,0,364.3,8257,1,Vaccinated,Low
27.8,55.6,0.035,0,604.9,12926,5,Unvaccinated,Low
20.9,24.2,0.114,6087,811.7,9295,22,Unvaccinated,Medium
18.5,39.3,0.034,4970,843.2,6846,82,Vaccinated,Low
35.2,87.1,2.895,3807,940.7,12131,63,Vaccinated,High
29.8,67.8,0.025,0,202.4,6137,2,Unvaccinated,Low
33.2,62.0,0.02,7453,969.5,10674,33,Vaccinated,Low
20.4,50.8,0.046,3336,539.2,3989,88,Vaccinated,Low
29.0,41.6,0.388,4680,804.9,7515,60,Vaccinated,Medium
14.2,57.4,0.016,7809,970.6,9956,38,Vaccinated,Low
22.4,65.9,0.036,4376,645.3,5440,51,Vaccinated,Low
13.6,61.8,0.005,0,676.7,7471,16,Vaccinated,Low
23.2,49.6,0.02,6420,1154.7,8366,88,Vaccinated,Low
20.2,62.3,0.018,6380,1007.8,8704,56,Unvaccinated,Low
26.2,73.5,0.011,3057,394.1,3869,33,Vaccinated,Low
25.6,75.9,0.041,971,163.9,1278,66,Vaccinated,Low
20.5,64.9,0.044,10700,1835.0,14063,89,Vaccinated,Low
27.3,58.0,0.027,0,523.7,11452,9,Unvaccinated,Low
17.9,56.1,0.022,0,530.0,5402,15,Vaccinated,Low
17.8,81.9,0.031,905,162.3,1232,74,Vaccinated,High
16.4,54.0,0.039,8730,971.8,11108,33,Unvaccinated,Low
28.2,58.7,0.048,0,497.1,6114,20,Vaccinated,Low
24.4,60.1,0.04,6289,747.9,7969,35,Vaccinated,Low
12.6,67.4,0.026,5866,807.1,7885,21,Vaccinated,Low
14.9,69.0,0.009,3502,513.6,4153,90,Unvaccinated,Low
28.3,56.1,0.047,7086,1213.6,9861,65,Unvaccinated,Low
18.4,56.6,0.041,8373,1529.2,11234,65,Vaccinated,Low
18.5,58.4,0.025,8630,1450.5,11449,58,Vaccinated,Low
23.1,58.8,0.008,7622,1230.4,9923,70,Vaccinated,Low
20.4,62.1,0.014,9318,1563.5,13486,81,Vaccinated,Low
21.0,38.5,3.899,763,405.2,4896,76,Vaccinated,High
22.3,73.5,0.335,7553,1324.6,11601,70,Vaccinated,Medium
22.9,74.0,0.045,0,379.4,10764,5,Vaccinated,Low
25.5,59.0,2.463,5730,1222.5,14918,56,Vaccinated,High
19.7,71.1,0.043,2872,420.2,4129,44,Vaccinated,Low
16.6,51.8,0.035,9512,1232.0,12163,41,Vaccinated,Low
22.4,70.4,0.049,5061,971.4,7023,66,Vaccinated,Low
33.9,74.3,0.025,4983,867.3,6313,81,Vaccinated,Low
29.0,54.0,0.031,9799,1041.8,11466,39,Vaccinated,Low
19.2,55.2,0.044,6035,743.8,8000,39,Vaccinated,Low
16.6,46.6,0.037,9160,1562.1,12522,86,Vaccinated,Low
18.6,54.2,0.016,5108,755.5,5985,83,Vaccinated,Low
32.2,51.6,0.021,10784,1685.4,14020,50,Vaccinated,Low
20.8,65.7,0.047,0,1123.7,10990,15,Vaccinated,Low
24.3,48.5,0.018,4906,579.5,5912,36,Vaccinated,Low
23.5,71.2,0.047,4510,696.3,5728,86,Unvaccinated,Low
20.7,77.2,4.49,3568,752.3,10139,25,Unvaccinated,High
11.6,45.1,0.396,0,298.7,3202,17,Vaccinated,Medium
17.3,63.5,0.023,5534,943.6,7897,63,Vaccinated,Low
19.2,35.7,0.042,1502,242.8,2026,59,Vaccinated,Low
25.8,73.5,0.031,8071,1223.5,10299,75,Vaccinated,Low
20.2,67.5,0.014,0,716.2,14302,12,Vaccinated,Low
27.4,44.1,0.019,8785,1285.0,12195,33,Vaccinated,Low
11.6,37.4,0.26,7569,1324.4,12980,90,Vaccinated,Medium
20.5,56.8,0.022,4491,443.4,5676,32,Vaccinated,Low
23.0,72.0,0.013,4669,515.1,6112,27,Vaccinated,Low
23.7,60.9,0.043,0,98.3,2594,6,Vaccinated,Low
30.0,32.5,0.013,2266,428.2,3339,55,Vaccinated,Low
24.5,72.4,0.158,5209,939.1,9228,56,Unvaccinated,Medium
16.6,62.1,0.024,2006,239.5,2689,41,Vaccinated,Low
16.1,78.4,0.022,0,173.4,5552,5,Vaccinated,Low
17.8,60.9,0.034,10593,1654.1,13110,79,Vaccinated,Low
10.0,57.5,0.028,3866,637.0,4985,77,Vaccinated,Medium
21.3,39.2,0.046,8256,1400.7,10562,66,Vaccinated,Low
26.4,76.7,0.008,9215,1483.4,11188,61,Unvaccinated,Low
21.2,50.3,0.018,8530,1522.2,11478,66,Vaccinated,Low
19.1,65.3,0.275,3494,727.4,6206,86,Unvaccinated,Medium
21.9,53.7,0.044,9122,1657.8,12584,50,Vaccinated,Low
14.8,57.3,0.031,4904,558.4,6308,35,Vaccinated,Low
16.2,77.7,0.021,7431,1362.5,10670,82,Vaccinated,Low
23.8,49.6,0.08,8515,1056.4,11744,26,Vaccinated,Medium
27.5,54.2,0.157,7033,1306.1,11052,55,Vaccinated,Medium
19.8,69.5,0.018,5136,821.6,6297,83,Vaccinated,Low
29.5,55.0,0.05,10428,1622.0,13256,75,Vaccinated,Low
23.9,66.0,0.02,0,341.7,8539,12,Unvaccinated,Low
16.3,43.8,0.017,1898,272.2,2760,22,Vaccinated,Low
21.4,80.0,0.029,4303,431.8,5454,28,Vaccinated,Low
21.9,48.3,0.064,0,405.2,12933,8,Vaccinated,Medium
15.2,74.7,4.359,0,352.9,11775,11,Vaccinated,High
27.3,54.2,0.008,0,272.2,3365,16,Vaccinated,Low
20.9,66.6,0.228,1694,260.8,2575,63,Vaccinated,Medium
19.7,63.3,0.346,0,511.0,14887,3,Vaccinated,Medium
17.6,71.4,0.013,7192,1079.4,8939,90,Vaccinated,Low
17.2,63.3,3.34,1400,398.0,5942,79,Vaccinated,High
20.4,52.3,0.039,8084,1095.9,11844,24,Vaccinated,Low
29.0,63.0,0.046,0,345.0,8971,9,Vaccinated,Low
24.6,43.6,0.021,8604,1048.6,10795,29,Unvaccinated,Low
17.0,68.4,0.044,1737,313.8,2415,59,Vaccinated,Low
27.6,76.2,3.302,0,355.3,5496,15,Vaccinated,High
29.0,60.9,0.039,724,136.0,1056,82,Vaccinated,Low
23.6,51.4,0.006,0,1103.5,12798,15,Vaccinated,Low
22.8,68.1,0.099,3043,456.8,4155,46,Unvaccinated,Medium
25.0,72.4,0.021,4827,830.4,6221,57,Vaccinated,Low
10.0,72.0,0.039,2622,415.7,3091,70,Vaccinated,Low
20.6,72.9,0.034,6228,1188.2,8692,72,Vaccinated,Low
23.9,65.3,0.34,6219,1101.3,9154,72,Vaccinated,Medium
22.8,74.5,0.04,11653,1858.8,14467,52,Unvaccinated,Low
29.2,56.0,0.012,0,437.0,10435,1,Vaccinated,Low
20.4,50.2,0.007,0,472.0,12925,7,Vaccinated,Low
23.5,64.0,0.006,3506,577.0,4648,54,Vaccinated,Low
19.5,71.3,0.044,10869,1742.5,14908,51,Unvaccinated,Low
24.6,66.9,0.01,2907,360.8,3852,28,Unvaccinated,Low
28.6,57.0,0.016,5293,726.2,7294,23,Vaccinated,Low
18.5,36.1,0.192,3903,559.8,5769,46,Unvaccinated,Medium
23.5,48.3,0.105,8209,1316.8,12307,80,Vaccinated,Medium
19.3,55.1,0.005,4938,822.4,6884,88,Vaccinated,Low
23.5,41.5,1.105,3969,888.9,14746,30,Unvaccinated,High
24.0,59.3,0.013,3066,574.7,4467,48,Vaccinated,Low
18.3,60.5,0.038,5780,943.1,7169,87,Unvaccinated,Low
17.9,52.3,0.173,8970,1538.6,13773,45,Vaccinated,Medium
14.8,43.8,0.035,2196,403.2,2937,79,Unvaccinated,Low
19.6,58.1,0.009,2981,509.4,3896,85,Vaccinated,Low
21.6,65.1,0.011,9919,1571.4,12818,80,Vaccinated,Low
27.7,50.9,0.009,2317,394.5,3261,49,Vaccinated,Low
21.4,79.5,0.012,9363,1161.6,13229,32,Vaccinated,Low
22.0,62.7,0.037,8592,1443.3,11792,81,Vaccinated,Low
27.0,47.5,0.153,0,440.1,10340,10,Vaccinated,Medium
21.1,49.4,0.022,3038,495.5,3681,90,Unvaccinated,Low
21.4,65.2,0.049,10376,1231.5,14234,32,Vaccinated,Low
19.1,48.7,0.048,10683,1938.6,14338,74,Vaccinated,Low
21.2,58.1,0.015,0,238.7,2799,19,Vaccinated,Low
22.9,82.1,0.04,10859,1207.0,13740,28,Unvaccinated,Low
25.6,72.4,0.034,9804,1554.8,12456,86,Unvaccinated,Low
18.0,65.6,0.037,6250,1071.4,8418,72,Vaccinated,Low
15.0,83.3,0.024,863,136.8,1192,51,Vaccinated,Low
22.3,52.2,0.029,0,498.1,14462,7,Vaccinated,Low
22.7,67.2,0.023,6597,1130.1,8395,87,Unvaccinated,Low
22.9,44.1,0.012,8115,1538.1,11487,87,Vaccinated,Low
20.0,28.2,0.034,1533,226.7,1817,84,Vaccinated,Low
16.9,51.8,0.008,0,448.7,13408,5,Vaccinated,Low
16.5,59.1,0.668,0,241.2,11723,14,Vaccinated,High
19.9,72.8,0.375,4223,679.4,6206,49,Vaccinated,Medium
26.7,39.6,0.235,6669,1282.1,10933,68,Vaccinated,Medium
26.6,48.8,0.012,8457,1281.3,10359,61,Vaccinated,Low
20.6,63.2,0.037,8405,914.5,9786,27,Vaccinated,Low
18.6,57.6,0.027,8091,1343.5,10720,66,Vaccinated,Low
21.0,52.8,0.046,6015,1022.9,8008,71,Vaccinated,Low
17.7,82.1,0.236,2746,427.4,4636,33,Vaccinated,Medium
14.2,75.2,0.027,11731,1339.4,14405,25,Vaccinated,Low
19.4,67.7,0.005,10799,1688.6,13451,65,Vaccinated,Low
17.6,54.5,0.311,2379,281.8,3319,36,Vaccinated,Medium
23.3,51.2,0.023,8819,1400.6,11142,55,Vaccinated,Low
19.5,76.1,0.026,3329,418.8,4842,25,Vaccinated,Low
21.4,46.5,0.02,3788,540.8,5233,32,Vaccinated,Low
15.5,68.0,0.011,0,460.3,12503,13,Vaccinated,Low
30.7,51.0,0.021,3747,727.4,5286,60,Vaccinated,Low
28.8,33.5,1.331,956,198.5,2495,33,Unvaccinated,High
24.8,56.7,0.012,0,711.5,6977,19,Unvaccinated,Low
28.1,63.3,1.717,0,50.8,1645,5,Vaccinated,High
22.8,53.0,0.034,0,484.7,10653,4,Unvaccinated,Low
19.3,64.1,0.045,3010,424.1,4246,31,Vaccinated,Low
22.8,58.7,0.043,7637,1198.7,9623,77,Vaccinated,Low
13.8,62.7,1.55,2348,628.9,12452,36,Vaccinated,High
24.7,58.4,0.031,3224,525.1,3791,69,Unvaccinated,Low
19.1,33.1,0.024,5148,721.0,6693,29,Vaccinated,Low
16.7,67.5,0.023,8293,1299.6,10137,75,Vaccinated,Low
23.4,57.1,0.009,2398,414.5,3052,85,Vaccinated,Low
16.9,57.2,3.297,838,304.0,3816,76,Vaccinated,High
23.2,72.7,1.666,569,254.5,3769,24,Unvaccinated,High
21.8,50.8,0.03,9329,1378.3,11198,62,Vaccinated,Low
16.2,52.2,0.34,1282,195.2,2186,38,Vaccinated,Medium
20.6,70.2,0.282,5801,1058.0,9755,69,Vaccinated,Medium
22.4,73.6,0.033,8596,1151.5,11462,24,Vaccinated,Low
23.2,60.9,0.031,2681,370.2,3456,44,Vaccinated,Low
27.1,53.2,0.045,2767,301.6,3655,30,Vaccinated,Low
32.0,57.9,0.016,3739,577.9,5287,23,Unvaccinated,Low
12.2,52.5,0.046,6727,1244.0,9107,89,Vaccinated,Low
20.3,71.6,0.189,6124,729.9,9076,27,Vaccinated,Medium
33.2,60.6,0.035,7884,1018.3,9423,26,Vaccinated,Low
27.9,66.2,0.047,10717,1965.7,14633,64,Vaccinated,Low
23.5,64.4,0.05,9506,1933.4,14175,79,Unvaccinated,Low
26.0,71.2,0.012,4215,599.9,6006,41,Vaccinated,Low
23.9,47.2,0.391,7606,853.2,10887,26,Vaccinated,Medium
22.5,57.6,0.073,678,80.0,1078,31,Unvaccinated,Medium
17.6,54.0,0.04,3327,541.5,4030,72,Unvaccinated,Low
24.1,38.5,0.044,10903,1299.7,14638,43,Vaccinated,Low
20.7,63.9,0.015,10786,1842.4,14770,87,Vaccinated,Low
24.6,56.1,0.02,3779,674.8,5252,81,Vaccinated,Low
18.2,72.2,0.022,9380,1820.3,13531,54,Vaccinated,Low
25.0,46.9,0.034,6004,692.4,7933,22,Vaccinated,Low
25.8,67.8,0.008,1687,328.2,2373,78,Vaccinated,Low
26.2,36.1,0.035,8750,1303.5,11085,76,Vaccinated,Low
29.7,40.9,0.159,8114,1378.4,13704,68,Unvaccinated,Medium
18.3,65.1,0.04,1325,223.4,1756,87,Vaccinated,Low
16.3,61.5,0.045,3935,756.0,5797,76,Vaccinated,Low
30.0,38.0,0.036,2634,438.0,3568,86,Vaccinated,Low
26.5,52.2,0.009,0,202.0,6566,9,Vaccinated,Low
14.8,47.9,0.015,0,1057.3,11134,20,Vaccinated,Low
15.6,64.5,0.038,1033,177.3,1440,46,Vaccinated,Low
25.8,68.4,0.045,0,109.3,1096,17,Vaccinated,Low
23.6,58.4,0.017,1362,188.4,1905,22,Vaccinated,Low
20.1,65.1,0.009,9104,1429.1,12131,45,Vaccinated,Low
17.5,57.1,0.094,1011,149.2,1794,41,Vaccinated,Medium
23.7,68.5,0.023,7796,880.3,10014,26,Vaccinated,Low
21.8,57.5,0.019,7820,1490.8,11625,90,Vaccinated,Low
30.5,58.4,0.041,4183,710.6,5210,90,Vaccinated,Low
22.3,73.8,0.017,0,316.9,8516,1,Vaccinated,Low
14.2,63.8,0.025,5990,959.0,7478,45,Vaccinated,Low
18.6,68.8,0.047,2456,418.2,3316,55,Vaccinated,Low
34.0,43.1,0.035,7945,1301.6,9597,62,Vaccinated,Low
26.5,48.2,0.123,4869,616.7,7951,27,Vaccinated,Medium
20.9,56.3,0.028,5844,702.4,7810,34,Unvaccinated,Low
19.6,39.3,0.177,0,46.2,1048,4,Vaccinated,Medium
12.7,59.6,0.008,10188,1658.3,12582,77,Vaccinated,Low
21.5,46.4,2.646,616,188.7,2342,70,Vaccinated,High
19.4,71.1,0.042,11457,1834.2,14555,62,Vaccinated,Low
10.0,48.7,0.01,0,404.8,3641,18,Vaccinated,Low
25.6,57.5,0.009,6673,913.1,9069,28,Unvaccinated,Low
13.6,62.9,0.09,9205,1490.5,13203,54,Unvaccinated,Medium
28.3,75.5,0.01,0,375.1,10588,7,Vaccinated,Low
12.6,60.8,0.019,2205,278.4,2974,31,Vaccinated,Low
22.2,41.4,0.016,4561,769.1,5847,48,Unvaccinated,Low
23.1,67.9,0.008,4533,584.5,5562,28,Vaccinated,Low
24.1,43.0,0.021,6234,633.0,7897,23,Vaccinated,Low
28.4,61.7,0.034,4657,792.1,6143,50,Vaccinated,Low
14.9,65.1,0.01,2335,422.7,3221,81,Vaccinated,Low
21.1,69.9,0.024,1803,305.7,2522,54,Vaccinated,Low
17.2,71.4,0.27,748,113.4,1183,24,Unvaccinated,Medium
25.5,68.4,0.03,4055,510.6,5024,24,Vaccinated,Low
21.2,67.1,0.024,3769,627.8,5008,48,Vaccinated,Low
23.1,75.4,0.011,3311,584.5,4152,80,Vaccinated,Low
20.9,53.7,0.05,10435,1207.4,14511,23,Vaccinated,Low
28.5,51.9,0.022,7547,1327.4,10553,85,Vaccinated,Low
31.2,87.9,0.033,3045,484.1,4143,78,Vaccinated,Low
25.2,52.7,0.047,4386,716.9,5426,53,Vaccinated,Low
25.2,48.2,0.011,5854,978.4,8121,47,Vaccinated,Low
27.3,61.3,0.049,7262,1356.6,10463,45,Vaccinated,Low
19.6,72.9,0.017,7591,1328.7,10913,55,Vaccinated,Low
17.7,53.5,0.035,8069,1000.9,10645,44,Vaccinated,Low
21.1,88.5,0.043,0,338.5,8487,3,Vaccinated,Low
16.9,76.1,0.021,0,309.8,8214,11,Vaccinated,Low
25.4,59.7,0.013,1890,273.8,2254,70,Vaccinated,Low
22.1,73.7,0.041,5788,989.6,8126,74,Vaccinated,Low
26.5,58.0,0.041,4287,458.2,5330,23,Vaccinated,Low
24.6,49.2,0.041,8939,1217.5,12181,31,Unvaccinated,Low
23.8,60.3,0.322,8148,1503.3,13431,53,Vaccinated,Medium
25.6,86.0,0.039,10224,1663.2,14213,79,Vaccinated,Low
18.5,47.9,0.032,9612,1800.6,13244,55,Vaccinated,Low
17.7,56.9,0.025,2577,288.1,3466,26,Unvaccinated,Low
17.2,50.1,0.036,6786,1139.4,8562,55,Vaccinated,Low
30.0,70.8,0.037,6663,751.1,9124,34,Unvaccinated,Low
21.6,61.6,0.048,0,568.1,14530,4,Vaccinated,Low
20.2,75.8,0.008,8208,1309.8,10777,57,Vaccinated,Low
18.8,67.0,0.02,5569,1004.1,7701,48,Vaccinated,Low
28.6,55.2,0.08,0,883.9,12089,17,Vaccinated,Medium
25.7,60.1,0.009,8591,1566.3,11906,47,Vaccinated,Low
21.1,68.9,0.279,8413,1190.8,13903,36,Vaccinated,Medium
19.5,69.4,0.006,8180,1293.0,10560,53,Unvaccinated,Low
23.3,75.1,1.222,524,102.3,1274,68,Vaccinated,High
26.1,41.3,0.083,8487,1750.0,14732,62,Vaccinated,Medium
24.7,41.0,0.025,3401,537.3,4991,28,Vaccinated,Low
17.3,78.5,0.039,0,120.5,2689,3,Unvaccinated,Low
19.9,44.3,0.048,7323,1144.6,9141,62,Vaccinated,Low
20.6,42.6,0.041,7271,1163.3,9638,69,Vaccinated,Low
20.3,63.4,0.021,1656,214.1,2244,22,Unvaccinated,Low
27.3,63.5,0.127,3732,715.5,6096,69,Vaccinated,Medium
20.1,91.5,0.016,8748,1074.1,10940,23,Vaccinated,Low
19.1,53.2,0.014,6668,735.6,9437,41,Unvaccinated,Low
21.1,63.9,0.038,0,216.8,5863,2,Vaccinated,Low
20.6,65.6,0.045,5139,509.3,6125,41,Unvaccinated,Low
29.6,56.5,0.27,4213,838.1,7661,79,Vaccinated,Medium
19.3,72.8,0.041,5458,883.4,7265,83,Vaccinated,Low
24.3,74.7,0.033,0,573.4,12256,11,Vaccinated,Low
17.4,44.4,0.034,3011,592.4,4171,81,Vaccinated,Low
24.3,76.1,0.016,8041,1378.3,11277,59,Vaccinated,Low
17.6,39.0,0.013,5426,527.7,6483,24,Vaccinated,Low
26.2,48.4,0.034,10391,1971.3,14183,52,Vaccinated,Low
16.3,64.0,0.03,0,180.8,4346,5,Unvaccinated,Low
19.2,63.5,0.011,6182,974.3,7240,45,Vaccinated,Low
25.9,39.5,0.014,7611,1247.1,10109,49,Vaccinated,Low
26.5,81.6,0.039,11147,1206.0,13538,42,Vaccinated,Low
23.3,57.6,0.038,0,694.2,8217,17,Vaccinated,Low
17.7,61.9,0.043,10410,1811.8,14235,72,Vaccinated,Low
22.4,76.7,0.005,8379,1593.3,11871,85,Vaccinated,Low
19.1,42.9,0.032,7202,1168.5,9355,66,Vaccinated,Low
18.5,56.3,0.047,4457,692.1,5599,74,Vaccinated,Low
23.5,66.0,0.049,7587,1121.2,9240,90,Vaccinated,Low
23.8,55.3,0.008,9969,1775.1,13941,79,Vaccinated,Low
12.3,61.7,0.008,7634,1197.2,9673,77,Vaccinated,Low
23.5,62.1,0.04,7572,1360.8,10430,61,Vaccinated,Low
20.2,37.5,0.005,9956,1392.1,13554,33,Vaccinated,Low
18.6,47.5,0.006,7260,1158.0,9634,52,Vaccinated,Low
23.3,39.8,0.036,3785,730.8,5379,52,Vaccinated,Low
19.0,60.1,0.36,6919,1033.6,9695,45,Vaccinated,Medium
22.0,55.7,0.024,3448,566.6,4563,72,Unvaccinated,Low
21.7,92.2,0.032,9625,1590.2,13261,51,Vaccinated,Low
17.0,68.7,0.017,4293,529.0,5543,39,Vaccinated,Low
22.8,58.3,0.007,5099,764.9,6510,85,Vaccinated,Low
25.7,71.8,0.352,2245,496.2,4444,82,Vaccinated,Medium
10.0,55.0,0.077,7641,1338.0,13577,79,Vaccinated,Medium
23.3,78.5,0.027,3601,414.7,4747,37,Vaccinated,Low
18.2,69.3,0.044,2075,238.3,2701,29,Vaccinated,Low
28.2,84.0,0.032,7555,1309.5,9788,47,Unvaccinated,Low
25.2,72.9,0.038,2510,484.6,3545,68,Vaccinated,Low
20.3,66.8,0.016,4092,640.9,5122,52,Unvaccinated,Low
22.0,67.4,2.934,2892,396.4,9490,28,Vaccinated,High
25.9,44.5,0.031,0,582.3,14867,6,Vaccinated,Low
20.2,69.9,0.041,7843,836.8,9667,41,Vaccinated,Low
20.4,51.7,0.023,8595,1128.9,12089,32,Vaccinated,Low
18.5,50.0,0.007,1728,229.7,2398,28,Vaccinated,Low
19.5,49.1,0.025,3739,614.1,4714,56,Vaccinated,Low
20.7,87.8,0.042,9182,1524.1,12527,86,Vaccinated,Low
13.7,81.4,0.32,7381,1395.9,11967,54,Vaccinated,Medium
12.2,66.8,0.034,3505,420.3,4213,22,Vaccinated,Low
21.4,64.3,0.022,5991,758.6,7460,41,Vaccinated,Low
23.8,72.7,0.013,9504,1912.1,13656,89,Vaccinated,Low
13.6,36.6,0.094,6400,1304.3,11542,70,Vaccinated,Medium
23.8,52.8,0.123,1795,224.8,3204,22,Vaccinated,Medium
28.8,58.7,0.035,9932,1817.7,13742,51,Vaccinated,Low
14.6,57.8,0.009,8361,1302.3,10891,48,Vaccinated,Low
16.4,61.6,0.022,8876,1020.9,11760,39,Unvaccinated,Low
23.6,73.3,0.016,2186,361.1,2788,76,Vaccinated,Low
19.4,63.8,0.007,938,122.1,1253,30,Unvaccinated,Low
23.3,48.2,0.034,0,877.1,9926,19,Vaccinated,Low
25.0,41.4,3.331,612,338.8,3815,52,Unvaccinated,High
23.6,68.3,0.005,9018,958.7,10887,30,Unvaccinated,Low
20.7,66.0,0.009,4727,540.1,6538,33,Vaccinated,Low
19.0,69.5,1.382,645,233.6,2421,74,Vaccinated,High
20.6,38.6,0.047,7323,1116.8,8961,90,Vaccinated,Low
24.7,49.1,0.249,8637,1545.4,13464,82,Vaccinated,Medium
19.3,70.7,0.035,942,137.5,1153,50,Vaccinated,Low
12.3,78.4,0.049,3738,487.7,4699,23,Vaccinated,High
29.4,65.9,0.177,3318,567.1,5602,69,Vaccinated,Medium
27.2,74.9,0.01,11492,1663.0,13770,75,Unvaccinated,Low
15.0,56.9,0.012,6062,1064.5,8365,47,Vaccinated,Low
27.3,63.0,0.021,0,473.8,12146,4,Vaccinated,Low
31.4,41.5,0.026,8990,1440.3,10668,77,Unvaccinated,Low
27.6,56.9,0.045,5095,994.9,7137,60,Vaccinated,Low
22.8,63.8,0.036,5855,805.4,8172,31,Vaccinated,Low
17.1,53.6,0.02,3915,420.9,5132,36,Unvaccinated,Low
14.9,41.4,0.044,8673,943.6,10810,40,Vaccinated,Low
19.5,66.6,0.017,11364,1285.7,13777,44,Vaccinated,Low
25.2,48.6,0.049,6901,1055.1,8275,53,Vaccinated,Low
16.3,68.8,0.024,0,134.8,3956,6,Vaccinated,Low
28.1,66.8,0.042,2220,410.5,3158,70,Unvaccinated,Low
22.7,80.3,0.063,4228,543.0,7696,23,Vaccinated,Medium
13.7,47.7,3.224,703,199.1,2287,90,Vaccinated,High
18.2,51.9,0.038,4459,779.5,5875,47,Unvaccinated,Low
25.6,64.8,0.018,3821,544.6,5518,22,Vaccinated,Low
18.0,61.9,0.696,2770,598.8,9317,64,Vaccinated,High
22.5,37.5,0.038,6534,984.4,7575,63,Vaccinated,Low
23.2,65.2,0.252,994,178.9,1453,80,Vaccinated,Medium
22.1,42.4,0.046,8806,1056.5,10592,44,Unvaccinated,Low
28.5,72.6,0.329,1471,173.5,2364,37,Vaccinated,Medium
20.5,54.2,0.049,5966,794.1,7750,21,Vaccinated,Low
20.5,53.8,0.02,9426,1623.7,12604,60,Vaccinated,Low
21.7,53.3,0.044,5618,968.7,7166,47,Vaccinated,Low
23.4,55.6,0.037,3339,434.4,4709,35,Unvaccinated,Low
19.3,49.6,2.15,3141,543.0,8829,54,Vaccinated,High
23.8,45.3,0.046,10830,1876.6,14601,81,Unvaccinated,Low
16.9,51.3,0.025,896,144.2,1188,82,Vaccinated,Low
27.9,59.3,0.016,9808,1801.3,13479,83,Unvaccinated,Low
24.6,56.2,0.006,4081,736.4,5934,60,Vaccinated,Low
20.1,60.1,0.017,1555,294.3,2106,83,Vaccinated,Low
25.1,79.4,0.044,8267,1498.7,11145,64,Vaccinated,Low
15.9,33.3,0.05,5718,950.7,7557,76,Vaccinated,Low
17.6,40.9,0.045,4206,645.5,5065,66,Vaccinated,Low
18.6,46.2,0.042,0,322.6,3928,20,Vaccinated,Low
21.0,69.8,0.009,0,301.5,6311,10,Unvaccinated,Low
27.3,80.1,0.008,1566,239.5,1887,76,Unvaccinated,Low
21.8,71.4,0.045,3907,649.5,4810,66,Unvaccinated,Low
30.0,70.8,0.377,0,165.0,5160,9,Vaccinated,Medium
17.6,54.4,0.035,9465,1564.2,11351,84,Vaccinated,Low
21.4,51.3,0.035,0,119.3,3153,2,Vaccinated,Low
27.2,41.7,0.032,4478,478.9,6014,25,Vaccinated,Low
27.0,59.4,0.262,0,411.2,14919,7,Vaccinated,Medium
20.7,60.8,0.038,0,986.6,11755,15,Vaccinated,Low
16.0,54.3,0.022,5850,928.3,7888,77,Vaccinated,Low
12.0,73.6,0.021,0,510.5,14502,1,Vaccinated,Low
27.8,79.4,0.031,0,400.4,12869,4,Vaccinated,Low
17.3,45.9,2.239,1490,953.7,10954,71,Vaccinated,High
19.0,52.2,0.05,10616,1703.9,13498,63,Vaccinated,Low
15.8,70.5,0.016,3453,566.7,4432,76,Vaccinated,Low
25.1,62.3,0.03,4989,914.0,7201,64,Vaccinated,Low
20.6,46.2,4.474,2083,471.5,7143,38,Vaccinated,High
20.4,60.8,0.133,8888,1651.4,14871,64,Vaccinated,Medium
19.2,79.7,0.025,0,83.8,1973,4,Unvaccinated,Low
24.6,68.0,0.041,4069,655.3,5447,53,Vaccinated,Low
15.6,55.5,0.182,748,91.9,1068,22,Unvaccinated,Medium
15.8,39.5,0.031,7595,1220.8,9463,81,Vaccinated,Low
20.7,56.7,0.044,7668,1281.5,10563,72,Vaccinated,Low
17.3,52.0,0.026,0,856.8,10098,20,Vaccinated,Low
12.7,74.4,0.265,0,1118.7,14723,15,Unvaccinated,Low
20.2,43.2,0.095,768,122.3,1401,34,Unvaccinated,Medium
29.6,67.9,0.018,8018,1588.3,11777,87,Vaccinated,Low
30.3,56.4,0.034,0,366.4,9448,14,Vaccinated,Medium
22.0,62.1,0.022,0,268.9,8379,5,Vaccinated,Low
17.4,34.7,0.019,7372,815.3,9627,28,Vaccinated,Low
21.5,72.3,0.046,0,208.0,5403,7,Vaccinated,Low
17.6,54.7,0.008,3669,656.0,5045,78,Vaccinated,Low
25.9,57.7,0.399,0,178.1,4829,9,Unvaccinated,Medium
18.3,46.3,0.026,0,497.6,13891,13,Vaccinated,Low
28.6,60.4,0.016,8187,1480.6,11422,75,Vaccinated,Low
12.5,67.0,0.019,0,34.9,1064,10,Vaccinated,Low
22.3,74.2,0.042,1145,218.2,1605,57,Vaccinated,Low
18.5,58.6,0.019,0,235.8,5812,12,Vaccinated,Low
26.9,79.2,0.038,5512,859.8,6610,48,Vaccinated,Low
23.2,57.0,0.048,9108,1640.7,12382,75,Vaccinated,Low
29.4,45.6,0.046,8562,1085.4,10304,39,Vaccinated,Low
16.2,82.1,0.009,5233,882.7,6399,85,Vaccinated,Low
27.9,75.8,0.01,2240,424.1,3037,62,Vaccinated,Low
26.1,95.0,0.019,2358,370.2,2989,50,Vaccinated,Low
30.0,44.0,0.009,4885,751.1,5849,85,Vaccinated,Low
28.1,74.3,0.821,0,475.0,6278,17,Vaccinated,High
16.7,62.2,0.04,0,559.2,13285,8,Vaccinated,Low
22.6,71.6,0.042,1980,243.3,2437,30,Vaccinated,Low
21.8,53.4,0.047,7919,1317.6,10186,52,Vaccinated,Low
24.1,71.9,0.2,5087,614.5,6944,41,Vaccinated,Medium
25.2,86.1,0.039,0,314.9,7298,9,Vaccinated,Low
17.8,63.2,0.043,7440,795.1,9302,25,Vaccinated,Low
16.7,65.8,0.047,8698,1077.7,11790,23,Vaccinated,Low
25.0,83.5,0.025,6638,816.2,9523,36,Vaccinated,Low
21.4,62.4,0.021,0,203.3,4617,6,Unvaccinated,Low
24.0,59.3,0.021,8981,1348.3,11490,50,Vaccinated,Low
17.2,57.8,0.018,3752,603.3,4856,60,Vaccinated,Low
21.6,48.9,0.021,8011,1332.0,10302,63,Vaccinated,Low
18.2,64.0,0.023,0,1471.5,14371,19,Vaccinated,Low
28.5,83.0,0.048,0,720.4,7974,19,Vaccinated,Low
22.6,61.9,0.011,0,60.6,1501,2,Vaccinated,Low
14.5,69.4,0.015,0,345.5,3806,15,Vaccinated,Low
21.6,50.7,0.025,8013,1318.8,9925,45,Vaccinated,Low
25.1,44.4,0.033,5785,761.6,7480,42,Vaccinated,Low
14.3,48.7,0.015,3133,570.5,4407,89,Vaccinated,Low
19.1,56.9,0.044,4003,450.7,5499,26,Unvaccinated,Low
27.9,58.2,0.005,9352,1806.3,13854,55,Vaccinated,Low
24.2,68.9,0.035,5704,682.9,7405,34,Vaccinated,Low
23.1,78.9,0.031,0,399.2,9449,1,Unvaccinated,Low
20.3,55.9,0.035,0,470.5,4197,16,Vaccinated,Low
17.2,58.4,0.008,11154,1986.2,14720,71,Vaccinated,Low
17.9,66.1,0.042,10720,1679.5,13224,87,Unvaccinated,Low
15.5,60.7,0.048,7826,1356.7,10046,69,Vaccinated,Low
27.1,48.5,0.032,0,726.7,8715,16,Vaccinated,Low
21.1,67.9,0.026,7574,1405.8,10232,53,Vaccinated,Low
27.2,61.2,0.01,1693,316.9,2437,50,Unvaccinated,Low
23.3,51.7,0.233,4258,817.3,7208,67,Vaccinated,Medium
20.9,49.5,0.034,7074,904.6,9123,36,Unvaccinated,Low
21.0,41.6,0.035,4790,844.4,6379,90,Vaccinated,Low
19.5,64.1,0.026,9166,1414.8,11072,66,Vaccinated,Low
22.0,64.4,0.042,6950,878.0,8704,31,Vaccinated,Low
10.0,44.2,0.205,8807,1152.9,14106,40,Unvaccinated,Medium
10.0,66.4,0.014,6671,1084.9,8404,46,Vaccinated,Low
31.1,62.6,0.028,1409,235.7,1887,60,Vaccinated,Low
21.7,67.1,0.05,1720,277.8,2180,49,Unvaccinated,Low
23.5,69.1,0.015,1851,321.5,2538,88,Vaccinated,Low
27.9,62.7,0.039,1013,120.6,1223,31,Unvaccinated,Low
20.1,42.3,0.018,9438,1527.8,12196,51,Vaccinated,Low
21.8,56.0,0.037,3931,439.3,5025,35,Unvaccinated,Low
19.4,73.3,0.017,0,132.9,3437,5,Unvaccinated,Low
29.5,37.5,2.174,418,223.6,2765,71,Vaccinated,High
14.2,44.1,0.021,7249,1348.9,9864,84,Vaccinated,Low
18.3,74.0,0.015,8393,1033.4,10513,43,Vaccinated,Low
24.6,66.6,0.049,1558,216.7,2011,34,Vaccinated,High
15.2,56.2,0.047,0,385.2,4010,20,Vaccinated,Low
16.5,57.8,0.022,4639,880.6,6583,87,Unvaccinated,Low
35.9,38.2,0.281,2533,471.1,4788,76,Vaccinated,Medium
26.4,60.6,0.025,2962,452.2,3839,54,Vaccinated,Low
13.4,86.9,4.487,1563,478.5,8289,22,Vaccinated,High
22.0,66.8,0.024,6058,1001.9,7866,47,Vaccinated,Low
35.2,58.5,0.027,2737,475.9,3549,89,Vaccinated,Low
19.1,58.4,0.025,3900,751.8,5466,54,Vaccinated,Low
25.0,52.7,0.017,2321,395.5,3233,66,Vaccinated,Low
16.8,55.7,0.345,0,287.8,7950,5,Vaccinated,Medium
23.4,62.1,0.039,8034,1302.6,10457,48,Vaccinated,Low
13.0,42.1,2.558,0,137.5,5424,11,Vaccinated,High
16.6,71.1,0.008,2048,328.7,2683,47,Vaccinated,Low
26.9,55.4,0.009,5036,995.0,7214,58,Vaccinated,Low
22.7,45.7,0.036,2114,367.5,2738,64,Vaccinated,Low
31.0,52.6,0.026,10077,1218.4,12052,23,Vaccinated,Low
25.2,58.5,0.012,6243,794.5,7918,42,Unvaccinated,Low
17.0,49.0,3.673,878,107.9,1920,37,Vaccinated,High
34.2,55.0,0.022,10584,1694.1,13795,79,Vaccinated,Low
22.0,68.7,0.028,4700,603.5,6246,44,Vaccinated,Low
27.1,34.5,0.017,1187,189.2,1571,66,Vaccinated,Low
24.3,61.9,0.016,10674,1387.0,13531,32,Unvaccinated,Low
19.1,36.4,0.038,8938,900.0,10772,29,Vaccinated,Low
18.9,79.1,3.906,0,102.5,1653,20,Unvaccinated,High
30.0,39.0,0.041,7403,1231.3,9471,62,Unvaccinated,Low
17.8,59.2,0.041,0,239.3,7333,1,Vaccinated,Low
20.5,36.4,0.024,3124,558.5,4000,64,Vaccinated,Low
27.6,50.7,0.048,7187,1002.0,8454,76,Unvaccinated,Low
29.1,51.1,0.035,7513,1283.7,10523,89,Vaccinated,Low
28.2,71.4,0.035,0,424.7,10876,4,Vaccinated,Low
22.8,74.1,0.048,5226,895.1,6900,53,Vaccinated,Low
25.2,71.5,0.048,4939,537.9,6178,30,Vaccinated,Low
23.4,27.5,0.008,6886,1280.7,9796,53,Vaccinated,High
23.0,57.7,0.033,10975,1406.1,14884,24,Vaccinated,Low
23.9,77.9,0.007,11342,1605.5,14654,38,Vaccinated,Low
24.7,60.0,0.018,7376,1468.2,10924,68,Vaccinated,Low
27.9,74.0,0.013,8637,1262.6,12051,22,Vaccinated,Low
16.3,74.8,0.029,6200,795.6,8151,38,Vaccinated,Low
15.9,75.4,0.049,1060,152.5,1476,32,Vaccinated,Low
28.1,64.5,0.013,4434,715.5,5357,82,Vaccinated,Low
16.3,54.9,0.047,0,559.2,12695,5,Vaccinated,Low
17.7,75.8,0.012,0,1286.1,14515,17,Unvaccinated,Low
10.0,61.6,0.031,4704,614.6,6424,44,Vaccinated,Low
30.7,74.6,0.044,5608,1001.0,7808,62,Vaccinated,Low
23.3,79.7,0.035,4642,833.7,6624,49,Unvaccinated,Low
17.3,54.3,3.137,2511,568.4,12301,21,Vaccinated,High
24.1,50.3,2.721,4645,873.5,14767,76,Vaccinated,High
22.3,59.8,0.016,3795,644.1,5013,74,Vaccinated,Low
22.4,51.6,0.026,0,73.2,2240,5,Unvaccinated,Low
16.6,53.7,0.036,6954,1261.6,9380,59,Vaccinated,Low
20.2,71.9,0.022,8201,1447.3,11020,73,Vaccinated,Low
29.7,64.5,0.011,12362,1634.3,14759,37,Unvaccinated,Low
24.5,63.4,0.013,7117,837.3,9202,21,Vaccinated,Low
13.5,59.2,0.019,1510,164.6,1983,27,Vaccinated,Low
24.9,70.0,0.018,1880,266.0,2500,22,Unvaccinated,Low
27.4,68.1,0.031,2000,319.7,2450,71,Vaccinated,Low
19.3,62.7,0.014,2650,418.6,3233,84,Unvaccinated,Low
17.3,74.6,0.024,5197,868.0,7011,61,Vaccinated,Low
19.2,53.7,0.007,0,294.0,2908,20,Vaccinated,Low
22.3,55.8,0.01,7852,1310.5,9929,83,Unvaccinated,Low
17.7,66.9,0.012,9367,1257.7,11988,28,Vaccinated,Low
16.6,63.4,0.027,8620,1550.9,12657,90,Unvaccinated,Low
12.3,63.3,4.077,0,80.7,3603,3,Unvaccinated,High
20.4,35.6,0.008,8690,1638.5,12723,64,Vaccinated,Low
22.0,81.3,0.019,7884,1273.8,9150,83,Vaccinated,Low
28.9,49.5,1.881,5148,1014.2,13446,74,Unvaccinated,High
14.3,64.2,0.019,9740,1690.9,12246,78,Vaccinated,Low
22.6,50.7,0.023,0,568.3,11747,7,Unvaccinated,Low
25.7,67.3,0.038,9029,1678.6,12400,70,Vaccinated,Low
17.1,39.0,0.024,7449,1150.7,9875,89,Vaccinated,Low
21.9,39.1,0.043,3603,616.8,4853,55,Vaccinated,Low
20.9,42.4,0.027,5704,751.1,7737,33,Vaccinated,Low
16.9,78.9,1.541,2432,325.5,7558,30,Vaccinated,High
20.6,48.4,0.008,0,529.0,14094,11,Vaccinated,Low
14.5,32.7,0.02,0,306.4,7335,4,Vaccinated,Low
26.1,49.4,0.04,4092,533.7,5230,23,Vaccinated,Low
32.0,64.0,0.021,3038,386.0,4250,38,Unvaccinated,Low
15.8,50.8,0.026,1818,303.1,2519,77,Vaccinated,Low
20.0,62.1,0.02,6958,820.6,8291,27,Unvaccinated,Low
23.1,73.5,0.2,9829,1534.7,13794,78,Vaccinated,Medium
24.5,34.8,0.006,11737,1872.9,14373,68,Vaccinated,Low
20.0,72.6,0.031,0,586.4,6494,16,Vaccinated,Low
21.3,48.4,0.01,11479,1872.4,13313,90,Vaccinated,Low
18.3,67.6,0.013,8538,1407.8,11622,58,Vaccinated,Low
14.9,67.8,0.007,2913,423.9,3659,55,Vaccinated,Low
16.6,37.9,0.044,10345,1762.8,12667,80,Vaccinated,Low
12.5,85.6,0.323,7685,1169.2,12449,37,Vaccinated,Medium
22.6,55.1,0.011,2793,478.8,3768,87,Vaccinated,Low
22.2,67.5,0.305,5464,902.8,8476,61,Vaccinated,Medium
18.6,38.0,0.013,4662,818.0,5926,52,Vaccinated,Low
16.6,68.8,0.049,9132,1479.7,11985,67,Vaccinated,Low
18.7,73.5,0.012,2750,286.3,3408,44,Unvaccinated,Low
24.3,44.0,0.015,5756,1035.2,7649,53,Unvaccinated,Low
32.2,73.0,0.336,9078,1682.9,14521,86,Unvaccinated,Medium
34.5,69.9,0.153,8033,1303.0,12691,56,Unvaccinated,Medium
17.3,42.7,0.042,7365,1242.6,9860,57,Vaccinated,Low
22.2,57.4,0.005,1850,326.0,2471,77,Vaccinated,Low
21.3,74.9,0.048,1461,179.5,1999,24,Unvaccinated,Low
34.1,56.3,0.034,1139,189.7,1540,60,Vaccinated,Low
21.6,62.0,0.043,8199,882.0,10141,26,Vaccinated,Low
21.3,54.1,0.012,2516,444.7,3228,64,Unvaccinated,Low
22.0,52.0,0.015,11672,1364.5,14331,29,Vaccinated,High
18.1,51.9,0.033,7497,1031.0,10569,40,Vaccinated,Low
13.0,81.5,0.21,0,508.1,13550,11,Vaccinated,Medium
24.9,55.2,0.034,5550,886.9,7089,88,Vaccinated,Low
15.2,79.4,0.025,0,963.6,12323,19,Vaccinated,Low
29.0,61.6,0.029,10999,1902.6,14498,58,Vaccinated,Low
22.2,40.6,0.032,8924,1390.8,10948,60,Vaccinated,Low
27.7,49.3,0.034,0,613.3,13769,11,Vaccinated,Low
21.2,50.4,0.011,4196,779.8,5876,64,Vaccinated,Low
10.7,57.1,0.023,4728,685.4,6487,24,Vaccinated,Low
18.9,62.0,0.04,8762,1326.0,10774,78,Vaccinated,Low
22.1,35.1,0.047,0,320.6,8699,8,Vaccinated,Low
27.9,57.1,0.038,2677,466.6,3748,45,Unvaccinated,Low
17.4,61.7,0.024,6251,1081.3,7980,86,Vaccinated,Low
20.0,81.4,0.021,2566,460.1,3527,53,Vaccinated,Low
25.7,58.9,0.037,10356,1852.9,13892,79,Vaccinated,Low
25.2,50.0,0.016,6431,837.6,9041,32,Vaccinated,Low
16.0,44.0,0.029,9618,1364.4,12657,42,Vaccinated,Low
17.9,52.9,0.028,7490,1290.3,9843,65,Vaccinated,Low
22.2,65.8,0.048,0,168.1,4927,6,Vaccinated,Low
18.4,52.8,1.441,878,279.9,4804,46,Vaccinated,High
18.9,80.2,0.017,6318,973.0,7874,80,Vaccinated,Low
17.6,79.2,0.019,1888,301.4,2342,55,Unvaccinated,Low
25.5,50.4,0.043,8337,1481.1,11460,73,Vaccinated,Low
31.2,71.3,4.466,2412,307.8,6141,41,Vaccinated,High
16.4,63.5,0.031,2036,310.1,2551,70,Vaccinated,Low
24.0,72.1,0.029,0,528.1,6505,16,Unvaccinated,Low
23.1,81.4,0.047,1808,284.4,2258,62,Vaccinated,Low
10.0,49.1,0.011,2779,473.5,3518,76,Vaccinated,Low
21.4,77.0,0.022,9973,1432.7,14547,28,Vaccinated,Low
31.6,73.0,0.032,2987,556.1,3970,54,Unvaccinated,Low
22.5,66.4,0.011,0,281.0,2804,16,Unvaccinated,Low
18.8,36.5,0.037,8399,1465.6,12133,79,Vaccinated,Low
23.9,72.9,0.043,9332,1270.2,11858,44,Unvaccinated,Low
28.3,56.5,1.369,0,232.2,9971,7,Vaccinated,High
25.1,86.4,0.298,0,207.0,5490,14,Unvaccinated,Medium
26.0,61.8,0.042,1307,196.1,1624,71,Vaccinated,Low
21.2,72.4,0.015,0,388.0,9216,5,Vaccinated,Low
16.7,63.1,0.035,8871,1276.0,10363,84,Vaccinated,Low
20.1,71.5,0.032,5624,869.8,8062,23,Vaccinated,Low
20.4,45.2,0.046,4374,705.7,5680,64,Unvaccinated,Low
16.7,33.4,1.259,0,150.7,7358,11,Vaccinated,High
24.2,70.0,0.186,4889,799.7,7553,71,Vaccinated,Medium
27.5,73.3,0.02,1590,259.9,2030,47,Vaccinated,Low
26.2,57.6,0.043,11838,1794.5,14712,67,Vaccinated,Low
24.8,49.2,2.95,1266,349.1,6414,26,Unvaccinated,High
19.4,78.3,0.036,0,1290.1,12760,16,Vaccinated,Low
22.1,70.2,0.039,6664,1231.9,9818,63,Unvaccinated,Low
20.9,60.7,0.041,6078,1010.4,7997,68,Vaccinated,Low
31.5,58.3,0.025,6193,1106.6,8588,67,Vaccinated,Low
22.4,49.5,0.169,7753,907.6,12506,39,Vaccinated,Medium
18.8,39.0,0.012,3053,558.5,4056,71,Vaccinated,Low
15.0,59.9,0.009,1282,219.5,1725,69,Vaccinated,Low
25.0,56.4,0.011,10287,1215.6,14460,28,Vaccinated,Low
25.4,43.7,0.011,1920,242.6,2346,33,Vaccinated,Low
15.9,64.4,0.021,3998,458.1,5443,27,Unvaccinated,Low
27.5,84.4,0.032,8527,1467.7,11194,56,Vaccinated,Low
14.1,60.8,0.048,5456,1103.5,7772,81,Vaccinated,Low
18.1,61.8,0.012,6790,1157.8,9177,78,Unvaccinated,Low
19.7,48.6,0.046,0,276.4,8192,2,Unvaccinated,Low
25.8,56.6,0.023,6457,1052.6,8533,61,Unvaccinated,Low
28.9,41.7,0.028,0,1052.6,10005,20,Unvaccinated,Low
24.6,36.6,0.005,11329,1256.2,13945,34,Vaccinated,Low
16.5,56.0,0.046,2964,451.3,3721,85,Vaccinated,Low
15.1,31.9,0.389,0,276.0,10214,12,Vaccinated,Medium
22.5,64.4,0.033,3596,605.9,4850,60,Vaccinated,Low
31.1,62.0,0.031,5516,822.1,6921,71,Vaccinated,Low
22.8,56.4,0.031,5341,673.4,7453,44,Vaccinated,Low
16.1,62.2,0.027,7065,725.8,8954,33,Vaccinated,Low
20.8,63.4,1.632,0,450.0,7652,15,Vaccinated,High
25.0,61.8,0.048,9214,945.9,11133,21,Vaccinated,Low
22.7,79.1,0.022,6348,1124.9,8541,78,Vaccinated,Low
23.7,86.0,0.015,1297,193.3,1599,75,Vaccinated,Low
31.3,58.1,0.046,2882,323.7,3592,35,Vaccinated,Low
17.7,72.9,0.013,9914,1256.6,12162,43,Vaccinated,Low
23.0,66.4,3.525,1613,613.3,7656,66,Vaccinated,High
19.7,65.0,0.045,6248,1049.7,8845,76,Unvaccinated,Low
26.2,83.2,0.022,6434,1068.9,7951,45,Vaccinated,Low
26.5,55.0,0.03,5112,856.4,6715,46,Vaccinated,Low
10.4,53.0,0.224,7132,1144.7,11513,80,Unvaccinated,Medium
12.4,46.8,0.029,6106,989.7,7601,75,Vaccinated,Low
26.2,81.8,0.007,1389,187.2,1907,36,Unvaccinated,Low
21.3,52.9,0.036,8444,1630.0,11348,75,Vaccinated,Low
26.3,75.3,0.012,0,383.5,4578,18,Vaccinated,Low
16.6,54.2,0.045,0,569.6,14404,9,Unvaccinated,Low
17.3,74.5,0.048,3218,390.7,4216,31,Vaccinated,Low
24.7,47.9,0.026,9180,1519.0,11955,83,Vaccinated,Low
23.1,77.4,0.016,8486,1299.4,9876,88,Vaccinated,Low
26.7,56.3,0.028,8840,1413.5,13065,27,Vaccinated,Low
11.7,69.0,0.029,5610,1035.8,7626,83,Vaccinated,Low
17.2,70.3,0.035,0,175.5,4215,2,Vaccinated,Low
18.1,45.6,0.041,3918,729.2,5297,80,Unvaccinated,Low
18.0,63.1,0.031,7303,1124.9,9068,67,Unvaccinated,Low
19.7,62.7,0.043,5562,963.5,7090,56,Vaccinated,Low
25.3,57.2,0.025,5488,689.9,7243,26,Vaccinated,Low
24.0,52.1,0.021,10103,1206.9,14177,24,Unvaccinated,Low
10.0,72.9,0.015,1866,293.3,2284,86,Vaccinated,Low
26.2,64.9,0.009,8540,1256.9,10615,68,Unvaccinated,Low
29.3,35.0,0.024,6417,775.2,8153,36,Vaccinated,Low
14.1,65.7,0.043,1264,145.4,1672,32,Unvaccinated,Low
22.1,87.0,0.147,8180,1117.0,14509,38,Vaccinated,Medium
23.3,74.7,0.022,12201,1874.5,14937,53,Vaccinated,Low
20.0,42.3,0.027,0,1104.5,11879,20,Vaccinated,Low
15.4,49.8,0.027,0,1130.0,12600,16,Vaccinated,Low
23.2,75.9,0.017,9284,1312.0,12644,37,Vaccinated,Low
24.7,48.8,0.047,4876,878.6,6585,54,Vaccinated,Low
30.2,66.1,0.156,0,439.4,5933,16,Vaccinated,Medium
21.6,53.0,0.021,0,229.2,5526,14,Vaccinated,Low
28.8,95.0,0.049,6598,815.6,8129,24,Vaccinated,Low
15.0,48.3,0.026,8007,1239.3,10183,79,Vaccinated,Low
26.3,74.9,0.035,3971,592.7,4654,51,Unvaccinated,Low
23.3,46.6,0.032,6929,1187.7,9950,45,Vaccinated,Low
23.2,64.8,0.016,0,72.3,1794,5,Vaccinated,High
22.9,40.3,0.033,4038,618.3,4869,70,Unvaccinated,Low
21.2,84.0,0.036,6194,925.5,7753,58,Vaccinated,Low
11.1,45.8,0.012,2567,453.7,3439,53,Vaccinated,Low
20.7,49.6,0.025,4731,793.6,6361,67,Vaccinated,Low
23.5,47.5,0.034,11700,1686.3,13995,73,Unvaccinated,Low
25.6,75.3,0.028,0,498.2,10557,2,Vaccinated,Low
25.1,36.8,0.011,0,360.5,3982,18,Vaccinated,Low
21.6,78.8,0.037,1557,157.4,1859,29,Vaccinated,Low
22.0,52.8,0.046,5056,813.4,6353,64,Vaccinated,Low
27.2,52.7,0.008,10920,1923.7,13956,48,Vaccinated,Low
27.1,57.5,0.016,8157,958.0,11471,33,Vaccinated,Low
14.5,68.7,0.255,5369,915.2,8066,57,Vaccinated,Medium
23.4,34.5,0.033,6348,1100.8,7698,48,Vaccinated,Low
16.7,66.6,0.13,6255,909.6,8795,55,Vaccinated,Medium
15.8,51.1,0.046,1696,301.9,2268,63,Unvaccinated,Low
23.7,60.1,0.033,2458,420.2,3174,61,Vaccinated,Low
23.0,55.1,0.014,0,86.1,2258,2,Vaccinated,Low
16.8,64.1,0.201,0,1148.4,14670,20,Vaccinated,Medium
13.2,74.6,0.016,3590,406.2,4631,26,Vaccinated,Low
14.5,65.9,0.063,8802,1191.0,12050,31,Vaccinated,Low
14.5,73.2,0.013,7332,1266.6,10008,63,Vaccinated,Low
23.8,62.3,0.044,0,181.6,4790,3,Vaccinated,Low
20.0,42.9,0.023,6702,1043.7,8247,75,Vaccinated,Low
22.7,54.8,0.009,0,1242.8,13111,15,Vaccinated,Low
17.9,58.4,0.037,5286,567.3,6980,32,Vaccinated,Low
21.2,63.4,4.367,1253,219.4,5317,30,Vaccinated,High
23.4,83.2,0.025,8117,1170.0,11197,22,Vaccinated,Low
21.8,37.3,0.178,4577,947.5,8281,48,Vaccinated,Medium
24.0,52.8,0.042,3085,397.4,4099,32,Vaccinated,Low
28.2,58.0,0.044,0,530.7,6815,20,Unvaccinated,Low
22.9,55.6,0.031,996,161.1,1202,61,Vaccinated,Low
13.5,61.9,2.925,3743,843.3,11774,50,Vaccinated,High
23.4,60.0,4.216,1454,491.7,5560,74,Vaccinated,High
21.0,61.1,0.024,0,396.8,9122,7,Vaccinated,Low
14.1,51.0,0.041,4749,827.4,6012,56,Vaccinated,Low
28.4,76.5,0.032,0,1241.1,14368,16,Vaccinated,Low
25.3,59.1,0.098,5468,889.6,7953,60,Vaccinated,Medium
18.4,53.4,0.013,7514,879.8,10948,31,Vaccinated,Low
23.4,55.2,0.048,3619,656.6,5164,55,Vaccinated,Low
21.8,53.9,0.038,3660,629.8,5019,72,Vaccinated,Low
12.4,49.8,0.023,0,179.0,3812,7,Vaccinated,Low
21.0,52.1,0.279,0,563.5,7035,16,Vaccinated,Medium
22.8,89.2,0.034,11078,1286.6,13996,32,Vaccinated,Low
16.8,54.1,0.028,10844,1899.3,14844,73,Vaccinated,Low
14.3,61.2,0.043,2550,417.1,3305,59,Vaccinated,Low
14.6,61.1,0.015,3181,591.8,4268,74,Vaccinated,Low
21.5,58.6,0.012,0,586.2,12744,9,Vaccinated,Low
22.3,66.1,0.015,0,475.3,14102,10,Unvaccinated,Low
12.5,51.4,0.01,4037,628.6,5020,48,Vaccinated,Low
17.2,69.3,0.02,1374,232.7,1871,83,Vaccinated,Low
20.2,52.2,0.031,10211,1190.1,14607,30,Vaccinated,Low
10.6,44.3,0.077,3320,449.3,4753,36,Vaccinated,Low
17.9,49.8,0.12,6638,1186.9,10471,46,Vaccinated,Medium
20.4,71.5,0.025,5107,938.4,7274,66,Vaccinated,Low
19.4,67.8,0.009,0,522.2,14109,9,Vaccinated,Low
23.0,63.3,0.046,1345,166.9,1975,43,Vaccinated,Low
19.9,52.7,0.012,11255,2016.0,14362,66,Unvaccinated,Low
26.2,60.6,0.029,0,165.0,1703,20,Vaccinated,Low
12.5,57.3,0.37,8130,1481.8,14095,77,Unvaccinated,Medium
31.0,61.3,0.028,4661,631.9,6134,25,Vaccinated,Low
18.1,65.5,0.016,3114,317.7,3798,31,Vaccinated,Low
25.9,61.4,0.022,0,124.9,3590,2,Vaccinated,Low
27.5,59.5,0.046,3458,549.5,4242,84,Unvaccinated,Low
18.1,82.7,0.008,0,142.0,3196,10,Unvaccinated,Low
17.7,58.0,0.035,9867,1666.4,12709,64,Vaccinated,Low
23.0,45.4,0.041,9722,1226.5,13328,30,Vaccinated,Low
22.7,24.6,0.028,2530,490.2,3726,59,Vaccinated,Low
18.5,75.2,0.049,7688,1393.4,10479,76,Vaccinated,Low
23.7,70.8,0.026,10471,1310.3,13686,39,Vaccinated,Low
27.5,72.9,0.018,910,103.4,1188,42,Vaccinated,Low
28.9,63.6,0.035,12142,1378.8,14862,25,Vaccinated,Low
20.2,71.5,0.005,5613,1068.7,7729,64,Vaccinated,Low
19.4,74.7,0.044,0,373.0,3332,19,Vaccinated,Low
14.3,61.1,0.329,9992,1659.3,14534,87,Vaccinated,Medium
20.5,74.9,0.016,4226,844.9,6033,87,Vaccinated,Low
15.3,85.1,0.042,3360,358.6,4372,31,Vaccinated,High
22.6,48.8,0.149,4948,618.3,7840,39,Vaccinated,Medium
23.4,53.1,0.019,8063,1042.2,11360,25,Vaccinated,Low
19.8,51.4,0.019,6289,924.6,7739,47,Unvaccinated,Low
23.3,57.9,0.008,9997,1173.0,12124,30,Vaccinated,Low
21.9,58.0,0.026,6909,1125.3,9139,71,Vaccinated,Low
21.0,50.3,1.945,1185,334.8,4657,79,Vaccinated,High
27.9,68.7,0.036,0,599.2,14582,11,Vaccinated,Low
27.3,53.9,0.014,10452,1350.8,13760,40,Vaccinated,Low
29.0,73.2,0.019,0,1018.3,12801,18,Vaccinated,Low
19.7,64.0,0.036,10606,1846.1,14884,54,Vaccinated,Low
15.0,60.8,0.049,0,633.8,13440,5,Vaccinated,Low
28.9,40.1,0.049,2635,523.4,3699,83,Vaccinated,Low
22.3,58.0,0.012,9052,1556.0,11955,63,Vaccinated,Low
22.9,79.8,1.469,4124,760.3,12398,34,Vaccinated,High
21.6,80.6,0.033,0,541.4,13365,4,Vaccinated,Low
17.2,67.7,0.01,11703,1846.7,14285,87,Unvaccinated,Low
20.1,68.3,0.008,2380,321.9,3338,34,Unvaccinated,Low
30.8,49.1,0.008,4203,645.4,5330,46,Vaccinated,Low
21.7,64.9,0.281,2185,354.3,3532,46,Vaccinated,Medium
23.2,73.9,0.021,2219,335.1,2860,76,Vaccinated,Low
25.4,51.6,0.01,6356,1040.7,7944,57,Vaccinated,Low
15.9,54.0,0.02,10505,1597.3,12721,79,Vaccinated,Low
13.1,54.2,0.042,5310,1036.4,7577,68,Vaccinated,Low
26.6,60.8,0.033,7642,1337.9,10095,48,Unvaccinated,Low
14.2,63.7,0.042,7521,931.0,9123,41,Vaccinated,Low
15.7,59.7,0.03,4744,602.0,6867,24,Vaccinated,Low
19.9,55.5,0.032,1429,247.9,1799,56,Unvaccinated,Low
18.0,69.9,0.032,8366,1429.2,11702,49,Unvaccinated,Low
13.6,62.2,0.045,10449,1177.9,14340,29,Vaccinated,Low
18.9,42.7,0.016,0,447.9,4565,17,Vaccinated,Low
21.2,53.0,0.031,0,535.0,5381,20,Vaccinated,Low
25.3,76.1,0.013,8533,1478.4,10904,90,Vaccinated,Low
21.4,72.3,0.048,0,1086.3,11792,19,Vaccinated,Low
18.0,54.7,0.015,0,222.8,7348,14,Vaccinated,Low
22.7,48.2,0.048,0,311.2,3225,17,Vaccinated,Low
21.6,42.6,0.046,11044,1718.2,13776,54,Vaccinated,Low
22.2,53.4,0.021,8737,1477.1,12721,57,Vaccinated,Low
31.1,40.8,0.041,3941,529.7,5218,25,Vaccinated,Low
28.3,45.8,0.031,0,455.4,5073,15,Vaccinated,Low
19.4,71.1,0.02,3795,671.6,4816,60,Vaccinated,Low
33.4,60.9,0.013,4872,933.6,7113,78,Vaccinated,Low
20.3,66.4,0.042,7862,1331.4,9559,75,Vaccinated,Low
21.4,63.1,0.03,0,657.5,6747,15,Vaccinated,Low
29.0,65.5,2.275,3100,621.8,10912,37,Vaccinated,High
24.4,61.7,0.042,4761,601.3,6317,44,Vaccinated,Low
17.2,52.8,0.011,2246,401.3,3096,58,Vaccinated,Low
27.0,59.6,0.032,0,213.7,6307,6,Vaccinated,Low
10.0,48.6,0.024,6788,1055.8,7975,49,Vaccinated,Low
20.8,48.6,0.049,7215,826.2,9731,41,Vaccinated,Low
26.3,59.4,0.045,7371,1210.3,9814,79,Vaccinated,Low
21.5,58.3,0.023,2558,277.3,3412,34,Vaccinated,Low
16.8,70.6,0.04,6267,957.2,8079,90,Vaccinated,Low
25.4,63.3,4.107,0,178.2,7236,3,Unvaccinated,High
19.7,44.1,0.017,12115,1989.5,14464,82,Vaccinated,Low
32.2,58.4,0.042,0,637.7,14375,4,Vaccinated,Low
24.2,74.8,0.014,1494,169.7,1833,36,Vaccinated,Low
28.5,54.4,0.005,3968,637.7,4905,65,Vaccinated,Low
30.1,54.5,0.016,2749,270.5,3445,38,Vaccinated,Low
27.7,41.6,0.031,6600,776.8,7852,27,Vaccinated,Low
23.9,68.6,0.017,4540,819.3,6145,73,Vaccinated,Low
30.5,65.0,0.03,1764,294.8,2164,47,Vaccinated,Low
21.1,56.7,0.023,4189,781.4,6080,48,Vaccinated,High
25.5,58.0,0.027,10054,1066.4,13081,44,Vaccinated,Low
21.9,48.9,0.808,3626,759.4,10147,65,Vaccinated,High
21.1,65.3,2.02,3892,1020.9,14547,69,Vaccinated,High
24.8,53.5,0.031,3376,521.0,5026,21,Vaccinated,Low
19.5,52.4,0.158,8016,1472.4,14123,66,Vaccinated,Medium
17.5,60.7,0.045,6554,723.3,8495,33,Unvaccinated,Low
17.3,64.1,0.031,4977,910.4,6719,51,Unvaccinated,Low
17.3,68.2,0.046,0,879.9,9747,19,Unvaccinated,Low
24.0,82.6,0.047,9092,947.7,10875,40,Vaccinated,Low
16.9,71.9,0.358,7007,1201.2,10664,59,Unvaccinated,Medium
16.3,64.2,0.035,0,456.1,13435,8,Vaccinated,Low
24.7,87.3,0.042,10377,1941.7,14134,47,Vaccinated,Low
21.2,75.1,0.028,5452,661.6,7401,44,Unvaccinated,Low
21.9,54.5,0.018,1883,250.4,2496,36,Vaccinated,Low
29.8,80.3,0.026,9901,1576.7,13216,77,Unvaccinated,Low
21.7,61.5,0.047,0,370.5,11153,2,Vaccinated,Low
21.9,51.7,0.026,8655,976.5,11536,29,Vaccinated,Low
27.9,53.3,0.011,1761,225.3,2594,24,Vaccinated,Low
25.6,54.6,0.038,1417,274.3,1964,83,Vaccinated,Low
13.0,69.6,0.097,5138,977.7,8314,61,Unvaccinated,Medium
24.8,68.5,0.007,6817,1164.7,8568,86,Vaccinated,Low
33.2,51.5,0.016,0,82.2,1751,1,Vaccinated,Low
23.0,55.7,0.028,11446,1901.2,14015,54,Vaccinated,Low
13.5,47.4,0.674,3684,676.2,11955,62,Vaccinated,High
24.4,58.3,0.01,7930,1165.8,9429,55,Vaccinated,Low
23.5,84.2,0.039,4110,717.9,5492,54,Vaccinated,Low
25.0,58.6,0.008,4837,802.2,5860,53,Vaccinated,Low
18.7,75.7,0.006,8540,1402.3,10320,87,Vaccinated,Low
15.1,57.0,0.063,4307,647.7,8335,41,Vaccinated,Medium
31.8,68.7,0.023,4798,783.9,6785,62,Vaccinated,Low
14.8,69.0,0.049,3110,480.0,4029,80,Vaccinated,Low
27.5,57.5,0.024,8949,1595.9,12038,86,Vaccinated,Low
27.4,53.6,0.025,6476,1039.4,8665,69,Vaccinated,Low
30.6,61.9,0.045,8384,1691.8,12269,72,Vaccinated,Low
20.5,69.7,0.014,5002,860.7,6475,82,Vaccinated,Low
23.1,54.3,0.016,8488,1014.1,11354,39,Vaccinated,Low
25.3,54.9,0.022,2019,267.4,2640,39,Vaccinated,Low
28.8,77.4,0.028,2752,352.7,3775,35,Unvaccinated,Low
15.2,76.7,0.257,0,158.5,5474,7,Vaccinated,Medium
27.9,69.8,0.041,0,1177.7,14180,18,Vaccinated,Low
17.4,60.0,0.016,0,434.1,14103,4,Vaccinated,Low
26.4,66.8,0.032,2865,344.6,4192,32,Vaccinated,Low
17.8,44.4,0.023,5321,1055.6,7986,62,Vaccinated,Low
28.2,35.6,0.029,8856,1275.2,10532,82,Unvaccinated,Low
16.3,49.4,0.008,0,313.0,7106,10,Vaccinated,Medium
25.1,70.0,0.038,2532,418.1,3304,69,Unvaccinated,Low
19.3,65.3,0.011,2249,376.2,2855,49,Vaccinated,Low
16.1,64.8,0.039,0,384.0,11740,6,Vaccinated,Low
20.3,45.9,0.038,0,97.8,2663,11,Unvaccinated,Low
17.7,57.1,0.04,2960,319.8,3941,41,Vaccinated,Low
23.2,66.5,0.008,5088,581.8,6537,27,Vaccinated,Low
22.7,59.8,0.025,4357,585.2,6241,21,Vaccinated,Low
21.4,55.6,0.02,1137,183.1,1388,84,Unvaccinated,Low
14.0,62.3,0.046,7369,1289.8,10747,57,Vaccinated,Low
21.2,57.5,0.021,0,166.1,5188,4,Unvaccinated,Low
21.1,82.1,0.017,1564,268.6,2083,87,Vaccinated,Low
23.2,54.6,0.019,6351,683.1,7644,25,Vaccinated,Low
25.4,67.5,0.353,1733,316.2,2973,74,Vaccinated,Medium
21.4,74.3,0.112,0,95.9,3511,13,Vaccinated,Medium
18.6,47.1,0.038,5330,563.6,6734,30,Vaccinated,Low
23.0,41.3,0.048,3901,727.5,5387,68,Vaccinated,Low
23.3,68.6,0.014,6910,1146.3,8743,88,Vaccinated,Low
21.1,40.1,0.011,2551,383.9,3217,87,Vaccinated,Low
21.7,52.1,0.012,0,386.0,3720,20,Vaccinated,Low
11.4,47.9,0.036,0,205.6,5426,8,Vaccinated,Low
27.4,45.4,0.018,6125,652.3,7572,22,Vaccinated,Low
19.2,59.1,0.031,4688,552.8,6021,27,Vaccinated,Low
14.7,54.6,0.012,9748,1094.6,12773,39,Vaccinated,Low
23.9,74.7,0.025,3192,320.2,3844,33,Unvaccinated,Low
22.7,56.2,0.034,5356,938.9,7138,83,Vaccinated,Low
28.1,41.0,2.513,4841,589.9,12261,31,Unvaccinated,High
27.5,95.0,2.183,2377,746.5,9766,82,Vaccinated,High
18.0,55.6,0.041,9445,1453.2,11267,53,Unvaccinated,Low
21.2,65.8,1.517,330,100.3,1146,55,Vaccinated,High
22.1,45.1,0.033,8109,1216.9,9865,54,Vaccinated,Low
32.9,52.2,0.034,7972,1359.6,11123,78,Vaccinated,Medium
12.4,61.2,0.022,3451,620.9,4650,63,Vaccinated,Low
24.2,70.2,0.032,4153,644.0,5477,59,Vaccinated,Low
25.8,58.8,0.007,9197,1513.5,11507,69,Vaccinated,Low
25.5,48.0,0.006,10453,1121.6,13646,36,Unvaccinated,Low
34.8,57.4,0.023,4985,981.1,7276,55,Vaccinated,Low
18.2,49.2,0.029,6758,939.0,9198,38,Vaccinated,Low
23.7,56.1,0.026,5047,874.3,6718,78,Unvaccinated,Low
10.0,57.9,0.038,5650,1065.0,7837,88,Vaccinated,Low
26.9,87.7,0.26,8932,1568.5,14398,71,Unvaccinated,Medium
26.1,65.1,0.047,6572,758.9,8014,42,Vaccinated,Low
25.4,52.4,0.019,1175,220.5,1623,57,Vaccinated,Low
20.6,50.2,0.208,6201,1126.0,10965,62,Vaccinated,Medium
18.6,37.9,0.011,3755,421.2,5031,27,Vaccinated,Low
23.7,72.9,0.042,8932,1189.4,11797,28,Unvaccinated,Low
19.1,71.0,0.033,7367,1280.2,9669,84,Vaccinated,Low
18.2,76.7,0.04,2745,472.5,3594,88,Vaccinated,Low
17.5,47.9,0.172,4377,780.2,6850,45,Unvaccinated,Medium
20.7,55.2,0.038,0,154.4,1827,18,Unvaccinated,Low
17.5,60.6,0.011,1885,202.2,2347,27,Vaccinated,Low
25.0,72.4,0.046,0,209.6,5611,14,Vaccinated,Low
24.5,59.0,0.253,8167,1243.1,13038,33,Vaccinated,Medium
22.1,59.1,0.017,10859,1825.3,13132,47,Vaccinated,Low
27.6,51.3,0.3,8731,1408.4,12769,76,Vaccinated,Medium
18.9,47.0,0.186,4264,608.0,5891,56,Vaccinated,Medium
20.4,60.1,0.039,7004,1122.3,9118,69,Vaccinated,Low
25.8,39.5,1.013,2489,661.3,11093,87,Vaccinated,High
27.6,28.3,0.024,0,299.2,8922,5,Vaccinated,Low
11.8,55.4,0.034,8193,1437.2,10624,80,Vaccinated,Low
21.1,56.3,0.368,5592,1189.4,10200,52,Vaccinated,Medium
20.0,47.7,0.045,9442,1344.5,12347,42,Vaccinated,Low
20.7,46.9,0.02,5535,1034.3,7673,82,Vaccinated,Low
20.5,62.1,0.046,2586,447.1,3434,48,Vaccinated,Low
21.8,58.5,0.023,5889,907.7,7354,75,Vaccinated,Low
19.4,68.6,0.042,0,495.0,11272,7,Vaccinated,Low
17.6,66.3,0.014,0,88.9,1070,16,Vaccinated,Low
30.0,55.7,3.652,2130,517.0,9231,55,Unvaccinated,High
21.9,63.5,0.041,9334,1528.2,13073,46,Vaccinated,Low
21.7,67.5,0.019,10426,1304.8,13197,21,Vaccinated,Low
23.6,75.0,0.042,3759,479.2,4756,44,Vaccinated,Low
22.7,69.2,0.283,0,351.0,11835,9,Vaccinated,Medium
24.0,56.4,0.027,10321,1829.3,14028,78,Vaccinated,Low
20.3,79.3,0.035,7668,858.9,9444,36,Vaccinated,Low
11.9,63.9,0.043,8736,1473.8,11370,89,Vaccinated,Low
24.1,56.3,0.011,0,306.0,6608,7,Vaccinated,Low
18.1,46.3,0.028,12641,1983.6,14913,80,Vaccinated,Low
23.3,55.8,0.023,2207,265.2,2979,36,Vaccinated,Low
14.2,55.2,0.006,2404,420.6,3193,50,Unvaccinated,Low
27.7,54.8,0.008,4482,638.1,5857,25,Unvaccinated,Low
26.3,46.7,0.025,0,43.9,1269,5,Vaccinated,Low
25.6,66.3,2.031,1403,839.4,11668,47,Vaccinated,High
29.6,62.3,0.039,0,399.3,9763,6,Unvaccinated,Low
13.2,48.9,0.015,6086,839.3,8022,29,Vaccinated,Low
14.8,74.4,0.014,8260,1431.7,11304,90,Vaccinated,Low
17.1,64.9,0.049,8547,1161.4,10847,32,Vaccinated,Low
22.3,60.7,0.009,1405,257.2,1820,46,Vaccinated,Low
25.7,60.5,0.022,4208,744.8,5458,64,Unvaccinated,Low
28.6,66.3,0.039,1611,261.4,2152,75,Vaccinated,Low
29.6,71.9,0.134,5663,790.9,10379,30,Vaccinated,Medium
26.6,56.9,0.035,8545,961.5,11443,33,Vaccinated,Low
22.7,44.9,0.032,2935,484.7,3720,85,Vaccinated,Low
20.7,76.2,0.047,6984,1169.0,8334,87,Unvaccinated,Low
15.6,61.0,0.006,935,150.0,1273,83,Vaccinated,Low
25.4,58.9,0.028,3179,591.0,4350,82,Vaccinated,Low
22.1,57.7,0.032,0,703.3,6336,16,Unvaccinated,Low
25.9,74.9,2.514,1263,693.4,10153,71,Vaccinated,High
21.8,65.5,0.035,5743,867.0,7194,57,Vaccinated,Low
23.1,53.1,0.037,6319,811.5,7633,37,Vaccinated,Low
27.5,81.6,0.237,0,608.5,6294,18,Vaccinated,Medium
25.9,53.3,0.216,1999,213.9,2838,41,Unvaccinated,Medium
12.4,49.9,0.027,5699,996.6,7778,69,Vaccinated,Low
18.6,46.9,0.049,4735,820.8,6637,49,Vaccinated,Low
24.0,60.7,0.048,5360,921.2,6525,61,Vaccinated,Low
25.5,60.6,0.038,8755,1554.2,11896,68,Vaccinated,Low
16.4,64.3,0.044,0,290.6,8690,4,Vaccinated,Low
25.0,64.8,4.256,0,255.9,4100,16,Vaccinated,High
14.0,73.2,0.043,10328,1577.3,12226,75,Vaccinated,Low
18.2,51.7,0.019,1854,230.2,2401,34,Vaccinated,Low
21.1,74.5,0.126,4016,877.6,7230,47,Vaccinated,Medium
19.7,63.7,0.029,5565,1048.5,7681,69,Vaccinated,Low
15.1,64.4,0.015,7376,1209.3,9919,57,Vaccinated,Low
21.0,67.3,0.019,0,53.1,1686,14,Vaccinated,Low
20.0,90.2,0.009,8746,1610.9,11936,64,Vaccinated,Low
22.3,56.0,0.02,0,396.4,3931,19,Vaccinated,Low
27.2,66.1,0.024,2858,285.7,3494,21,Vaccinated,Low
17.5,42.5,0.149,0,496.5,13949,8,Vaccinated,Medium
20.3,44.0,0.019,0,453.3,11227,14,Vaccinated,Low
21.4,39.0,0.029,0,112.5,3416,10,Vaccinated,Low
20.3,63.0,0.028,0,434.0,14688,2,Vaccinated,Low
20.9,52.3,0.04,5140,829.2,6669,82,Unvaccinated,Low
32.3,42.3,3.632,0,341.4,13051,9,Vaccinated,High
16.4,83.1,0.044,5508,859.7,6841,84,Vaccinated,Low
21.7,66.1,0.362,0,187.5,6474,6,Unvaccinated,Medium
17.5,50.9,0.049,8683,1177.0,12272,22,Vaccinated,Low
21.7,47.6,0.038,8231,1257.0,12127,30,Vaccinated,Low
19.7,63.4,0.007,6560,929.8,7731,82,Unvaccinated,Low
31.0,56.5,0.046,8108,1494.8,11994,66,Vaccinated,Low
22.8,51.7,0.028,3947,671.4,5213,61,Vaccinated,Low
19.5,56.0,0.194,3134,529.4,4409,62,Vaccinated,Medium
23.1,46.9,0.021,0,163.6,3424,1,Vaccinated,Low
19.3,67.4,2.084,2683,787.4,10594,81,Vaccinated,High
31.8,71.4,0.023,5867,1036.9,8054,54,Vaccinated,Low
18.4,47.7,0.039,4098,424.6,5071,44,Unvaccinated,Low
20.2,61.2,0.043,0,725.5,7007,18,Vaccinated,Low
10.9,59.2,0.038,0,87.5,2523,11,Vaccinated,Low
17.3,65.6,0.032,0,324.6,8589,5,Vaccinated,Low
21.7,62.5,0.04,4819,795.6,6511,74,Unvaccinated,Low
31.0,59.5,0.045,12554,1831.6,14908,75,Vaccinated,Low
26.6,59.0,0.031,6867,1099.7,9238,85,Vaccinated,Low
17.6,73.2,0.025,0,668.1,13504,9,Vaccinated,Low
25.7,77.0,0.039,11222,1922.5,14258,62,Vaccinated,Low
23.9,54.6,0.021,8378,1482.2,10460,87,Vaccinated,Low
16.6,55.5,0.011,1484,209.7,2011,36,Vaccinated,Low
21.2,62.6,0.013,4098,528.3,5439,40,Vaccinated,Low
17.0,58.3,0.022,3449,455.4,4377,35,Vaccinated,Low
26.1,42.7,0.026,6151,1036.4,7682,81,Vaccinated,Low
24.5,67.4,0.027,0,282.6,8935,9,Vaccinated,Low
17.3,47.1,0.292,638,121.1,1033,82,Vaccinated,Low
24.2,64.3,0.02,2695,461.5,3551,58,Vaccinated,Low
16.5,56.8,0.045,7842,1258.1,10330,78,Unvaccinated,Low
14.4,59.5,0.041,3878,665.3,4803,74,Vaccinated,Low
11.8,41.9,0.013,0,521.4,11163,3,Vaccinated,Low
21.0,57.1,0.038,9090,1334.6,11220,61,Vaccinated,Low
18.9,57.9,0.016,7430,1065.4,10260,36,Vaccinated,Low
30.0,53.7,0.019,5809,825.1,7195,57,Vaccinated,Low
20.3,68.6,0.047,949,152.3,1137,47,Vaccinated,Low
23.3,70.2,3.093,994,191.4,3839,41,Vaccinated,High
24.6,69.4,0.02,7865,1325.5,10623,58,Unvaccinated,Low
22.3,58.1,0.039,3495,472.3,5115,43,Vaccinated,Low
10.5,36.4,0.213,4788,710.6,8070,43,Vaccinated,Medium
11.8,40.1,0.03,0,588.0,12321,14,Vaccinated,Low
24.0,65.5,0.01,9058,1391.3,13583,39,Vaccinated,Low
22.9,71.4,0.007,4615,733.9,6302,66,Vaccinated,Low
25.3,64.8,0.015,1248,213.3,1546,71,Vaccinated,Low
23.0,66.6,0.038,0,390.9,10671,5,Vaccinated,Low
17.9,67.7,0.019,9532,1088.7,13735,21,Vaccinated,Low
25.3,74.9,0.039,1875,208.2,2294,34,Vaccinated,Low
26.3,80.4,0.01,1050,115.2,1371,37,Vaccinated,Low
21.9,74.6,0.031,7470,1095.0,10233,42,Unvaccinated,Low
28.8,69.1,0.007,2345,355.6,2942,65,Vaccinated,Low
22.2,61.9,2.948,3464,926.8,11470,61,Vaccinated,High
28.9,50.9,0.119,0,1170.1,14274,19,Vaccinated,Medium
28.9,65.2,0.048,3704,553.2,4372,79,Vaccinated,Low
15.5,56.2,0.011,0,359.2,9420,3,Vaccinated,Low
29.1,69.7,0.313,5887,599.3,8451,29,Vaccinated,Medium
32.5,56.9,0.034,9510,1388.9,11862,55,Vaccinated,Low
22.9,50.2,0.041,0,246.5,5837,1,Vaccinated,Low
28.1,51.2,0.15,9142,1573.8,13875,80,Unvaccinated,Medium
21.3,52.3,0.02,3701,641.0,5132,47,Unvaccinated,Low
18.5,83.3,0.028,3325,603.8,4723,49,Vaccinated,Low
31.2,44.5,0.039,6905,686.5,8571,43,Vaccinated,Low
22.3,63.2,0.019,8486,864.5,10662,23,Unvaccinated,Low
25.8,57.1,0.031,4443,754.7,5748,53,Vaccinated,Low
23.4,66.0,0.02,8415,938.7,10407,42,Vaccinated,Low
21.3,61.7,0.04,8426,1034.4,11137,36,Vaccinated,Low
21.7,58.8,0.011,6560,1106.3,9084,87,Vaccinated,Low
22.1,58.2,0.226,3673,411.4,5186,23,Vaccinated,Medium
21.0,72.3,0.005,7712,1377.8,10257,90,Unvaccinated,Low
24.6,69.9,0.032,4341,491.3,5471,21,Unvaccinated,Low
27.9,57.8,0.013,0,149.3,4250,6,Vaccinated,Low
18.0,55.3,0.016,3707,500.8,4850,42,Vaccinated,Low
20.1,47.4,0.009,10800,1841.1,14995,62,Vaccinated,Low
28.7,63.8,0.045,0,463.1,9355,4,Vaccinated,Low
20.9,56.7,0.022,8975,1110.7,11952,35,Vaccinated,Low
25.6,56.9,0.038,2501,479.4,3517,45,Vaccinated,Low
28.2,38.6,0.026,0,520.0,13439,12,Vaccinated,Low
17.6,43.7,0.023,0,564.9,12115,10,Vaccinated,Low
17.3,48.0,0.008,3165,501.3,3884,57,Vaccinated,Low
20.5,64.9,0.008,1549,248.0,2010,84,Unvaccinated,Low
16.5,42.4,0.014,10492,1771.3,12670,83,Vaccinated,Low
20.6,73.5,0.025,8106,1346.7,10901,54,Vaccinated,Low
10.0,49.8,0.299,0,412.0,13620,5,Unvaccinated,Medium
17.8,53.2,0.042,1341,224.1,1813,85,Vaccinated,Low
19.7,75.4,0.013,0,237.6,5704,10,Unvaccinated,Low
26.1,95.0,0.012,4824,889.2,6786,53,Vaccinated,Low
10.0,51.6,0.032,0,398.8,11947,4,Vaccinated,Low
22.5,35.7,0.034,7512,1279.1,9899,57,Vaccinated,Low
19.7,53.2,0.01,7922,756.5,9172,35,Vaccinated,Low
28.1,59.3,0.021,1405,218.7,1807,68,Vaccinated,Low
23.5,56.0,0.027,0,35.8,1172,14,Unvaccinated,Low
28.3,42.3,0.019,10923,1709.8,13647,71,Vaccinated,Low
26.0,46.7,0.008,6508,1028.3,8856,74,Vaccinated,Low
19.4,63.7,0.033,3797,531.6,5012,37,Vaccinated,Low
10.0,58.1,0.019,7900,1292.3,10625,63,Vaccinated,Low
21.3,57.4,0.018,3592,650.5,4798,50,Vaccinated,Low
13.0,77.8,0.032,2119,273.0,2908,32,Vaccinated,Low
21.6,45.0,0.017,7057,811.5,8846,33,Vaccinated,Low
27.4,53.6,0.015,0,505.9,11171,11,Vaccinated,Low
27.3,68.8,0.018,0,499.3,13762,4,Vaccinated,Low
27.1,37.5,0.106,3280,452.0,5542,39,Unvaccinated,Medium
18.4,63.8,0.012,6128,659.5,7658,44,Vaccinated,Low
25.4,58.3,0.04,8278,1403.4,10177,63,Vaccinated,Low
15.3,60.4,0.006,6771,1123.4,8681,59,Vaccinated,Low
24.3,58.7,0.045,0,54.2,1182,8,Vaccinated,Low
14.6,53.2,0.012,0,482.8,12243,11,Unvaccinated,Low
25.2,68.5,0.019,1077,124.7,1257,43,Vaccinated,Low
20.3,73.3,0.028,4001,651.5,5554,82,Vaccinated,Low
17.7,64.7,0.033,855,133.5,1036,47,Vaccinated,Low
27.1,57.9,0.019,11586,1348.5,14066,25,Vaccinated,Low
16.5,88.2,0.038,7227,776.2,9531,43,Vaccinated,Medium
25.3,61.3,0.036,9522,1200.2,12280,25,Vaccinated,Low
21.4,56.7,0.026,2329,395.0,3025,55,Vaccinated,Low
12.5,45.3,0.027,8921,1302.3,13343,42,Vaccinated,Low
26.9,61.0,0.02,10885,1810.1,14518,69,Vaccinated,Low
15.6,47.3,0.019,6119,1072.8,8743,81,Vaccinated,Low
12.3,36.0,0.286,0,887.0,12149,15,Vaccinated,Medium
22.5,67.0,0.023,4291,652.1,6109,43,Vaccinated,Low
23.6,71.8,0.028,11148,1136.8,13937,40,Unvaccinated,Low
21.2,54.0,0.027,5753,704.9,7610,38,Vaccinated,Low
18.3,72.9,0.023,9415,1439.0,11532,86,Vaccinated,Low
28.9,69.7,0.019,3454,585.7,4468,76,Vaccinated,Low
29.8,46.9,0.03,6827,687.6,8337,27,Vaccinated,Low
19.0,45.2,0.022,2013,336.9,2779,87,Vaccinated,Low
20.8,58.8,0.047,0,276.6,2769,17,Unvaccinated,Low
29.4,53.7,0.033,8133,1460.8,11467,75,Vaccinated,Low
16.0,69.8,0.017,9553,1833.9,13681,64,Unvaccinated,Low
25.6,58.0,0.038,4036,460.2,5340,34,Vaccinated,Low
27.4,74.8,0.042,5827,591.3,7047,33,Vaccinated,Low
20.1,59.1,0.035,8986,1294.4,10735,51,Vaccinated,Low
17.0,53.4,0.127,4218,944.3,8132,89,Vaccinated,Medium
20.7,54.6,0.011,2263,371.2,3013,89,Unvaccinated,Low
24.7,57.2,0.035,6734,802.5,9364,36,Vaccinated,Low
21.4,56.1,0.033,7143,946.3,8698,21,Vaccinated,Low
22.6,77.2,0.031,10639,1689.2,13489,50,Vaccinated,Low
20.9,44.2,0.014,8802,1366.3,11439,64,Unvaccinated,Low
21.7,55.3,0.029,0,141.8,4381,14,Unvaccinated,Low
22.1,55.6,0.011,0,355.6,11891,13,Vaccinated,Low
33.0,78.6,1.914,2328,811.2,9204,68,Unvaccinated,High
10.6,77.6,0.04,5012,814.8,6889,63,Vaccinated,Low
32.2,69.3,0.266,3569,643.2,5746,51,Unvaccinated,Medium
25.3,43.9,0.006,0,1100.0,12408,19,Vaccinated,Low
13.9,60.5,0.18,7091,1230.8,10534,64,Unvaccinated,Medium
21.2,28.0,0.018,7875,879.4,9739,28,Vaccinated,Low
22.8,44.4,0.041,0,334.3,8428,11,Vaccinated,Low
11.5,74.7,0.029,4299,676.7,5661,64,Vaccinated,Low
26.7,44.2,0.04,0,323.9,3852,20,Vaccinated,Low
15.2,70.1,0.016,11954,1810.7,14983,87,Vaccinated,Low
28.7,66.7,0.049,0,450.4,9946,7,Vaccinated,Low
25.6,62.0,3.467,937,688.7,6889,82,Vaccinated,High
32.8,32.0,0.203,0,536.9,8271,19,Vaccinated,Medium
32.3,38.8,0.154,0,57.8,1507,12,Vaccinated,Medium
20.5,58.4,0.018,0,453.7,4786,15,Vaccinated,Low
24.4,53.6,0.005,0,1436.6,13491,15,Vaccinated,Low
23.4,57.8,0.332,4892,589.1,8224,30,Vaccinated,Medium
25.9,53.1,0.013,9320,1098.3,12542,24,Vaccinated,Low
20.8,56.1,0.033,0,452.4,10502,6,Vaccinated,Low
19.1,82.6,0.032,9896,1596.1,12103,45,Unvaccinated,Low
19.6,68.3,0.048,2111,243.6,2734,41,Unvaccinated,Low
17.2,57.0,0.007,8911,1684.8,13141,61,Unvaccinated,Low
28.2,75.5,0.044,0,377.0,11641,12,Vaccinated,Low
31.1,62.7,0.047,7483,1045.8,9720,29,Vaccinated,Low
28.7,67.1,0.038,0,54.1,1200,4,Unvaccinated,Low
15.7,53.8,0.035,2494,359.5,3433,38,Vaccinated,Low
20.4,41.2,0.043,4611,784.4,5778,85,Vaccinated,Low
26.9,41.0,0.021,1609,297.6,2298,55,Unvaccinated,Low
21.9,44.9,0.039,4945,661.1,7404,41,Vaccinated,Low
14.7,71.3,0.039,11395,1149.9,14459,37,Vaccinated,Low
24.1,45.4,0.039,6978,1157.8,9774,55,Vaccinated,Low
19.3,60.0,0.034,4111,738.7,5559,82,Vaccinated,Low
19.2,81.3,0.016,1868,303.0,2536,86,Vaccinated,Low
24.4,65.5,0.013,7389,771.5,9492,42,Vaccinated,Low
14.6,55.4,0.045,6491,1202.8,8914,74,Vaccinated,Low
20.2,83.1,0.047,1950,319.4,2480,77,Unvaccinated,Low
14.3,34.2,0.01,6675,1268.7,9364,69,Vaccinated,Low
19.6,53.2,3.261,1232,230.5,3624,27,Vaccinated,High
27.4,72.8,0.027,5783,777.4,7956,23,Vaccinated,Low
24.2,41.6,0.016,7069,817.7,9029,33,Vaccinated,Low
26.6,64.1,0.048,7801,1206.1,11099,37,Unvaccinated,Low
22.8,81.1,0.04,8879,1573.9,12290,88,Vaccinated,Low
19.9,50.5,0.034,0,379.0,11270,13,Vaccinated,Low
23.8,50.4,0.038,6939,706.2,8789,43,Vaccinated,Low
24.3,60.7,0.008,0,173.7,3787,5,Vaccinated,Low
25.2,34.3,0.209,2374,491.3,4394,75,Unvaccinated,Medium
17.7,58.2,0.213,5097,866.0,7950,71,Vaccinated,Medium
16.6,61.0,0.035,3664,650.1,5036,70,Vaccinated,Low
20.0,51.5,0.13,5615,911.2,8202,63,Vaccinated,Medium
24.2,60.5,0.37,7288,765.8,10099,23,Unvaccinated,Medium
24.6,45.9,0.361,6049,1064.9,9445,63,Vaccinated,Medium
13.8,55.7,0.038,5450,1037.9,7817,88,Vaccinated,Low
25.0,64.3,0.243,0,228.1,8643,2,Vaccinated,Medium
17.8,54.1,0.016,0,871.8,9476,17,Vaccinated,Low
23.6,28.9,0.025,11377,1730.7,13579,55,Vaccinated,Low
24.0,73.5,0.009,0,565.8,13255,5,Vaccinated,Low
24.9,32.6,0.036,6105,974.1,7789,70,Vaccinated,Low
34.2,51.8,0.013,1167,127.0,1550,41,Vaccinated,Low
26.9,62.8,0.789,3004,729.0,12133,32,Vaccinated,High
16.4,48.0,0.029,0,37.7,1091,7,Vaccinated,Low
17.2,61.9,0.019,5708,1010.0,8220,45,Vaccinated,Low
14.9,69.8,0.008,0,273.9,6429,11,Vaccinated,Low
18.6,59.9,0.048,1080,130.8,1368,40,Vaccinated,Low
25.5,50.6,0.008,0,521.0,13620,13,Vaccinated,Low
27.0,62.7,0.032,7091,932.6,9354,33,Vaccinated,Low
18.0,65.2,0.042,3187,494.9,4034,66,Vaccinated,Low
27.1,67.9,0.52,5231,719.8,12756,35,Unvaccinated,High
25.3,60.1,0.016,6139,702.8,7638,31,Vaccinated,Low
28.7,47.5,0.03,7994,1402.9,10374,61,Unvaccinated,Low
21.0,28.9,0.009,4439,711.6,6023,57,Vaccinated,Low
25.5,45.9,0.043,5273,844.9,6611,74,Vaccinated,Low
18.9,66.1,0.035,1152,197.1,1428,81,Unvaccinated,Low
19.0,53.3,0.39,5479,1098.6,8822,62,Unvaccinated,Medium
16.8,79.0,0.042,4062,625.1,5195,80,Unvaccinated,Low
19.0,49.8,0.047,4423,693.7,5376,71,Vaccinated,Low
20.3,41.7,0.011,741,104.5,1052,43,Vaccinated,Low
21.7,73.7,0.016,7312,1309.3,9315,72,Vaccinated,Low
24.2,62.4,0.041,6193,1088.5,8613,56,Vaccinated,Low
21.3,59.6,0.018,0,248.8,7522,14,Vaccinated,Low
17.9,68.9,0.026,1480,253.7,2058,76,Vaccinated,Low
24.1,59.2,0.007,5471,845.8,6712,55,Vaccinated,Low
21.8,72.0,0.04,0,426.9,10494,3,Unvaccinated,High
23.0,62.6,0.043,5421,899.6,7215,87,Vaccinated,Low
22.9,73.8,0.032,7626,1265.4,10065,60,Unvaccinated,Low
28.3,48.4,0.045,7877,887.4,10403,38,Unvaccinated,Low
18.3,31.3,0.026,7445,754.5,8853,31,Vaccinated,Low
20.2,55.9,0.034,5869,683.0,7570,21,Vaccinated,Low
26.4,76.5,0.009,7469,1242.7,10148,60,Unvaccinated,Low
26.0,62.5,0.044,4399,705.6,5212,64,Vaccinated,Low
17.0,42.8,0.581,586,236.2,3992,37,Vaccinated,High
15.1,49.6,0.271,6183,785.3,10750,36,Vaccinated,Medium
25.8,55.2,0.042,1644,264.8,2033,85,Vaccinated,Low
19.6,75.2,2.499,4626,778.5,12355,60,Vaccinated,High
18.9,73.2,3.866,3300,983.6,14925,57,Vaccinated,High
23.2,64.9,0.014,0,130.3,3563,10,Unvaccinated,Low
20.2,72.3,1.607,3074,484.9,7985,52,Vaccinated,High
20.5,55.0,0.381,1116,137.1,1533,39,Vaccinated,Medium
21.6,79.6,0.007,0,1342.2,14607,20,Vaccinated,Low
16.3,49.0,0.261,4252,718.1,6444,49,Vaccinated,Medium
20.1,43.2,0.041,10753,1686.0,13453,63,Vaccinated,Low
30.9,85.7,0.03,0,388.2,10115,3,Vaccinated,Low
14.3,48.0,0.033,0,311.0,6342,6,Unvaccinated,Low
33.3,43.0,0.045,7344,1130.4,9088,81,Vaccinated,Low
23.6,63.6,2.639,854,184.6,3342,33,Vaccinated,High
32.0,51.5,0.01,3332,580.4,4696,77,Vaccinated,Low
27.2,66.0,0.005,1683,295.1,2316,89,Vaccinated,Low
20.8,57.1,0.027,5063,926.8,6940,59,Vaccinated,Low
22.8,62.2,0.013,3455,432.4,4810,39,Vaccinated,Low
14.0,61.9,0.031,4354,682.1,5593,89,Vaccinated,Low
10.3,53.5,0.007,8784,1683.7,13034,69,Vaccinated,Low
29.1,57.2,0.047,8972,1170.4,11632,22,Vaccinated,Low
21.1,76.7,0.044,0,352.7,7206,10,Unvaccinated,Low
25.2,75.3,0.081,0,133.9,1890,17,Vaccinated,Medium
20.7,65.3,0.042,1299,246.7,1753,71,Unvaccinated,Low
24.1,54.8,0.048,3383,592.3,4278,82,Vaccinated,Low
21.2,62.3,0.007,863,98.5,1095,36,Unvaccinated,Low
21.7,67.5,0.017,875,87.5,1087,37,Vaccinated,Low
36.6,53.0,0.029,0,512.1,11331,7,Vaccinated,Low
19.9,60.1,0.015,0,183.7,6037,4,Vaccinated,Low
19.5,46.7,0.028,0,308.8,6910,10,Vaccinated,Low
25.4,81.3,3.495,3915,838.5,12789,47,Vaccinated,High
23.2,44.4,0.015,7010,924.2,9070,34,Vaccinated,Low
30.1,57.8,0.031,8378,1229.5,10203,74,Unvaccinated,Low
20.7,38.2,0.032,1446,221.6,1839,47,Vaccinated,Low
27.5,54.6,0.021,7694,993.0,10297,29,Vaccinated,Low
20.1,68.5,0.05,7878,1134.7,10767,36,Vaccinated,Low
24.4,43.6,0.018,8001,1284.0,9750,58,Vaccinated,Low
14.1,66.5,1.741,3102,851.4,13433,31,Vaccinated,High
29.7,51.2,0.028,0,326.9,8656,6,Vaccinated,Low
23.0,59.1,0.013,1154,181.8,1474,46,Vaccinated,Low
14.2,86.7,0.043,0,684.5,7490,18,Vaccinated,Low
23.4,30.1,3.6,1531,374.9,3848,65,Vaccinated,High
23.1,71.9,0.02,2943,492.8,3615,63,Vaccinated,Low
16.5,64.2,0.993,1161,285.1,3568,81,Vaccinated,High
26.5,61.1,0.045,11448,1883.5,14930,45,Unvaccinated,Low
31.8,57.2,0.028,9810,1497.2,12338,59,Vaccinated,Low
28.3,64.9,0.03,9072,1519.6,11485,78,Vaccinated,Low
21.4,60.6,0.327,3849,502.1,6479,31,Unvaccinated,Medium
19.8,65.7,0.032,0,204.8,4281,10,Vaccinated,Low
10.0,37.6,0.071,1898,285.5,2822,64,Vaccinated,Medium
19.4,56.9,0.027,5453,769.0,7569,33,Vaccinated,Low
17.5,69.9,0.032,9858,1256.1,11878,39,Vaccinated,Low
23.6,53.3,0.03,1444,227.0,1715,56,Vaccinated,Low
25.6,57.3,0.034,10953,1907.9,14669,69,Vaccinated,Low
20.3,63.1,0.034,3695,558.4,4713,47,Unvaccinated,Low
18.7,47.4,0.034,3386,587.3,4798,81,Unvaccinated,Low
16.4,62.8,0.037,0,69.8,2369,1,Vaccinated,Low
21.9,77.3,3.087,1703,443.6,5403,52,Unvaccinated,High
26.6,59.5,0.023,6391,1185.0,8499,88,Vaccinated,Low
22.8,65.5,0.015,1353,258.5,1968,81,Vaccinated,Low
16.4,52.2,0.034,3829,548.1,5419,23,Vaccinated,Low
24.0,45.4,0.031,0,255.0,6834,8,Vaccinated,Low
24.9,80.5,0.047,6921,1201.5,10001,69,Vaccinated,Low
34.8,51.1,4.195,2895,907.8,13932,68,Unvaccinated,High
29.3,47.3,0.037,2357,394.9,3193,78,Vaccinated,Low
23.7,66.1,0.025,6747,1149.8,9173,89,Unvaccinated,Low
11.1,55.0,0.006,2624,450.2,3463,66,Vaccinated,Low
22.6,63.2,0.181,2223,410.4,3704,75,Vaccinated,Medium
17.5,58.5,0.042,10593,1343.0,13558,24,Vaccinated,Low
15.2,59.3,0.034,2282,357.1,2916,84,Vaccinated,Low
23.6,69.5,0.042,5028,745.4,6286,58,Vaccinated,Low
22.1,50.3,0.04,4568,792.7,6055,82,Vaccinated,Low
18.9,43.5,0.013,1151,185.2,1411,80,Vaccinated,Low
20.9,62.3,2.554,0,319.0,4312,17,Vaccinated,High
29.3,64.0,0.032,6276,1076.1,8224,78,Unvaccinated,Low
19.9,68.9,0.046,4591,770.2,5924,47,Vaccinated,Low
14.9,65.0,0.025,2940,470.8,3405,78,Vaccinated,Low
18.7,77.7,0.041,5042,541.1,6431,29,Unvaccinated,Low
19.2,89.0,0.019,9314,1459.8,11096,55,Vaccinated,Low
18.9,84.9,0.033,11236,1641.1,13375,60,Vaccinated,Low
15.6,89.6,0.047,8881,1029.3,10798,27,Vaccinated,Low
23.4,50.6,0.027,7018,1233.9,9447,87,Vaccinated,Low
17.0,38.0,0.022,4871,784.2,6086,84,Vaccinated,Low
25.4,61.1,0.042,5888,740.9,7297,23,Vaccinated,Low
24.5,41.7,0.244,2404,528.7,4744,86,Vaccinated,Medium
21.4,44.6,0.038,8146,1540.0,11699,69,Vaccinated,Low
16.8,65.8,0.005,6252,1056.7,8522,88,Unvaccinated,Low
26.8,71.2,0.009,5456,813.4,7064,54,Vaccinated,Low
19.7,54.9,0.034,0,1522.7,14136,20,Vaccinated,Low
20.1,68.8,0.012,11280,1471.4,14649,43,Vaccinated,Low
22.7,64.4,0.027,0,791.6,7846,20,Vaccinated,Low
15.3,62.1,0.031,5925,1016.6,7509,78,Vaccinated,Low
21.2,74.4,0.033,7608,1113.5,10424,37,Vaccinated,Low
24.9,61.2,0.028,928,164.3,1301,66,Vaccinated,Low
22.6,70.7,3.617,1926,777.4,9700,51,Vaccinated,High
25.3,43.3,0.344,3583,734.7,6455,76,Vaccinated,Low
10.0,77.5,1.46,1807,553.0,9760,24,Unvaccinated,High
24.2,64.0,0.041,9172,994.5,11877,28,Vaccinated,Low
19.6,46.5,2.229,454,124.7,2221,31,Vaccinated,High
32.8,59.7,0.033,1501,174.3,2063,43,Vaccinated,Low
28.8,55.3,0.029,0,91.9,1890,3,Vaccinated,Low
27.9,65.1,0.012,1645,295.6,2322,55,Vaccinated,Low
19.2,45.9,0.027,0,454.8,10127,4,Vaccinated,Low
19.1,49.1,0.025,6235,871.4,8932,23,Vaccinated,Low
28.4,63.3,0.021,4848,751.9,5976,82,Vaccinated,Low
20.9,77.9,0.026,0,95.3,2355,2,Vaccinated,Low
22.1,65.1,0.018,2715,467.9,3710,55,Vaccinated,Low
27.9,69.5,0.049,5210,757.0,6133,83,Vaccinated,Low
26.4,54.3,0.01,3783,437.6,5070,21,Vaccinated,Low
14.4,49.5,0.041,2581,354.8,3411,36,Vaccinated,Low
14.9,44.0,0.007,3414,648.8,4648,48,Vaccinated,Low
17.3,55.8,0.014,9989,1609.4,12120,70,Vaccinated,Low
25.1,60.8,0.011,8845,1363.2,11482,47,Vaccinated,Low
14.6,65.1,0.043,7208,1174.6,8539,48,Vaccinated,Low
28.6,67.0,0.396,4051,794.3,6529,49,Vaccinated,Medium
19.4,79.9,0.037,10546,1241.4,12309,43,Unvaccinated,Low
20.4,58.9,0.01,10127,1473.1,14560,43,Vaccinated,High
29.6,42.5,0.236,2817,353.8,4367,36,Vaccinated,Medium
24.3,62.9,0.035,5609,1046.9,8086,73,Vaccinated,Low
20.0,60.5,0.079,5735,1113.8,10539,67,Vaccinated,Medium
27.2,62.5,0.029,9574,1548.3,11657,54,Vaccinated,Low
22.2,75.1,0.046,7071,1148.9,9428,67,Vaccinated,Low
18.8,60.2,0.042,6663,1096.1,9316,84,Vaccinated,Low
16.4,38.7,0.041,9701,1610.1,12646,64,Vaccinated,Low
28.0,71.5,0.03,6082,1169.1,8683,73,Vaccinated,Low
18.0,53.9,0.015,3950,661.1,5575,60,Vaccinated,Low
16.5,75.0,0.009,0,427.8,13886,3,Vaccinated,Low
17.0,69.0,0.03,950,164.0,1396,54,Vaccinated,Low
21.0,50.3,0.013,0,493.5,14526,9,Vaccinated,Low
30.7,68.1,0.008,8977,1594.0,11854,58,Unvaccinated,Low
14.6,45.6,0.021,11025,1915.9,14368,52,Vaccinated,Low
35.8,56.8,0.011,3562,578.5,4353,89,Vaccinated,Low
20.7,67.1,0.006,2492,365.6,2958,63,Vaccinated,Low
17.5,45.8,0.016,0,1364.5,14550,20,Vaccinated,Low
28.1,54.1,0.028,8863,1509.8,11828,67,Vaccinated,Low
20.7,51.9,0.021,5098,1012.6,7179,63,Vaccinated,Low
22.3,66.3,0.012,5582,825.7,7064,47,Unvaccinated,Low
14.9,92.0,0.021,0,144.2,3771,1,Vaccinated,Low
28.0,75.8,2.105,4416,1168.6,13172,75,Vaccinated,High
24.3,63.0,0.034,7729,1124.6,11277,37,Vaccinated,Low
11.2,55.4,0.016,8168,1381.9,10104,63,Vaccinated,Low
27.7,47.3,0.048,8475,1399.3,10536,57,Vaccinated,Low
19.6,77.0,0.213,6995,1303.0,12778,75,Unvaccinated,Medium
31.4,54.8,0.024,0,376.8,10997,4,Vaccinated,Low
21.4,44.1,0.02,0,365.5,7854,1,Vaccinated,Low
25.8,52.1,0.018,3132,328.3,4083,33,Vaccinated,Low
19.6,50.2,0.032,5999,1071.3,8358,79,Vaccinated,Low
26.5,65.1,0.081,6333,881.1,9899,21,Unvaccinated,Medium
17.4,56.4,0.046,7201,1077.8,8856,49,Unvaccinated,Low
22.8,59.3,0.028,3702,595.5,5060,74,Vaccinated,Low
23.7,54.5,0.047,3923,538.4,5110,31,Vaccinated,Low
29.1,53.4,0.05,0,1117.4,13493,16,Vaccinated,Low
23.9,39.0,3.45,1273,633.1,8095,63,Vaccinated,High
25.6,59.8,0.049,1565,266.1,2067,75,Vaccinated,Low
17.2,61.0,0.019,11887,1834.9,14920,56,Vaccinated,Low
24.3,59.1,0.015,7823,1184.5,9115,55,Vaccinated,Low
26.1,44.0,0.049,1327,178.1,1702,25,Vaccinated,Low
23.1,43.0,0.036,6479,1016.4,8345,51,Vaccinated,Low
23.3,51.5,0.038,0,375.2,11277,12,Vaccinated,Low
22.3,54.6,0.01,0,176.1,4569,10,Unvaccinated,Low
24.9,36.4,0.026,0,83.2,2071,14,Vaccinated,Low
19.7,44.3,0.04,4712,617.3,6632,40,Vaccinated,Low
22.5,52.9,0.021,0,533.1,12897,3,Vaccinated,Low
22.2,75.7,0.041,4930,873.6,7119,56,Vaccinated,Low
22.5,40.1,0.014,9383,1725.2,12345,49,Vaccinated,Low
18.1,61.9,0.088,740,83.8,1113,40,Vaccinated,Medium
22.5,59.4,0.041,8531,1600.0,12312,53,Vaccinated,Low
19.7,45.9,0.141,7232,807.3,10496,24,Vaccinated,Medium
22.1,54.2,0.005,0,119.1,1218,20,Vaccinated,Low
14.2,66.3,0.029,7614,1220.2,8876,69,Vaccinated,Low
29.0,60.5,0.019,2645,365.4,3543,24,Vaccinated,Low
18.5,43.6,0.039,10865,1137.9,13718,23,Vaccinated,Low
18.3,51.0,0.012,8974,1637.3,12127,74,Unvaccinated,Low
20.9,57.0,0.027,7449,813.1,9254,43,Vaccinated,Low
32.3,69.8,0.031,9305,1629.0,12526,54,Vaccinated,Low
19.2,66.9,0.04,3749,699.4,5112,83,Unvaccinated,Low
27.2,40.9,0.024,10571,1668.2,12705,64,Unvaccinated,Low
22.8,31.5,0.156,3641,426.9,5778,40,Unvaccinated,Medium
25.2,73.1,0.038,0,557.5,11492,8,Unvaccinated,Low
27.8,52.1,0.032,10252,1450.2,13518,21,Vaccinated,Low
22.9,20.1,0.314,0,90.7,2968,2,Unvaccinated,Medium
23.1,77.6,0.046,0,407.5,4848,17,Vaccinated,Low
19.8,53.1,0.036,5696,932.7,6971,47,Vaccinated,Low
21.6,55.3,0.039,5058,715.3,6527,41,Vaccinated,Low
21.1,67.5,0.032,1440,268.8,2095,85,Vaccinated,Low
19.8,68.2,0.014,9746,1879.6,14383,50,Vaccinated,Low
25.9,62.9,0.043,7758,1018.0,9954,21,Vaccinated,Low
12.7,79.0,0.333,1157,132.8,1593,37,Vaccinated,Medium
34.5,64.3,0.036,3139,294.8,3698,21,Vaccinated,Low
23.0,50.7,0.011,5874,1005.1,8201,78,Unvaccinated,Low
21.5,64.2,0.016,7174,900.6,9632,26,Vaccinated,Low
24.1,48.2,0.032,8213,1327.1,10502,85,Vaccinated,Low
19.7,53.5,0.011,1192,201.3,1493,78,Vaccinated,Low
21.5,62.7,0.032,5536,895.2,7367,50,Vaccinated,Low
22.4,66.8,0.007,0,504.9,5866,16,Unvaccinated,Low
19.4,43.6,0.016,3166,532.7,4051,59,Vaccinated,Low
19.5,34.8,0.049,1828,327.9,2480,79,Vaccinated,Low
24.1,59.8,0.006,0,1056.4,12292,15,Unvaccinated,Low
32.3,66.1,0.038,10975,2019.9,14730,77,Vaccinated,Low
17.6,35.7,0.042,3646,598.0,4710,72,Vaccinated,Low
23.1,67.4,0.041,11230,1558.6,14517,36,Vaccinated,Low
20.9,60.9,0.029,8960,1418.3,11694,60,Vaccinated,Low
26.3,39.0,0.021,10489,1818.3,13941,87,Vaccinated,Low
13.9,64.2,0.012,3107,344.1,3775,28,Vaccinated,Low
24.6,53.0,0.033,6331,1098.2,8357,74,Vaccinated,Low
15.5,48.6,0.281,4041,879.9,7451,49,Vaccinated,Medium
15.2,55.0,0.039,0,1222.0,14539,18,Unvaccinated,Low
21.5,44.8,0.042,11563,1690.5,13465,70,Vaccinated,Low
18.3,76.6,0.042,4637,745.7,5916,87,Vaccinated,Low
25.4,69.2,0.049,739,130.9,1038,64,Unvaccinated,Low
25.9,60.2,0.029,1179,239.2,1710,60,Vaccinated,Low
20.9,47.3,0.024,11033,1155.7,13596,35,Vaccinated,Low
18.1,61.2,0.04,7847,1463.0,11472,57,Vaccinated,Low
30.9,46.0,2.389,0,218.2,12022,3,Unvaccinated,High
26.7,52.6,0.048,8815,1204.0,12215,25,Vaccinated,Low
25.1,45.3,0.041,5647,924.6,6968,48,Vaccinated,Low
25.9,64.1,0.039,7907,1027.2,10736,32,Vaccinated,Low
26.5,60.5,3.916,412,101.2,1247,87,Vaccinated,High
22.3,79.6,0.018,10167,1793.7,13564,88,Vaccinated,Low
28.4,60.2,0.041,749,97.3,1058,27,Vaccinated,Low
15.5,57.2,0.027,0,1112.9,11862,17,Vaccinated,Low
14.0,66.5,0.033,10221,1347.4,14015,33,Vaccinated,Low
15.9,68.4,0.049,6972,912.4,9000,24,Vaccinated,Low
24.1,50.1,0.037,1201,185.4,1478,63,Vaccinated,Low
19.4,43.7,0.027,986,145.4,1187,84,Vaccinated,Low
16.7,50.9,0.397,1089,183.4,1617,71,Vaccinated,Medium
15.1,65.8,0.033,1225,208.6,1790,51,Vaccinated,Low
22.0,60.7,0.081,0,342.5,10962,4,Vaccinated,Medium
26.5,49.0,1.401,4109,928.4,12108,55,Vaccinated,High
24.7,68.9,0.018,9666,1325.0,13293,36,Unvaccinated,Low
25.6,65.1,0.006,4556,454.2,5735,41,Vaccinated,Low
34.0,58.1,0.014,5191,538.5,6688,26,Vaccinated,Low
20.5,47.6,0.036,9574,1200.0,11398,26,Unvaccinated,Low
25.3,62.4,0.009,3571,631.7,5230,71,Vaccinated,Low
20.4,60.3,0.395,1188,225.8,1984,51,Vaccinated,Medium
21.1,63.6,0.047,0,668.7,7020,17,Vaccinated,Low
15.5,72.2,0.026,5770,840.5,7867,40,Vaccinated,Low
24.4,58.5,0.009,7440,1371.4,10550,73,Vaccinated,Low
21.0,34.5,0.037,4192,711.1,5082,85,Vaccinated,Low
27.3,52.6,0.027,0,497.4,13576,13,Vaccinated,Low
25.3,75.0,0.015,1709,342.6,2498,47,Vaccinated,Low
26.2,64.1,0.038,9620,1565.1,12196,75,Vaccinated,Low
23.5,72.2,0.019,8629,1369.2,10432,69,Vaccinated,Low
19.8,71.2,0.011,9483,1379.5,13406,32,Vaccinated,Low
13.2,44.3,0.006,7044,934.3,9188,39,Vaccinated,Low
23.9,54.7,0.025,3006,503.3,3765,72,Vaccinated,Low
27.8,57.3,0.21,2088,358.1,3140,86,Vaccinated,Medium
11.1,49.9,2.871,0,183.3,3983,17,Unvaccinated,High
23.9,61.6,3.005,1918,407.9,5055,48,Vaccinated,High
29.6,56.4,0.246,3943,662.1,6448,68,Vaccinated,Medium
24.0,82.4,0.011,3158,584.2,4219,45,Vaccinated,Low
18.8,66.4,0.009,8466,1174.6,11868,25,Vaccinated,Low
29.2,89.2,0.028,9909,1870.3,13711,60,Vaccinated,Low
23.7,59.4,0.01,0,461.1,12633,2,Vaccinated,Low
24.2,57.1,0.005,3551,525.7,4188,78,Vaccinated,Low
22.6,48.3,0.02,2816,353.5,3621,22,Vaccinated,Low
29.7,93.5,0.016,0,651.0,6274,17,Vaccinated,Low
19.5,64.0,0.006,0,325.2,7783,6,Vaccinated,Low
22.7,55.6,0.038,3578,553.0,4196,59,Vaccinated,Low
22.7,63.0,0.021,1643,247.9,2006,70,Vaccinated,Low
28.2,37.6,0.019,1493,259.2,1974,58,Unvaccinated,Low
20.0,69.8,0.042,11550,1418.7,14958,31,Vaccinated,Low
31.2,74.1,0.025,0,1222.7,10984,19,Unvaccinated,Low
25.8,67.2,0.006,3953,685.5,5301,52,Vaccinated,Low
20.9,65.3,0.035,2406,470.3,3450,76,Vaccinated,Low
23.6,83.6,0.009,9272,1028.8,11791,21,Vaccinated,Low
21.7,39.1,0.017,0,989.9,11092,16,Vaccinated,Low
22.2,90.3,0.123,2160,374.5,3855,54,Unvaccinated,Medium
23.2,56.5,0.02,0,68.2,1338,11,Vaccinated,Low
22.0,61.7,0.916,1926,946.3,11425,54,Vaccinated,High
17.0,77.6,4.392,1965,307.6,5476,24,Vaccinated,High
29.6,72.1,0.018,2525,301.0,3277,40,Vaccinated,Low
17.6,68.8,0.327,7569,1313.8,12242,69,Unvaccinated,Medium
24.5,51.2,0.026,5156,742.9,6036,81,Vaccinated,Low
26.8,74.7,0.233,8788,1639.1,13691,84,Vaccinated,Medium
21.8,43.7,0.075,4886,813.0,7982,50,Vaccinated,Medium
17.1,52.5,0.018,3645,463.2,5084,31,Vaccinated,Low
24.7,63.2,0.096,3928,665.4,6389,86,Vaccinated,Medium
19.0,43.7,0.016,8318,1564.5,11730,79,Unvaccinated,Low
19.7,36.8,0.03,0,431.8,8569,12,Vaccinated,Low
17.9,70.5,0.034,0,1103.4,10889,20,Unvaccinated,Low
17.0,36.6,0.035,7999,1299.5,9736,75,Vaccinated,Low
20.9,57.5,0.044,7948,806.6,9841,38,Vaccinated,Low
20.0,73.2,0.02,12247,1913.1,14859,63,Vaccinated,Low
24.1,60.7,0.036,0,356.2,10261,13,Vaccinated,Low
16.8,64.2,0.019,3158,369.6,3802,31,Vaccinated,Low
25.5,71.8,0.014,6191,780.7,8622,35,Vaccinated,Low
22.2,65.2,0.014,0,134.3,1545,17,Vaccinated,Low
25.2,45.3,0.035,9496,1746.0,13243,49,Vaccinated,Low
18.4,74.6,0.047,1976,215.9,2444,35,Vaccinated,Low
10.9,52.7,0.017,3191,533.1,3776,50,Vaccinated,Low
15.3,61.6,0.012,1200,216.6,1744,52,Vaccinated,Low
18.2,56.1,0.029,8605,976.7,11889,29,Vaccinated,Low
22.7,54.1,0.046,7520,1162.2,9681,50,Unvaccinated,Low
20.8,48.8,0.032,700,137.9,1015,74,Vaccinated,Low
21.9,65.0,0.007,5269,894.1,7502,76,Vaccinated,Low
27.7,87.3,0.02,1332,196.3,1609,55,Vaccinated,Low
21.0,51.3,0.049,0,105.0,3408,7,Vaccinated,Low
27.3,50.1,0.011,7825,1097.9,11420,37,Vaccinated,Low
23.2,53.7,0.027,8196,924.6,10889,22,Vaccinated,Low
24.3,55.5,0.017,0,748.8,7236,15,Unvaccinated,Low
23.5,62.6,0.005,9140,1682.8,13576,69,Vaccinated,Low
14.6,52.7,0.043,4025,576.0,4890,49,Unvaccinated,Low
17.5,64.4,0.025,3147,536.8,4064,76,Vaccinated,Low
20.6,37.6,0.047,1568,168.3,2049,36,Vaccinated,Low
24.1,55.1,0.013,6633,1213.5,8951,88,Vaccinated,Low
23.4,63.1,0.048,9727,1538.0,11900,83,Vaccinated,Low
24.4,47.4,0.021,3441,420.5,4223,44,Vaccinated,Low
24.7,53.6,0.298,0,407.9,13491,5,Vaccinated,Medium
28.5,40.7,0.008,3527,442.7,4686,24,Vaccinated,Low
29.6,42.0,0.022,3983,768.6,5671,60,Vaccinated,Low
27.4,80.3,0.035,2655,405.2,3234,86,Vaccinated,Low
19.9,38.4,0.028,11137,1848.9,13295,48,Vaccinated,Low
20.2,50.5,0.049,7644,1249.9,10313,52,Vaccinated,Low
20.2,92.4,0.027,5971,995.8,7684,82,Vaccinated,Low
13.0,57.6,0.364,0,363.1,10972,9,Unvaccinated,Medium
17.5,81.4,0.025,10530,1225.0,13246,24,Vaccinated,Low
10.3,49.7,2.597,576,331.4,3675,65,Vaccinated,High
22.2,53.8,0.311,8299,1234.6,14751,38,Unvaccinated,Medium
28.1,69.9,0.018,0,85.5,2139,7,Vaccinated,Low
15.2,64.9,0.332,0,171.9,5737,8,Unvaccinated,Medium
22.3,43.8,0.041,9236,1669.3,12926,67,Vaccinated,Low
15.7,54.4,0.113,3520,676.2,6441,52,Vaccinated,Medium
28.2,74.2,0.022,0,94.9,2924,11,Vaccinated,Low
15.0,59.6,0.298,6016,1296.4,11603,54,Vaccinated,Medium
16.4,61.8,0.024,0,256.2,6274,5,Vaccinated,Low
21.1,72.5,0.356,8693,1431.3,14313,31,Vaccinated,Medium
23.9,35.5,0.01,11569,1865.3,14292,77,Vaccinated,Low
26.4,70.1,0.034,6589,1172.4,9532,58,Vaccinated,Low
20.6,56.1,0.088,2311,445.5,3846,62,Vaccinated,Low
25.4,69.6,0.035,0,804.7,8673,19,Vaccinated,Low
26.5,51.1,0.015,6987,1209.6,9366,89,Vaccinated,Low
18.2,63.0,0.012,2722,525.6,3953,86,Vaccinated,Low
29.5,58.2,0.03,0,220.4,7572,8,Vaccinated,Low
26.1,76.9,0.006,8163,956.5,10305,24,Vaccinated,Low
15.6,52.9,3.082,4105,852.7,11619,45,Vaccinated,High
20.1,50.7,0.007,0,233.3,4573,6,Vaccinated,Low
28.2,82.7,0.024,4656,524.5,5833,40,Unvaccinated,Low
29.2,63.0,0.044,7436,1299.6,10574,79,Unvaccinated,Low
20.9,45.0,0.049,1894,359.3,2534,58,Vaccinated,Low
19.4,68.9,0.02,0,183.2,4261,14,Vaccinated,Low
21.1,50.3,0.022,1350,138.4,1586,26,Unvaccinated,Low
30.2,59.8,0.007,8758,1538.5,11836,90,Vaccinated,Low
22.2,54.5,3.241,1406,360.7,5080,82,Vaccinated,High
27.5,62.6,0.045,0,535.4,6792,15,Vaccinated,Low
25.3,63.5,0.043,8989,1675.2,13203,86,Vaccinated,Low
28.3,40.1,0.011,1193,132.7,1616,22,Vaccinated,Low
22.8,44.7,0.044,3658,704.7,5098,80,Unvaccinated,Low
25.5,41.2,0.04,0,364.2,7727,11,Unvaccinated,Low
19.8,70.8,0.015,1185,202.9,1606,80,Vaccinated,Low
16.4,73.7,0.038,4705,737.4,5677,76,Unvaccinated,Low
21.7,57.9,0.044,9969,1740.2,13378,55,Vaccinated,Low
26.7,42.0,0.037,9432,1804.7,13043,48,Vaccinated,Low
29.3,51.7,0.032,9013,951.9,12295,30,Unvaccinated,Low
23.5,55.5,0.015,0,141.4,1713,18,Vaccinated,Low
21.3,80.7,0.047,0,266.5,8854,3,Vaccinated,Low
26.6,37.5,0.038,8560,1045.0,11441,29,Vaccinated,Low
18.7,72.1,3.711,0,209.6,9534,14,Unvaccinated,High
26.7,41.4,0.02,11880,1142.3,14447,26,Vaccinated,Low
28.2,72.6,0.015,12414,1853.6,14931,82,Vaccinated,Low
32.7,49.5,0.154,0,291.5,6837,12,Vaccinated,Medium
24.2,61.0,0.036,8631,1259.6,12459,34,Vaccinated,Low
27.6,62.7,0.046,0,330.2,7406,4,Vaccinated,Low
21.4,74.3,0.017,0,653.7,7989,17,Vaccinated,Low
19.9,51.3,0.029,0,1371.8,13483,16,Unvaccinated,Low
18.5,66.6,0.039,10099,1845.1,14320,83,Vaccinated,Low
18.1,63.7,0.047,7220,1103.6,9358,74,Vaccinated,Low
26.9,85.7,0.037,4107,700.1,5259,64,Vaccinated,Low
16.8,53.8,0.012,9943,1670.0,12325,78,Vaccinated,Low
25.7,77.5,0.016,4013,419.6,4823,35,Vaccinated,Low
27.9,60.5,0.037,8493,1071.6,11080,34,Vaccinated,Low
16.9,59.2,0.027,11802,1530.7,14774,33,Vaccinated,Low
24.6,48.4,0.067,0,126.1,3569,9,Vaccinated,Medium
20.5,66.4,0.035,0,1205.9,12318,16,Vaccinated,Low
19.7,34.4,0.026,8164,1609.5,11535,56,Vaccinated,Low
21.4,56.8,0.026,7301,1216.9,10044,55,Vaccinated,Low
23.2,55.4,0.02,2890,414.9,3479,77,Vaccinated,Low
28.7,52.1,0.252,1147,204.5,2072,45,Vaccinated,Medium
21.6,64.3,0.041,5998,1058.1,8123,59,Unvaccinated,Low
14.8,77.8,0.006,4620,508.9,5849,21,Vaccinated,Low
17.7,74.4,0.026,0,375.2,10760,9,Vaccinated,Low
23.0,56.7,0.041,5308,836.5,6904,55,Vaccinated,Low
24.1,57.7,0.019,6159,1006.3,7488,61,Vaccinated,Low
26.6,47.1,0.011,9383,1449.7,11841,52,Vaccinated,Low
14.2,62.8,0.034,8008,1065.7,10511,38,Vaccinated,Low
24.5,60.1,0.066,0,134.7,3776,8,Vaccinated,Medium
24.4,55.6,0.25,2816,496.4,4145,76,Unvaccinated,Medium
35.4,72.4,0.087,1176,135.2,1624,40,Unvaccinated,Medium
19.5,65.4,0.031,3773,659.4,4936,54,Unvaccinated,Low
27.2,68.2,0.008,9414,1580.5,12196,61,Vaccinated,Low
27.9,72.9,0.006,11391,1912.6,14544,48,Vaccinated,Low
12.6,43.9,0.033,5400,920.5,6575,85,Vaccinated,Low
10.0,56.0,0.329,763,109.5,1048,75,Unvaccinated,Medium
26.7,66.0,0.007,4737,771.3,6050,87,Vaccinated,Low
18.9,50.3,0.034,2120,339.0,2593,88,Unvaccinated,Low
18.8,61.2,0.04,9094,1500.3,11488,73,Vaccinated,Low
27.3,63.7,0.017,1500,305.5,2187,65,Vaccinated,Low
25.3,52.6,0.048,6789,1127.2,9434,87,Vaccinated,Low
19.5,62.6,0.014,0,106.4,3513,7,Vaccinated,Low
25.5,64.5,0.038,0,399.4,10031,10,Vaccinated,Low
21.9,46.8,0.035,0,329.7,7328,10,Unvaccinated,Low
24.9,65.3,0.016,9859,1137.6,12174,25,Vaccinated,Low
26.9,74.9,0.008,0,279.2,2656,20,Vaccinated,Low
17.9,59.9,0.019,2310,313.4,2985,43,Vaccinated,Low
28.3,71.1,0.009,0,669.4,6616,18,Vaccinated,Low
14.1,45.7,0.022,2976,406.2,3698,27,Unvaccinated,Low
20.6,53.9,0.041,9228,925.7,11602,25,Vaccinated,Low
32.6,64.1,0.005,3472,591.5,4272,66,Vaccinated,Low
19.3,78.3,0.027,5577,1080.9,8143,70,Vaccinated,Low
24.5,65.6,0.166,0,359.4,10551,11,Vaccinated,Medium
16.4,46.1,0.027,8708,1434.3,11202,55,Vaccinated,Low
28.8,76.3,0.006,2634,476.9,3538,80,Vaccinated,Low
17.1,51.1,0.045,1849,232.1,2748,38,Vaccinated,Low
19.6,48.6,0.044,4270,689.0,5615,55,Vaccinated,Low
24.4,71.3,0.026,2670,430.3,3181,62,Vaccinated,Low
19.5,49.0,0.025,9209,1510.2,12007,76,Vaccinated,Low
23.1,76.5,0.018,3341,368.7,4112,28,Unvaccinated,Low
19.4,43.8,0.03,0,114.4,2558,9,Unvaccinated,Low
25.1,54.3,0.007,1728,270.8,2218,56,Unvaccinated,Low
15.5,79.7,0.022,0,223.4,2113,15,Vaccinated,Low
24.8,73.2,0.038,0,617.6,5938,17,Unvaccinated,Low
22.7,50.4,0.391,5144,1012.3,8564,83,Vaccinated,Medium
23.1,54.8,0.023,9935,1761.7,13014,63,Vaccinated,Low
15.1,56.0,0.034,0,745.6,8512,15,Vaccinated,Low
20.8,45.5,0.041,6132,997.4,7842,57,Vaccinated,Low
13.8,64.2,0.041,3574,456.7,4499,43,Vaccinated,Low
23.8,40.8,0.01,1437,184.1,1905,40,Vaccinated,Low
19.8,47.0,0.043,8730,1357.9,11262,71,Unvaccinated,Low
20.0,70.7,0.038,8119,1504.2,11650,52,Vaccinated,Medium
17.2,48.8,2.145,1346,837.1,10352,52,Vaccinated,High
25.1,52.4,3.413,0,212.0,3634,16,Vaccinated,High
28.4,52.6,0.011,0,1034.4,11295,15,Vaccinated,Low
34.6,63.8,0.039,0,99.4,2695,4,Vaccinated,Low
16.6,83.8,0.026,3715,531.3,5013,24,Vaccinated,Low
16.6,46.9,0.047,0,182.5,4839,11,Vaccinated,Low
31.2,53.0,0.047,3578,641.1,5158,80,Vaccinated,Low
20.1,58.7,0.008,8463,1525.8,12320,83,Vaccinated,Low
30.1,46.4,0.041,0,1073.8,10511,20,Vaccinated,Low
16.0,57.2,0.047,3093,405.3,4065,34,Vaccinated,Low
21.6,67.6,0.361,0,493.8,6095,17,Vaccinated,Medium
17.1,64.0,0.022,0,521.7,14586,5,Vaccinated,Low
17.2,36.6,1.786,3413,1015.5,14044,34,Vaccinated,High
20.8,57.0,0.044,10851,1098.2,13337,36,Vaccinated,Low
31.5,59.7,0.028,3907,396.0,4855,23,Vaccinated,Low
20.9,51.3,0.047,0,357.0,10530,10,Unvaccinated,Low
28.6,59.7,0.017,5025,868.1,6412,62,Vaccinated,Low
20.8,61.6,1.304,1158,336.6,4859,56,Vaccinated,High
26.4,57.0,4.278,864,491.5,6761,82,Vaccinated,High
21.8,67.7,2.381,0,569.2,14296,19,Vaccinated,High
25.5,64.8,0.013,3234,613.4,4639,58,Vaccinated,Low
30.3,55.8,0.011,9264,1619.7,12858,65,Unvaccinated,Low
17.5,64.5,0.397,5913,858.1,9368,28,Unvaccinated,Medium
22.0,60.5,0.008,1631,259.9,2233,86,Vaccinated,Low
20.3,59.2,0.041,4019,547.6,5402,39,Vaccinated,Low
15.1,43.6,0.031,10077,1468.4,14114,41,Vaccinated,Low
20.5,70.1,0.037,11502,2046.2,14349,90,Vaccinated,Low
20.7,67.6,0.035,8114,1298.5,10420,52,Vaccinated,Low
19.7,44.4,0.035,4422,711.8,5310,52,Vaccinated,Low
24.0,88.3,0.024,9172,1609.6,13081,54,Vaccinated,Low
30.7,56.5,0.005,4266,770.5,6019,74,Vaccinated,Low
18.3,59.9,0.012,11501,1871.9,14952,54,Vaccinated,Low
25.6,60.8,0.006,9935,1753.2,14272,76,Unvaccinated,Low
30.0,67.0,0.013,2895,462.7,3894,76,Vaccinated,Low
26.8,58.6,0.008,3758,486.2,4564,41,Vaccinated,Low
35.5,69.5,0.381,0,314.7,11292,11,Unvaccinated,Medium
22.7,63.7,0.382,4698,902.9,7720,70,Unvaccinated,Medium
20.5,62.7,0.252,5275,855.1,9392,39,Vaccinated,Medium
16.4,55.8,0.01,7831,1324.5,10779,78,Unvaccinated,Low
20.0,59.0,0.042,0,289.3,8034,2,Vaccinated,Low
27.7,54.2,0.042,4104,705.8,5254,62,Vaccinated,Low
26.2,61.4,0.049,2614,447.8,3300,77,Vaccinated,Low
28.1,64.3,0.02,10668,1739.9,13179,89,Unvaccinated,Low
19.5,68.8,0.021,3324,618.6,4833,70,Vaccinated,Low
27.6,56.3,0.02,5120,855.3,6829,85,Vaccinated,Low
23.8,62.3,0.021,2606,461.8,3434,80,Unvaccinated,Low
20.4,60.4,0.011,9984,1850.1,13701,60,Unvaccinated,Low
16.5,77.0,0.02,5579,1043.4,7896,52,Unvaccinated,Low
25.0,44.8,0.024,1374,230.5,1780,55,Vaccinated,Low
24.3,58.6,0.046,5043,545.2,6464,42,Unvaccinated,Low
10.0,78.3,0.019,4991,591.3,6836,33,Vaccinated,Low
13.1,59.0,0.128,8978,1470.3,13747,48,Unvaccinated,Medium
29.3,53.6,0.279,1239,202.9,1819,58,Vaccinated,Medium
20.8,69.9,0.011,1861,349.7,2613,80,Vaccinated,Low
23.1,54.6,0.013,885,104.8,1071,23,Vaccinated,Low
33.5,49.3,0.029,6562,832.4,9257,25,Vaccinated,Low
26.6,52.5,0.03,9853,1854.8,13727,82,Vaccinated,Low
18.5,48.3,0.03,0,647.9,14019,7,Vaccinated,Low
20.8,72.9,0.007,7179,1230.1,8951,88,Unvaccinated,Low
24.3,46.4,0.013,0,112.4,3488,13,Vaccinated,Low
30.1,66.5,0.025,5245,955.6,7163,60,Unvaccinated,Low
23.6,40.5,0.016,1558,300.3,2138,78,Vaccinated,Low
18.1,59.2,0.032,3482,602.4,4793,65,Vaccinated,Low
30.8,63.1,0.044,2549,390.3,3268,67,Unvaccinated,Low
10.0,55.3,0.007,7117,790.8,9514,24,Vaccinated,Low
28.2,55.2,0.291,2689,278.0,3806,31,Vaccinated,Medium
14.8,61.5,1.584,2121,611.6,6966,87,Vaccinated,High
23.8,68.4,0.011,990,128.1,1228,25,Vaccinated,Low
13.0,63.3,0.111,0,408.7,10407,10,Vaccinated,Medium
19.7,39.2,0.037,4611,863.2,6596,58,Vaccinated,Low
23.1,50.3,0.015,7039,1264.2,9725,80,Vaccinated,Low
28.2,67.3,4.085,1345,657.0,7021,51,Unvaccinated,High
21.2,57.8,0.021,3380,550.7,4408,57,Vaccinated,Low
20.9,70.5,0.97,2329,656.4,9154,56,Vaccinated,High
21.0,56.3,2.965,3466,1322.2,13682,75,Vaccinated,High
22.0,75.8,0.023,2847,510.8,3714,55,Vaccinated,Low
22.0,52.8,0.044,11026,1372.9,14416,24,Vaccinated,Low
34.2,61.5,0.15,1692,268.7,2800,24,Unvaccinated,Medium
28.5,26.9,0.009,3708,512.7,4989,42,Vaccinated,Low
22.0,63.9,0.039,4216,621.2,4938,70,Vaccinated,Low
15.2,58.3,0.031,8146,875.4,10831,44,Vaccinated,Low
17.5,62.9,2.671,0,164.4,5086,9,Vaccinated,High
15.9,63.1,0.048,0,380.4,11968,1,Vaccinated,Low
25.0,48.9,1.699,1250,655.6,9040,47,Vaccinated,High
28.2,58.7,1.993,1207,909.2,9934,81,Vaccinated,High
28.7,34.4,0.092,4310,819.4,7056,58,Unvaccinated,Medium
14.8,43.1,0.026,2901,454.5,3815,70,Vaccinated,Low
16.7,64.0,4.046,1673,953.5,10814,85,Vaccinated,High
29.9,71.9,0.031,3319,601.7,4691,46,Vaccinated,Low
18.4,58.0,0.036,3047,528.0,4189,72,Vaccinated,Low
22.0,61.4,0.037,9090,1543.2,12579,68,Vaccinated,Low
19.2,52.5,0.035,8498,1285.0,11952,21,Vaccinated,Low
17.5,73.9,0.008,6388,755.5,7819,31,Vaccinated,Low
18.5,71.5,0.227,0,161.3,3966,7,Unvaccinated,Medium
20.6,86.8,0.176,3645,550.7,5184,76,Unvaccinated,Medium
22.0,63.7,0.043,4370,584.8,5827,22,Unvaccinated,Low
33.2,59.3,0.027,0,164.8,4672,8,Vaccinated,Low
22.0,56.0,0.033,3497,649.4,4811,53,Unvaccinated,Low
24.0,65.7,0.035,0,276.9,8400,2,Vaccinated,Low
14.1,48.8,0.046,2175,413.7,2904,90,Unvaccinated,Low
28.2,60.4,0.035,0,441.9,10231,11,Vaccinated,Low
10.8,73.8,0.043,2473,464.3,3306,46,Vaccinated,Low
20.9,54.0,0.027,4062,688.7,5212,76,Vaccinated,Low
23.4,53.9,0.015,6783,1095.5,9382,66,Vaccinated,Low
30.0,64.8,0.015,1628,217.5,2252,31,Vaccinated,Low
19.5,54.0,0.041,2329,410.0,2998,47,Vaccinated,Low
18.0,73.8,0.046,4489,737.8,5718,61,Vaccinated,Low
14.8,79.7,0.047,5931,712.0,8038,31,Vaccinated,Low
29.4,70.7,0.01,7799,785.2,9674,25,Vaccinated,Low
23.3,65.7,0.024,7419,1173.2,9452,86,Vaccinated,Low
25.3,46.2,0.025,5466,629.5,6560,25,Vaccinated,Low
19.5,43.2,0.044,3689,426.7,4534,24,Vaccinated,Low
18.6,43.6,0.039,5602,591.7,7163,25,Vaccinated,Low
27.5,65.3,0.049,0,711.5,8961,16,Vaccinated,Low
10.3,63.1,0.031,7509,1232.6,9243,85,Vaccinated,Low
21.4,54.9,0.047,10040,1795.8,13684,73,Vaccinated,Low
21.4,63.9,0.347,1759,343.4,3358,60,Vaccinated,Medium
12.7,35.7,1.447,5360,1149.3,13294,69,Unvaccinated,High
22.2,51.9,0.014,10169,1558.5,12356,70,Unvaccinated,Low
24.6,65.7,0.025,2447,409.7,3283,77,Vaccinated,Low
12.6,51.5,0.023,3041,542.0,3857,87,Vaccinated,Low
23.2,52.6,0.02,1813,289.9,2259,56,Unvaccinated,Low
21.0,44.6,0.027,3162,513.9,4342,57,Vaccinated,Low
14.7,66.2,0.049,10136,1209.4,13314,43,Vaccinated,Low
23.8,70.6,0.008,1740,291.3,2361,80,Vaccinated,Low
10.0,74.9,0.005,7662,1309.8,10275,78,Vaccinated,Low
25.0,62.1,0.037,0,509.3,13926,8,Vaccinated,Low
19.2,62.0,0.04,3414,609.3,4676,55,Vaccinated,Low
25.8,63.1,0.031,7930,1371.2,10517,83,Vaccinated,Low
28.7,50.4,0.02,7017,1030.6,8423,67,Vaccinated,Low
20.8,50.2,0.034,7788,1019.5,10754,34,Vaccinated,Low
29.1,72.1,0.014,0,42.4,1332,2,Unvaccinated,Low
15.7,54.3,1.654,2272,488.8,6748,58,Vaccinated,High
30.3,57.8,0.04,10312,1582.7,12633,73,Unvaccinated,Low
17.5,47.2,2.34,0,124.8,5360,6,Vaccinated,High
20.5,53.0,0.041,1507,259.2,1935,71,Vaccinated,Low
35.4,72.2,0.026,0,53.7,1775,11,Vaccinated,Low
25.9,76.6,4.142,2981,1135.5,12068,89,Vaccinated,High
25.9,63.4,4.191,0,83.6,2642,1,Unvaccinated,High
24.7,65.2,0.025,1514,272.6,2116,49,Vaccinated,Low
19.2,51.5,0.04,9158,1214.9,11057,40,Vaccinated,Low
19.0,70.6,0.037,6589,1078.0,8088,58,Vaccinated,Low
17.7,53.5,0.02,0,1475.8,13988,19,Vaccinated,Low
25.9,51.6,0.033,4352,635.2,5126,84,Vaccinated,Low
17.1,70.2,0.923,0,83.3,3517,1,Vaccinated,High
18.1,46.0,4.148,3087,850.2,13875,60,Vaccinated,High
23.1,55.9,0.022,1230,205.7,1512,90,Unvaccinated,Low
31.1,63.8,0.201,4549,726.3,6109,79,Vaccinated,Medium
33.2,72.8,0.016,7910,1562.0,11452,65,Vaccinated,Low
23.2,66.5,0.026,6821,1208.2,9224,75,Vaccinated,Low
25.3,57.9,0.014,2144,420.1,3098,64,Vaccinated,Low
12.0,73.6,0.397,3944,827.1,7303,54,Unvaccinated,Medium
18.1,60.4,0.032,4792,647.4,6454,32,Vaccinated,Low
25.2,69.1,0.034,8748,1384.4,10908,82,Vaccinated,Low
17.0,47.0,0.012,0,270.6,8894,2,Vaccinated,Low
14.7,52.1,0.032,0,465.7,9991,10,Vaccinated,Low
31.0,72.5,0.043,5814,981.4,8195,78,Vaccinated,Low
20.2,52.2,0.005,1036,157.4,1231,87,Vaccinated,Low
21.1,63.2,0.026,11975,1773.4,14268,57,Vaccinated,Low
29.0,32.1,0.038,1669,236.9,2284,36,Vaccinated,Low
21.9,43.6,0.019,9991,1552.5,12924,65,Vaccinated,Low
21.9,58.2,0.032,8018,1128.4,10567,38,Vaccinated,Low
20.1,38.1,0.319,3232,512.6,5714,44,Vaccinated,Medium
15.8,69.2,0.313,7805,1559.1,13106,84,Vaccinated,Medium
31.8,74.0,0.023,0,450.5,12976,2,Vaccinated,Low
17.4,68.8,0.009,9800,1319.2,13228,28,Vaccinated,Low
19.0,50.3,0.02,5528,895.0,6977,72,Vaccinated,Low
26.2,84.6,0.079,0,282.5,8497,9,Vaccinated,Medium
20.3,70.7,0.035,9332,1126.6,13636,23,Vaccinated,Low
28.4,62.5,0.035,0,1020.4,11098,19,Vaccinated,Low
21.4,67.1,0.007,5451,957.4,7504,85,Unvaccinated,Low
11.0,56.8,0.203,8192,1469.9,13006,70,Unvaccinated,Medium
24.6,65.8,0.036,5764,991.0,7250,82,Vaccinated,Low
26.6,68.8,0.021,8499,1497.3,12218,48,Vaccinated,Low
22.2,64.3,0.017,9830,1885.8,14099,80,Vaccinated,Low
25.8,47.8,0.043,9898,1915.1,14350,87,Vaccinated,Low
26.3,65.3,0.026,3498,400.0,4287,23,Vaccinated,Low
20.2,81.2,4.246,3902,852.6,14554,44,Vaccinated,High
19.1,48.5,0.014,4775,946.1,7102,45,Vaccinated,Low
21.8,50.1,0.012,9379,1376.0,11814,88,Vaccinated,Low
24.4,47.0,0.048,1982,346.0,2733,79,Vaccinated,Low
27.8,55.8,0.04,7251,1211.6,9518,56,Vaccinated,Low
26.8,70.0,0.088,9543,1665.1,14041,52,Vaccinated,Medium
30.8,55.4,0.021,0,641.2,6343,18,Unvaccinated,Low
14.7,46.4,0.02,0,265.3,7060,9,Unvaccinated,Low
25.1,66.8,0.049,0,282.4,8680,13,Vaccinated,Low
17.7,66.4,0.048,1070,127.2,1384,25,Vaccinated,Low
22.4,59.4,0.039,4724,654.3,5990,33,Vaccinated,Low
27.3,53.8,0.035,0,207.7,5579,6,Vaccinated,Low
20.4,54.3,0.018,4516,828.9,6295,89,Vaccinated,Low
25.2,53.0,0.308,7655,1404.0,11505,67,Unvaccinated,Medium
30.5,70.5,0.036,9759,1234.4,13524,21,Unvaccinated,Low
16.9,71.2,0.064,7289,1481.0,12201,72,Unvaccinated,Medium
11.7,37.0,0.078,7683,1303.1,13374,66,Vaccinated,Medium
27.9,50.2,0.034,0,269.5,6892,13,Vaccinated,Low
25.9,80.3,0.009,5261,844.9,6728,65,Vaccinated,Low
25.3,81.6,0.015,0,352.1,7827,9,Unvaccinated,Low
24.5,45.1,0.028,8245,1298.1,9829,84,Vaccinated,Low
27.6,54.6,2.272,0,34.6,1290,3,Vaccinated,High
13.3,52.8,0.05,3810,469.3,4652,28,Vaccinated,Low
23.8,68.6,0.028,9852,1758.3,13886,81,Vaccinated,Low
20.8,79.7,0.023,5732,913.0,7736,63,Vaccinated,Low
31.6,65.4,0.044,3422,556.4,4233,86,Unvaccinated,Low
22.3,72.6,1.201,0,38.3,1827,5,Unvaccinated,High
18.4,59.8,0.034,5804,663.2,7626,33,Vaccinated,Low
20.6,89.8,0.16,5070,998.9,8902,51,Unvaccinated,Medium
21.9,66.0,0.223,0,658.7,9110,18,Vaccinated,Medium
21.3,36.5,0.017,10180,1491.6,12204,73,Vaccinated,Low
23.6,59.5,0.019,0,278.8,6226,12,Vaccinated,Low
27.3,49.4,0.049,7474,1089.4,9313,56,Vaccinated,Low
26.9,68.7,0.027,9269,1355.6,11743,78,Vaccinated,Low
20.0,60.8,4.377,1272,193.0,3634,36,Unvaccinated,High
10.0,69.9,0.043,11062,1280.5,13830,37,Vaccinated,Low
15.2,65.3,0.023,6398,1163.1,8971,90,Vaccinated,Low
23.3,51.5,0.02,10409,1511.2,13089,63,Vaccinated,Low
19.2,54.1,0.116,0,758.3,9278,15,Vaccinated,Medium
25.8,65.4,0.012,0,344.1,7118,1,Vaccinated,Low
21.9,46.2,0.008,8260,1223.9,11775,33,Unvaccinated,Low
24.7,45.3,0.043,10198,1680.7,12731,68,Vaccinated,Low
25.0,52.2,0.028,3651,619.9,4667,79,Vaccinated,Low
27.6,68.9,0.011,0,836.7,9400,16,Vaccinated,Low
23.9,63.1,0.022,8180,1452.1,10882,81,Vaccinated,Low
30.7,45.0,0.023,3005,421.6,4417,38,Vaccinated,Low
27.7,56.8,0.027,6547,1059.2,8485,57,Vaccinated,Low
22.1,70.5,0.027,4334,634.7,5337,56,Vaccinated,Low
18.9,62.2,0.029,10072,1111.4,12619,31,Vaccinated,Low
17.6,23.0,0.219,1493,214.1,2328,28,Unvaccinated,Medium
22.2,58.4,0.015,9307,1580.5,11821,90,Vaccinated,High
28.2,66.5,0.044,8472,1343.9,11189,76,Unvaccinated,Low
30.7,51.9,0.018,4472,801.3,6086,65,Vaccinated,Low
21.6,64.2,0.108,0,92.2,2643,8,Vaccinated,Medium
25.2,59.2,0.026,0,568.4,12058,11,Unvaccinated,Low
16.2,53.3,0.035,7806,1181.4,9806,89,Vaccinated,Low
28.1,46.8,0.047,1303,200.1,1614,64,Vaccinated,Low
19.8,52.0,0.029,3678,497.4,5196,41,Vaccinated,Low
36.9,55.0,0.248,5813,1144.7,10414,48,Vaccinated,High
27.6,52.3,0.327,6457,1385.5,11801,87,Vaccinated,Medium
23.7,68.0,0.21,0,1101.8,11618,15,Vaccinated,Medium
20.2,67.1,0.008,8624,1304.0,10509,73,Vaccinated,Low
12.0,63.7,0.017,2254,364.5,2750,74,Vaccinated,Low
20.2,83.2,0.022,7433,1256.9,9906,55,Unvaccinated,Low
15.8,57.5,0.346,0,198.8,4687,4,Vaccinated,Medium
20.1,73.1,0.021,0,321.8,6480,7,Vaccinated,Low
26.1,57.1,0.041,11963,2021.6,14968,47,Unvaccinated,Low
19.3,81.2,0.006,4116,431.9,5367,29,Unvaccinated,Low
13.7,53.9,0.007,10466,1237.8,13520,40,Vaccinated,Low
17.7,69.8,0.016,8100,1557.4,11361,71,Vaccinated,Low
17.9,83.6,0.033,0,635.5,14030,2,Vaccinated,Low
20.4,45.5,0.046,7086,1302.6,10051,51,Vaccinated,Low
26.1,58.9,0.025,0,92.9,1870,12,Vaccinated,Low
12.0,52.1,0.176,0,336.0,12861,14,Unvaccinated,Medium
20.0,40.2,0.04,5420,905.9,6954,54,Vaccinated,Low
23.6,62.5,0.04,5461,865.4,6907,78,Vaccinated,Low
30.3,48.9,0.019,5140,991.8,7245,55,Vaccinated,Low
20.6,46.7,0.393,1118,204.4,1979,85,Vaccinated,Medium
21.7,54.7,0.039,7313,807.1,9302,38,Vaccinated,Low
34.9,70.0,0.035,1840,300.7,2247,79,Vaccinated,Low
27.3,51.5,0.044,8775,966.9,11397,41,Vaccinated,Low
19.4,69.8,0.016,4736,809.2,6688,53,Vaccinated,Low
18.1,60.5,0.008,4023,494.8,5271,43,Vaccinated,Low
19.5,57.3,0.022,8832,1706.8,11936,49,Vaccinated,Low
14.9,48.4,0.006,5996,918.0,7970,67,Vaccinated,Low
13.8,40.2,0.029,4268,722.3,5900,45,Vaccinated,Low
23.4,47.5,0.008,6129,884.1,8651,23,Unvaccinated,Low
23.6,45.6,0.02,3020,525.6,4201,84,Unvaccinated,Low
25.9,61.5,0.006,0,1238.1,12857,16,Vaccinated,Low
18.6,59.5,0.017,2363,415.7,3272,59,Vaccinated,Low
19.1,68.5,0.021,4326,662.1,5265,60,Vaccinated,Low
24.3,64.2,0.189,6749,995.9,10229,60,Vaccinated,Medium
23.9,64.2,0.009,0,162.5,5182,2,Unvaccinated,Low
20.3,77.8,0.013,3325,508.1,4278,56,Unvaccinated,Low
22.2,78.5,0.032,3076,392.4,3740,25,Vaccinated,Low
23.7,59.7,0.021,0,226.8,6341,9,Vaccinated,Low
25.9,53.9,0.023,10057,1718.9,13729,66,Vaccinated,Low
17.3,77.8,0.014,2180,424.2,3090,81,Vaccinated,Low
13.9,43.9,0.037,3385,386.1,4514,43,Vaccinated,Low
20.5,73.5,0.027,0,677.1,6931,20,Unvaccinated,Low
28.7,61.6,0.049,0,716.0,14923,3,Vaccinated,Low
26.1,42.1,0.332,4823,767.2,6864,61,Vaccinated,Medium
28.7,53.0,0.009,4811,935.3,6541,47,Vaccinated,Low
17.5,48.4,1.787,0,786.5,13186,17,Vaccinated,High
24.3,70.2,0.121,5779,883.5,8218,64,Vaccinated,Medium
26.3,64.7,0.03,5291,770.3,6532,46,Vaccinated,Low
12.6,48.4,0.049,6467,807.9,8454,32,Vaccinated,Low
20.0,64.2,0.306,2706,282.9,3984,28,Vaccinated,Medium
23.2,60.6,0.045,8854,1332.6,10330,74,Vaccinated,Low
16.7,58.7,0.015,0,782.4,7369,16,Vaccinated,Low
22.2,63.6,0.045,3453,421.0,4321,22,Vaccinated,Low
24.5,49.5,0.033,5999,659.1,7311,21,Unvaccinated,Low
21.4,49.0,0.033,5100,928.5,6569,46,Vaccinated,Low
19.7,52.2,0.013,5425,767.7,6435,67,Vaccinated,Low
27.1,46.5,0.038,0,751.7,7951,18,Unvaccinated,Low
19.2,46.1,0.035,0,228.8,5947,14,Vaccinated,Low
20.9,58.1,0.019,8710,1339.0,10853,89,Vaccinated,Low
18.6,54.2,0.156,2781,316.6,3921,37,Vaccinated,Medium
22.4,64.7,0.028,11192,1780.2,14476,52,Unvaccinated,Low
10.0,61.9,0.032,4148,821.8,6024,50,Vaccinated,Low
20.3,58.2,0.011,1943,372.5,2663,88,Vaccinated,Medium
26.5,61.3,0.027,1306,143.2,1842,40,Vaccinated,Low
25.4,40.1,0.374,4020,740.0,6515,49,Unvaccinated,Medium
24.0,56.8,0.015,7470,1093.4,10997,38,Vaccinated,Low
22.8,55.2,0.037,4539,750.8,6098,89,Vaccinated,Low
20.2,66.1,0.015,3428,376.6,4207,43,Vaccinated,Low
24.0,63.3,0.03,9767,1826.9,13488,79,Unvaccinated,Low
19.9,65.3,0.017,9967,1522.8,12196,50,Vaccinated,Low
16.8,54.6,1.885,1000,221.9,2753,52,Vaccinated,High
21.6,23.9,0.014,4864,550.6,5875,22,Vaccinated,Low
18.8,69.0,0.014,6274,1166.8,8844,85,Vaccinated,Low
22.5,44.8,0.035,10073,1772.8,13695,72,Vaccinated,Low
26.7,52.7,0.201,0,285.1,11208,13,Vaccinated,Medium
16.2,58.8,0.009,4791,780.4,6345,89,Vaccinated,Low
25.9,60.6,0.045,2675,461.9,3780,80,Vaccinated,Low
33.2,59.3,1.437,1625,515.0,5679,62,Unvaccinated,High
23.9,30.4,0.012,0,494.9,14448,13,Vaccinated,Low
25.0,56.9,0.032,0,84.1,2107,14,Vaccinated,Low
25.7,55.1,0.039,6079,1090.4,8169,69,Vaccinated,Low
21.6,69.7,0.019,5743,732.0,7173,44,Vaccinated,Low
22.1,60.3,1.587,576,215.6,3021,76,Vaccinated,High
26.7,62.5,0.05,9477,1775.8,12558,71,Vaccinated,Low
19.1,64.3,0.011,4500,552.8,5624,37,Unvaccinated,Low
16.3,41.3,0.042,10487,1791.1,13846,53,Vaccinated,Low
21.3,60.2,0.019,8137,1532.6,11727,84,Vaccinated,Low
26.6,43.0,0.041,3068,470.1,3870,54,Vaccinated,Low
18.4,51.9,0.027,0,222.0,2200,16,Unvaccinated,Low
30.1,78.9,0.044,0,87.2,1961,13,Unvaccinated,Low
16.6,66.7,0.049,0,382.7,9612,11,Vaccinated,Medium
18.1,50.7,0.042,1263,219.9,1788,69,Unvaccinated,Low
22.6,57.2,0.03,7869,1279.1,9661,82,Vaccinated,Low
20.6,72.9,0.05,0,409.4,8268,6,Vaccinated,Low
26.8,73.9,0.033,6821,1017.5,9473,22,Unvaccinated,Low
20.1,63.7,0.015,3904,578.6,5842,40,Vaccinated,Low
22.8,52.2,0.033,6438,978.7,8398,54,Vaccinated,Low
23.9,66.4,0.019,5282,990.3,7372,50,Vaccinated,Low
21.8,76.3,0.032,8612,1310.2,10819,67,Vaccinated,Low
22.0,49.0,0.034,2689,291.9,3329,40,Vaccinated,High
24.2,51.3,2.256,1672,415.1,5464,75,Unvaccinated,High
11.6,88.4,0.235,8309,1595.3,14398,57,Vaccinated,Medium
23.8,69.7,0.021,0,421.2,8887,6,Vaccinated,Low
20.4,44.6,0.088,4474,539.2,8018,41,Vaccinated,Medium
19.1,65.8,0.032,957,163.6,1289,89,Vaccinated,Low
21.6,65.9,0.043,2592,412.9,3248,45,Vaccinated,Low
33.9,42.4,0.022,10027,1123.4,13131,25,Vaccinated,Low
24.2,55.4,0.031,3459,600.9,4588,75,Vaccinated,Low
17.3,61.0,0.007,0,454.8,13055,1,Vaccinated,Low
22.7,44.0,0.031,6828,1057.0,8552,78,Vaccinated,Low
18.9,94.9,0.022,10921,1768.7,13356,70,Vaccinated,Low
25.0,72.7,0.036,4547,600.1,6214,24,Unvaccinated,Low
28.0,44.4,0.041,7466,1313.3,9845,70,Vaccinated,Low
21.2,75.1,0.044,6868,955.0,8741,44,Vaccinated,Low
35.6,41.2,0.373,5541,1047.8,9463,76,Vaccinated,Medium
25.9,64.0,0.006,11445,1832.0,14702,80,Vaccinated,Low
26.5,57.8,0.028,4979,873.8,6860,57,Unvaccinated,Low
25.5,56.0,0.035,6855,767.8,9192,37,Vaccinated,Low
35.1,73.2,0.34,7495,1447.1,12388,74,Unvaccinated,Medium
24.8,65.6,0.008,0,782.7,7098,16,Vaccinated,Low
14.6,80.9,0.006,2406,391.8,3334,68,Vaccinated,Low
23.6,76.2,0.046,11111,1746.4,14653,49,Vaccinated,Low
22.6,74.0,0.006,7204,1089.2,10197,28,Vaccinated,Low
22.4,67.9,0.027,9965,1169.1,12990,36,Vaccinated,Low
18.9,60.1,0.028,7488,913.5,9934,42,Vaccinated,Low
27.3,66.5,0.022,4135,767.3,5682,56,Vaccinated,Low
32.2,65.5,0.011,5931,965.8,7322,69,Vaccinated,Low
22.3,66.1,0.014,7437,1123.7,8650,62,Vaccinated,Low
19.7,59.6,0.044,7284,1265.7,9583,69,Unvaccinated,Low
24.4,52.2,0.042,10062,1237.0,13824,37,Vaccinated,Low
20.6,64.7,0.028,0,653.4,6209,15,Vaccinated,Low
24.4,28.6,0.095,8217,1567.7,14612,56,Unvaccinated,Medium
17.4,48.7,0.398,0,66.7,1606,14,Vaccinated,Medium
19.7,55.2,0.01,9539,1481.9,11782,77,Unvaccinated,Low
22.0,48.1,3.559,0,480.5,8587,16,Vaccinated,High
18.2,43.4,0.015,12187,1360.9,14361,43,Vaccinated,Low
18.4,63.4,0.029,10959,1770.6,13976,82,Vaccinated,Low
28.9,69.2,0.014,11297,1607.0,13805,59,Vaccinated,Low
26.9,24.6,0.029,4030,783.4,5532,45,Vaccinated,Low
22.0,63.1,0.039,9051,1205.0,12804,43,Vaccinated,Low
23.7,77.0,0.042,0,522.6,5589,18,Vaccinated,Low
11.0,56.4,0.021,0,110.7,3267,5,Vaccinated,Low
27.6,51.0,0.044,0,222.3,5762,14,Vaccinated,Low
19.0,37.9,0.016,0,74.5,1883,6,Vaccinated,Low
16.6,67.9,0.047,4471,839.1,6072,55,Vaccinated,Low
16.1,56.1,0.017,6508,823.0,8882,31,Vaccinated,Low
34.8,54.5,0.033,0,242.0,2526,18,Vaccinated,Low
14.3,54.8,0.037,0,542.4,5378,15,Vaccinated,Low
12.2,58.1,1.422,1310,297.4,5155,44,Unvaccinated,High
19.2,49.4,0.031,6571,780.4,8970,27,Unvaccinated,Low
28.9,48.9,0.013,0,640.9,14229,2,Vaccinated,Low
20.1,78.3,1.498,3283,921.1,9042,82,Unvaccinated,High
19.2,46.7,0.033,0,368.4,9087,6,Vaccinated,Low
18.2,50.4,0.086,2925,410.0,5376,29,Vaccinated,Medium
22.4,38.3,0.031,0,40.8,1067,6,Vaccinated,Low
15.0,44.0,0.869,2576,819.0,10359,68,Unvaccinated,High
30.2,70.3,0.02,8030,1370.2,10261,79,Vaccinated,Low
17.5,72.5,0.014,0,365.0,8038,5,Vaccinated,Low
23.7,63.0,0.024,9115,1541.1,12318,89,Vaccinated,Low
16.7,50.6,0.52,2231,574.7,11815,33,Vaccinated,High
16.6,59.8,0.042,6194,683.4,8267,34,Vaccinated,Low
17.4,63.4,0.017,6984,1167.7,9883,89,Unvaccinated,Low
27.7,34.1,0.033,7300,1259.1,9831,54,Vaccinated,Low
19.8,47.7,0.007,0,152.8,1919,17,Vaccinated,Low
17.0,80.4,0.027,4740,866.4,6545,59,Vaccinated,Low
17.8,61.1,0.035,0,291.7,6237,3,Vaccinated,Low
17.1,53.3,0.041,8235,1190.6,11094,29,Vaccinated,Low
21.2,46.7,0.009,0,80.0,2094,7,Vaccinated,Low
25.9,65.7,0.038,0,956.2,9749,20,Vaccinated,High
16.2,75.7,0.339,934,118.4,1361,39,Unvaccinated,Medium
22.0,45.0,0.015,6162,747.8,8877,41,Vaccinated,Low
23.9,63.4,0.019,2298,403.6,3205,65,Vaccinated,Low
33.4,78.9,0.029,8541,1268.7,10690,49,Vaccinated,Low
25.8,52.9,0.007,9203,1659.8,12515,71,Vaccinated,Low
26.8,68.2,0.033,1889,304.4,2399,78,Vaccinated,Low
21.5,59.8,0.025,8980,1588.5,11848,61,Vaccinated,Low
17.4,82.0,0.34,0,335.1,9658,1,Vaccinated,Low
22.7,67.5,0.111,7161,1213.6,12905,32,Vaccinated,Medium
20.4,78.4,0.031,6287,669.1,7889,37,Unvaccinated,Low
23.9,59.7,0.01,5982,723.3,7507,43,Unvaccinated,Low
17.0,56.4,0.04,0,421.1,10977,2,Vaccinated,Low
25.8,44.6,0.038,6075,1082.1,7605,53,Unvaccinated,Low
24.7,50.4,0.024,8853,1536.0,11388,55,Vaccinated,Low
21.3,77.5,2.349,1519,720.9,8601,63,Vaccinated,High
22.8,78.2,0.025,9868,1777.3,13785,61,Unvaccinated,Low
27.5,67.8,0.045,10508,1710.9,14419,70,Vaccinated,Low
22.6,65.6,0.037,6370,1052.4,8189,88,Vaccinated,Low
18.4,40.8,0.006,10203,1891.9,14385,64,Vaccinated,Low
21.1,63.6,0.019,0,545.4,12900,2,Vaccinated,Low
29.3,57.6,0.012,12014,1974.2,14927,59,Vaccinated,Low
18.3,35.7,0.025,5931,983.3,7922,48,Vaccinated,Low
27.3,58.9,0.218,1630,177.9,2365,32,Unvaccinated,Medium
23.9,76.8,1.19,2629,705.2,10807,21,Vaccinated,High
14.5,65.2,0.027,3086,427.1,4126,40,Vaccinated,Low
27.6,63.1,0.033,4304,525.9,5915,42,Unvaccinated,Low
20.9,57.9,0.014,3781,603.2,4812,66,Vaccinated,Low
20.1,55.8,0.043,1870,324.0,2435,53,Vaccinated,Low
17.4,65.6,0.569,644,286.5,4407,34,Vaccinated,High
31.4,62.8,0.04,1115,208.7,1643,49,Vaccinated,Low
27.5,41.7,0.026,0,321.5,10549,14,Unvaccinated,Low
24.0,57.0,0.012,10414,1265.0,14120,21,Vaccinated,Low
20.8,66.6,0.013,2257,400.7,3197,71,Vaccinated,Low
18.3,61.4,0.033,10113,1154.0,13663,28,Unvaccinated,Low
25.3,59.1,0.383,2125,341.8,3004,88,Vaccinated,Medium
20.7,56.0,0.044,4297,519.7,5078,27,Vaccinated,Low
25.9,63.7,0.029,10207,1292.1,13638,35,Unvaccinated,Low
25.0,52.8,0.024,8178,991.1,9968,21,Vaccinated,Low
25.8,65.7,0.114,8079,1265.4,11512,57,Vaccinated,Medium
18.1,79.8,0.017,0,522.8,13224,11,Vaccinated,Low
19.9,52.2,3.266,1104,290.0,6114,28,Vaccinated,High
27.7,52.7,0.019,4656,469.8,5897,35,Vaccinated,Low
21.8,82.8,2.212,4315,836.4,14256,34,Vaccinated,High
17.0,61.9,0.048,0,153.5,4067,4,Vaccinated,Low
19.4,60.2,0.005,9257,1779.5,13393,88,Vaccinated,Low
26.3,66.8,0.03,5313,595.5,6839,23,Vaccinated,Low
15.9,70.3,0.011,12448,1865.9,14858,75,Vaccinated,Low
18.3,79.1,0.041,7075,849.9,9608,32,Unvaccinated,Low
21.7,59.1,0.02,6861,1037.2,8664,61,Vaccinated,Low
13.1,61.0,0.011,5088,950.9,7048,74,Vaccinated,Low
19.5,70.7,0.037,7912,1266.7,10558,80,Vaccinated,Low
14.4,57.9,0.015,0,43.9,1350,14,Vaccinated,Low
28.3,59.7,0.044,6485,1131.0,8234,70,Unvaccinated,Low
25.3,58.5,0.034,8023,1335.2,11172,77,Vaccinated,Low
19.2,57.4,0.273,0,407.5,12546,7,Vaccinated,Medium
16.8,65.3,0.049,9944,1780.2,13342,81,Vaccinated,Low
29.0,63.8,0.01,4908,562.5,6617,39,Vaccinated,Low
20.5,55.4,0.025,3537,394.8,4363,30,Vaccinated,Low
20.3,51.1,0.031,0,190.4,1951,15,Vaccinated,Low
22.0,59.2,0.05,9138,1451.0,11246,85,Vaccinated,Low
17.0,53.9,0.008,0,673.8,13950,6,Vaccinated,Low
14.5,54.9,0.022,8888,1360.3,11047,70,Vaccinated,Low
23.3,50.6,0.008,752,87.0,1047,44,Vaccinated,Low
22.5,66.5,0.037,4991,758.3,6341,78,Vaccinated,Low
17.2,60.7,0.047,5640,719.2,7311,43,Vaccinated,Low
12.6,61.0,0.037,3664,450.8,4904,23,Vaccinated,Low
23.5,57.9,0.03,10412,1874.7,14676,80,Unvaccinated,Low
15.8,78.8,0.175,5428,861.4,8122,90,Vaccinated,Medium
16.2,31.5,0.047,10478,1659.8,14087,46,Vaccinated,Low
29.7,58.5,0.037,6278,895.5,8483,28,Vaccinated,Low
21.6,52.9,0.185,9070,1031.3,14725,42,Vaccinated,Medium
20.6,77.9,0.039,9924,1493.1,12069,80,Unvaccinated,Low
24.0,71.3,0.014,2867,528.7,3952,54,Vaccinated,Low
15.1,80.1,0.17,2158,370.2,3237,58,Unvaccinated,Medium
14.4,64.0,0.015,6393,875.7,8717,40,Vaccinated,Low
22.9,52.9,0.047,5855,665.5,7794,23,Vaccinated,Low
20.9,61.7,0.033,8628,1627.2,12528,76,Vaccinated,Low
22.8,55.4,0.045,6875,1410.2,10045,66,Unvaccinated,Low
10.0,39.6,0.15,7404,1047.7,12344,25,Vaccinated,Medium
25.5,54.5,0.102,5219,747.3,7360,75,Unvaccinated,Medium
19.9,79.6,0.005,0,562.6,5397,16,Unvaccinated,Low
29.3,56.7,0.038,2539,323.7,3114,30,Vaccinated,Low
20.4,64.2,0.049,8873,1546.8,11200,80,Unvaccinated,Low
13.2,80.9,4.181,1386,843.8,11330,33,Vaccinated,High
21.0,50.1,0.042,0,137.1,2879,4,Vaccinated,Low
23.1,64.7,0.029,0,317.5,6675,12,Vaccinated,Low
20.3,51.6,0.027,898,124.3,1133,22,Vaccinated,Low
20.0,52.5,0.017,11692,1670.6,14014,52,Vaccinated,Low
21.0,88.8,0.072,3137,409.4,4874,34,Vaccinated,Medium
13.9,53.4,0.025,0,379.0,3590,19,Vaccinated,Low
26.0,79.2,0.009,6962,1154.2,9605,46,Vaccinated,Low
10.8,59.5,0.14,1718,206.8,2524,33,Vaccinated,Medium
15.8,54.2,0.012,0,1215.0,13551,17,Unvaccinated,Low
18.4,77.7,0.033,3190,537.8,4407,57,Vaccinated,Low
13.8,84.8,0.377,2955,514.5,4475,73,Vaccinated,Medium
22.0,73.7,0.01,9620,1018.5,12851,42,Vaccinated,Low
21.1,57.4,0.019,6127,1036.0,7476,82,Vaccinated,Low
17.0,50.8,0.039,5617,934.7,7709,45,Vaccinated,Low
24.5,61.5,0.182,0,929.9,11738,19,Vaccinated,Medium
14.6,62.0,0.023,7738,1072.6,11119,30,Vaccinated,Low
25.5,79.4,0.018,6621,803.3,8346,38,Vaccinated,Low
18.1,55.7,0.016,0,1403.3,12972,15,Vaccinated,Low
21.7,58.1,0.235,5734,804.0,8037,75,Vaccinated,Medium
21.9,71.9,0.023,10702,1879.1,13363,90,Unvaccinated,Low
27.0,43.2,0.022,10549,1325.9,14759,42,Unvaccinated,Low
22.1,95.0,0.042,2712,453.6,3437,72,Vaccinated,Low
23.7,50.0,0.006,8519,1251.1,10478,68,Unvaccinated,Low
19.3,59.9,4.0,0,406.7,13539,13,Vaccinated,High
23.8,56.9,0.026,1278,184.0,1867,24,Vaccinated,Low
20.4,71.2,0.033,1960,337.3,2643,45,Vaccinated,High
20.3,55.0,0.047,10491,1663.0,13405,67,Vaccinated,Low
24.2,59.2,2.992,2999,653.9,9577,37,Vaccinated,High
29.0,60.0,0.027,1980,274.0,2678,41,Unvaccinated,Low
26.0,54.5,0.161,4452,863.7,7686,49,Vaccinated,Medium
23.2,71.3,0.238,5865,1034.8,9485,48,Unvaccinated,Medium
29.8,78.5,0.017,9497,1024.5,13117,27,Vaccinated,Low
21.1,47.8,0.05,10339,1475.3,14307,40,Vaccinated,Low
17.9,64.7,0.005,0,653.5,13106,9,Unvaccinated,Low
22.7,56.0,0.02,3092,476.5,3956,60,Vaccinated,Low
14.5,52.8,0.353,1588,317.5,2770,81,Vaccinated,Medium
28.2,60.9,0.047,10207,1212.3,13677,31,Vaccinated,Low
16.7,76.8,0.048,8504,1343.7,10538,57,Unvaccinated,Low
16.9,59.1,0.021,5784,1087.3,7879,89,Vaccinated,Medium
17.5,64.2,0.041,976,160.4,1345,70,Vaccinated,Low
22.1,63.2,0.042,2671,363.5,3445,24,Unvaccinated,Low
20.1,57.6,0.034,2618,279.4,3353,29,Vaccinated,Low
24.0,43.3,0.258,8229,899.6,11966,22,Unvaccinated,Medium
19.1,73.9,0.021,0,300.7,3403,15,Vaccinated,Low
17.8,67.1,0.017,2797,451.3,3528,62,Vaccinated,Low
18.8,71.7,0.049,0,204.2,4287,5,Vaccinated,Low
24.8,54.3,0.039,0,87.7,1825,7,Vaccinated,Low
12.2,51.6,0.039,0,357.3,8971,12,Vaccinated,Low
27.0,65.3,0.042,9996,1571.5,12851,76,Vaccinated,Low
12.8,57.2,0.033,0,789.4,9593,16,Vaccinated,Low
17.2,58.8,0.042,6149,653.6,8447,42,Vaccinated,Low
28.1,57.2,0.044,6585,1056.2,8449,59,Vaccinated,Low
21.8,60.4,0.049,11124,1752.5,13869,63,Unvaccinated,Low
18.5,75.8,0.037,945,149.8,1159,72,Unvaccinated,Low
22.6,54.7,0.015,10360,1169.0,13735,30,Unvaccinated,Low
31.2,39.0,0.043,4345,690.7,5432,71,Vaccinated,Low
22.6,44.6,0.031,11461,1853.3,14656,62,Unvaccinated,Low
27.9,65.9,0.039,1136,143.9,1511,36,Vaccinated,Low
19.3,40.3,0.149,5464,1081.0,9811,53,Vaccinated,Medium
22.3,60.1,0.278,0,45.0,1241,14,Vaccinated,Medium
27.6,47.9,0.048,6165,1273.2,8942,89,Unvaccinated,Low
15.3,42.4,0.025,3786,486.3,5364,29,Vaccinated,Low
24.9,49.8,0.038,8674,1356.2,10368,66,Vaccinated,Low
14.6,61.2,0.009,10213,1891.9,13982,69,Vaccinated,Low
21.8,68.2,0.046,1714,361.6,2529,64,Vaccinated,Low
21.7,79.4,0.034,11405,1799.2,14920,90,Vaccinated,Low
14.2,63.3,0.049,3044,345.5,4046,41,Vaccinated,Low
16.4,86.3,0.042,4558,567.5,5646,37,Vaccinated,Low
19.8,62.2,0.022,6346,908.5,7421,72,Unvaccinated,Low
25.2,78.6,0.03,0,289.8,7157,11,Vaccinated,Low
10.0,45.9,0.046,0,130.8,3886,11,Vaccinated,Low
23.1,51.8,0.018,0,500.7,13060,14,Vaccinated,Low
26.9,64.3,0.03,7172,726.3,9192,33,Vaccinated,Low
24.4,71.5,0.009,7811,1385.6,11122,51,Vaccinated,Low
15.0,85.0,0.01,6776,1134.9,8791,45,Unvaccinated,Low
19.3,66.3,0.016,1969,328.2,2632,72,Vaccinated,Low
25.3,75.1,0.047,7144,830.3,9840,38,Vaccinated,Low
23.2,57.9,4.137,2281,952.9,14335,78,Vaccinated,High
19.2,90.1,0.144,8108,946.1,13538,24,Unvaccinated,Medium
14.1,57.7,2.275,2107,685.5,8690,57,Vaccinated,High
23.5,65.3,1.334,2195,899.9,13366,62,Unvaccinated,High
19.4,72.0,3.371,0,295.1,9729,2,Vaccinated,High
25.0,54.3,0.02,5187,673.1,7264,43,Vaccinated,Low
28.2,63.4,0.038,0,73.6,2049,11,Vaccinated,Low
28.7,52.6,0.032,0,267.1,8775,1,Vaccinated,Low
24.0,55.5,0.016,0,93.0,2072,5,Vaccinated,Low
19.0,71.0,0.042,3062,482.3,3941,54,Vaccinated,Low
20.9,67.4,0.247,0,363.5,9380,11,Vaccinated,Medium
24.2,47.5,0.02,8891,1006.1,11550,39,Vaccinated,Low
33.3,70.9,0.029,1340,206.6,1649,67,Vaccinated,Low
24.6,71.6,0.046,12318,2030.3,14984,60,Vaccinated,Low
22.6,45.6,0.012,10247,1580.5,13393,80,Vaccinated,Low
20.8,51.9,0.028,9460,1176.3,13479,36,Vaccinated,Low
20.3,51.4,0.048,0,944.8,11663,20,Vaccinated,Low
21.3,60.0,0.253,4381,808.9,7452,55,Vaccinated,Low
16.3,59.3,0.041,10805,1671.4,13247,54,Vaccinated,Low
29.5,56.3,0.047,2292,394.6,3353,64,Vaccinated,Low
28.2,50.5,0.023,2099,342.6,2907,47,Vaccinated,Low
11.9,70.3,0.217,0,391.5,9692,4,Vaccinated,Medium
18.0,54.0,0.026,6737,1034.4,9834,29,Vaccinated,Low
25.9,63.3,0.008,2255,236.0,2888,41,Vaccinated,Low
14.9,56.9,0.046,2223,342.2,2744,49,Vaccinated,Low
22.3,69.1,0.049,2621,382.1,3140,57,Vaccinated,Low
12.7,44.9,0.019,0,220.1,2114,19,Vaccinated,Low
25.8,42.6,0.033,0,39.0,1123,11,Vaccinated,Low
17.0,66.0,0.014,8064,1374.2,10624,73,Vaccinated,Low
16.2,51.2,0.005,8797,1424.4,11406,55,Unvaccinated,Low
18.7,53.7,0.047,1437,263.3,1990,68,Unvaccinated,Low
25.7,37.2,0.011,9219,1017.5,11540,42,Vaccinated,Low
25.8,60.7,0.029,0,397.8,8628,2,Vaccinated,Low
32.4,64.9,0.011,7103,1271.5,10200,81,Vaccinated,Low
20.3,53.8,0.026,8999,1595.8,12257,58,Vaccinated,Low
26.7,52.9,0.016,11334,1453.0,14060,21,Vaccinated,Medium
21.0,63.0,0.045,5406,622.4,7731,33,Unvaccinated,Low
25.1,72.3,0.021,0,454.9,14840,6,Vaccinated,Low
23.2,57.2,0.028,7596,911.5,10624,31,Vaccinated,Low
17.4,55.5,0.006,5095,858.7,6761,60,Vaccinated,Low
10.0,66.5,0.387,4481,639.5,6114,79,Vaccinated,Medium
24.0,51.6,0.015,0,267.9,8374,10,Unvaccinated,Low
24.3,50.6,0.034,6715,1185.8,9476,50,Vaccinated,Low
21.4,52.0,0.041,7160,1180.2,8666,84,Vaccinated,Low
28.4,66.3,0.034,9576,1517.8,11191,76,Vaccinated,Low
29.7,68.1,0.043,4082,664.1,5396,86,Vaccinated,Low
21.0,44.6,0.041,1084,131.4,1386,41,Vaccinated,Low
14.0,62.4,0.043,0,310.0,7244,14,Vaccinated,Low
28.7,64.5,0.017,10493,1010.3,12947,24,Vaccinated,Low
26.4,63.5,0.043,6195,1060.9,7615,80,Vaccinated,Low
26.9,37.1,0.026,4479,716.9,5872,58,Vaccinated,Low
18.4,69.8,0.037,3203,416.2,3964,31,Vaccinated,Low
23.7,60.8,0.006,0,71.2,2288,8,Unvaccinated,Low
17.9,54.2,0.096,8764,1333.9,14940,27,Vaccinated,Medium
22.0,47.3,1.868,2179,818.8,10459,75,Unvaccinated,High
23.5,70.7,0.036,2128,336.9,2795,84,Vaccinated,Low
22.5,59.3,0.039,8498,1179.4,11086,37,Vaccinated,Low
21.1,57.2,0.025,7782,845.2,9776,39,Vaccinated,Low
14.9,55.1,3.533,574,179.6,3013,76,Vaccinated,High
22.2,55.8,0.042,9135,1614.9,12898,63,Vaccinated,Low
29.2,65.0,0.047,2313,252.6,3057,40,Unvaccinated,Low
21.2,68.6,0.016,0,299.3,6515,4,Vaccinated,Low
22.5,67.6,0.04,941,124.4,1155,44,Vaccinated,Low
23.9,40.0,0.03,1142,142.9,1549,40,Vaccinated,Low
16.1,53.3,0.034,0,105.1,3052,13,Vaccinated,Low
31.4,64.2,0.036,10505,1786.5,12972,80,Vaccinated,Low
26.2,59.9,0.044,4792,512.1,6255,32,Unvaccinated,Low
28.4,52.5,0.032,1965,329.3,2782,51,Vaccinated,Low
20.5,64.9,0.289,9259,1693.9,14003,60,Vaccinated,Medium
28.4,79.2,0.045,6594,1191.3,9094,51,Vaccinated,Low
15.4,42.8,0.01,5700,900.4,6991,53,Vaccinated,Low
21.9,62.5,0.035,8321,961.2,10730,39,Unvaccinated,Low
19.0,59.3,0.04,11054,1253.5,13676,39,Vaccinated,Low
33.0,68.4,0.015,4299,735.8,5690,83,Vaccinated,Low
26.5,73.8,0.025,9768,1018.7,12302,34,Vaccinated,Low
30.6,76.5,0.035,4134,495.2,5149,33,Vaccinated,Low
22.9,65.6,0.039,10168,1697.4,12797,74,Vaccinated,Low
19.0,55.5,1.931,0,1068.1,13919,16,Vaccinated,High
24.5,49.3,1.444,1991,439.5,6391,65,Vaccinated,High
10.0,71.9,0.045,0,78.6,1606,4,Vaccinated,Low
24.2,77.3,0.015,8387,1515.3,11936,84,Vaccinated,Low
15.9,41.9,0.006,0,492.1,14774,7,Unvaccinated,Low
14.3,60.7,0.018,11075,1960.8,14672,50,Vaccinated,Low
14.1,65.6,0.012,9726,1572.1,12764,54,Vaccinated,Low
24.1,49.0,0.041,0,331.5,9187,6,Vaccinated,Low
21.2,54.0,0.028,6964,1208.6,9491,69,Vaccinated,Low
22.8,47.4,0.049,0,660.1,14125,7,Vaccinated,Low
22.1,69.8,0.02,0,332.3,7634,6,Vaccinated,Low
23.0,78.0,0.006,5109,689.8,6506,28,Vaccinated,Low
19.9,49.5,0.005,4934,842.1,7080,57,Vaccinated,Low
13.4,78.8,0.02,0,353.5,9921,3,Vaccinated,Low
24.7,38.6,0.372,6525,1329.6,12310,50,Vaccinated,Medium
17.5,67.9,0.029,4143,551.9,5655,24,Unvaccinated,Low
18.5,56.4,0.038,1797,250.4,2515,23,Unvaccinated,Low
29.5,81.9,0.006,2602,401.2,3127,76,Vaccinated,Low
26.4,61.0,0.039,0,264.7,6273,7,Unvaccinated,Low
18.9,67.5,0.039,6220,1067.7,8088,72,Unvaccinated,Low
22.0,79.0,0.046,1561,204.1,2023,37,Unvaccinated,High
22.8,38.9,0.037,8471,1520.3,10986,78,Vaccinated,Low
30.1,76.6,0.011,0,166.3,3411,6,Vaccinated,Low
29.6,70.8,4.286,1427,534.8,9154,39,Vaccinated,High
13.7,43.3,0.039,0,454.3,5777,18,Vaccinated,Low
15.4,68.9,0.047,8523,1457.7,11982,82,Vaccinated,Low
23.5,69.4,0.008,11270,1459.1,14928,39,Vaccinated,Low
19.7,84.0,0.048,7365,1229.8,9847,79,Vaccinated,Low
23.2,55.9,0.012,10005,1938.6,13994,70,Vaccinated,Low
25.2,55.9,0.042,6691,1185.2,8843,53,Unvaccinated,Low
17.6,57.3,0.038,11202,1848.2,14503,47,Vaccinated,Low
26.3,75.3,0.011,0,472.6,14226,7,Unvaccinated,Low
17.7,45.8,0.047,3794,417.6,5166,38,Vaccinated,Low
22.5,57.5,0.042,3824,420.2,4514,41,Vaccinated,Low
26.1,56.4,0.041,7790,883.9,9696,26,Vaccinated,Low
30.3,58.6,0.015,2760,364.0,3477,40,Vaccinated,Low
31.9,61.1,0.049,9494,1412.4,11917,86,Vaccinated,Low
27.3,64.9,0.034,10882,2017.4,14733,69,Vaccinated,Low
32.5,42.5,0.03,2697,509.6,3886,79,Vaccinated,Low
12.9,68.5,0.022,1025,155.2,1295,48,Vaccinated,Low
34.9,62.6,0.01,7729,882.3,9948,25,Vaccinated,Low
21.2,58.3,0.041,0,42.8,1298,1,Vaccinated,Low
17.8,61.7,0.034,11084,1237.1,14191,31,Vaccinated,Low
26.5,82.8,0.255,5402,763.5,9098,42,Vaccinated,Medium
21.1,63.0,0.028,1141,195.8,1627,82,Vaccinated,Low
24.1,58.3,0.044,0,517.8,12036,5,Vaccinated,Low
28.3,59.2,0.038,3761,414.9,4809,36,Vaccinated,Low
25.9,69.3,1.376,659,189.4,2319,47,Vaccinated,High
25.4,54.5,0.014,0,1595.0,14594,19,Vaccinated,High
15.6,78.4,0.043,1004,139.9,1345,30,Vaccinated,Low
21.7,45.5,0.012,1580,194.3,1972,43,Vaccinated,Low
23.0,62.2,0.042,0,380.2,11697,11,Vaccinated,Low
20.4,38.4,0.046,3502,632.9,4657,45,Unvaccinated,Low
22.9,70.0,0.044,2669,323.0,3733,26,Vaccinated,Low
23.4,61.3,0.01,7979,943.6,10005,42,Vaccinated,Low
31.9,45.1,0.015,11467,1450.6,14398,42,Vaccinated,Low
22.0,48.8,0.007,8547,949.6,11759,36,Unvaccinated,Low
19.4,54.5,0.021,4890,710.3,6752,34,Unvaccinated,Low
30.6,58.6,0.039,0,571.5,5344,15,Vaccinated,Low
23.8,53.9,0.148,7204,1345.3,11842,83,Vaccinated,Medium
23.9,47.3,0.012,4701,500.8,5556,41,Vaccinated,Low
17.3,34.8,0.093,7610,910.6,12298,30,Vaccinated,Medium
10.7,67.3,0.007,5289,821.7,6384,68,Vaccinated,Low
23.5,59.7,0.028,9970,1044.4,12190,38,Vaccinated,Low
26.3,64.8,0.044,0,515.2,13787,1,Unvaccinated,Low
13.7,52.3,0.333,3106,439.5,4217,47,Vaccinated,Medium
24.1,46.3,0.01,11648,1934.8,14556,83,Vaccinated,Low
18.6,54.2,0.038,0,211.7,5537,9,Vaccinated,Low
21.0,51.1,0.015,2106,316.9,2658,90,Unvaccinated,Low
30.5,61.8,0.035,3441,568.5,4541,82,Vaccinated,Low
20.4,59.4,0.076,5318,1034.2,8435,71,Vaccinated,Medium
23.0,56.7,0.044,11041,1647.0,13792,53,Vaccinated,Low
20.4,33.5,0.245,0,438.0,11665,13,Unvaccinated,Medium
10.1,54.1,0.033,6842,1281.0,9842,50,Vaccinated,Medium
22.6,47.2,0.009,5639,914.5,6918,48,Vaccinated,High
26.9,61.3,0.024,5899,1037.5,8686,77,Unvaccinated,Low
19.1,53.2,0.023,2335,448.2,3148,72,Unvaccinated,Low
25.4,66.3,0.028,3299,549.6,4578,70,Unvaccinated,Low
20.9,62.2,0.025,1947,309.3,2272,59,Unvaccinated,Low
19.1,51.0,0.011,9272,1665.7,12144,59,Vaccinated,Low
20.7,58.3,0.006,6940,1103.7,9208,78,Vaccinated,Low
23.7,66.0,0.011,0,62.6,1761,7,Vaccinated,Low
18.1,48.6,0.012,0,276.3,6092,13,Vaccinated,Low
28.5,62.4,0.036,10711,1767.5,14320,83,Vaccinated,Low
27.4,60.6,0.027,6398,652.4,7911,39,Vaccinated,Low
27.1,38.1,0.047,8680,1169.3,12345,26,Vaccinated,Low
25.1,62.2,0.026,914,159.3,1349,54,Vaccinated,Low
17.4,79.1,0.029,8242,1527.7,11806,55,Vaccinated,Low
26.9,68.9,0.027,11301,1727.9,14143,59,Unvaccinated,Low
23.9,38.7,0.04,8978,1188.5,13462,33,Unvaccinated,Low
35.2,74.7,0.019,4294,663.3,5197,86,Vaccinated,Low
22.7,61.2,0.015,0,1377.4,14337,19,Unvaccinated,Low
16.8,56.9,0.037,4267,486.1,5888,22,Unvaccinated,Low
18.4,41.1,0.049,0,191.1,4111,12,Vaccinated,Low
16.2,74.9,0.022,6477,902.0,8576,36,Vaccinated,Low
27.7,56.0,0.014,6233,1016.7,7406,73,Unvaccinated,Low
23.2,61.9,1.107,1977,623.6,14653,41,Vaccinated,High
26.3,59.8,0.028,9896,1673.1,13910,90,Vaccinated,Low
22.5,61.8,0.367,6700,1221.5,11072,57,Vaccinated,Medium
22.5,46.3,0.039,10984,1088.9,12744,38,Vaccinated,Low
24.9,87.7,0.01,5408,602.3,6711,41,Vaccinated,Low
19.3,66.0,0.005,0,431.1,13360,14,Vaccinated,Low
17.0,53.4,0.007,4992,801.4,6316,81,Vaccinated,Low
21.0,35.2,0.048,11365,1849.8,14448,81,Vaccinated,Low
26.9,48.1,3.043,2210,617.2,13573,36,Vaccinated,High
23.2,59.1,0.045,7855,1159.4,9624,74,Vaccinated,Low
21.3,63.1,0.01,5857,1020.7,7346,60,Vaccinated,Low
10.0,48.5,0.017,0,477.8,4675,19,Vaccinated,Low
21.9,34.7,0.039,5839,830.3,7921,23,Vaccinated,Low
17.7,57.9,0.343,0,172.0,6742,2,Vaccinated,Medium
31.9,59.8,0.047,6921,1194.1,8897,63,Vaccinated,Low
16.7,54.4,0.044,6331,982.2,9084,23,Vaccinated,Low
13.1,54.4,0.029,0,550.8,14503,5,Vaccinated,Low
33.9,51.9,0.031,4394,725.6,5808,52,Vaccinated,Low
26.0,55.5,0.008,8192,1345.7,10540,75,Vaccinated,Low
20.5,68.1,3.738,1764,376.8,5366,50,Vaccinated,High
20.4,45.7,0.015,10958,1784.5,14668,74,Vaccinated,Low
18.7,43.2,0.034,2955,463.5,3698,78,Vaccinated,Low
15.6,70.9,0.009,3896,692.8,5133,48,Vaccinated,Low
23.6,72.4,0.023,8308,1354.6,11299,67,Vaccinated,Low
12.6,55.5,0.017,1548,165.5,1955,39,Vaccinated,Low
23.9,61.1,0.037,6107,999.2,7445,50,Vaccinated,Low
26.1,60.9,0.035,11042,1369.6,13646,23,Vaccinated,Low
21.3,44.1,0.026,0,909.0,9268,19,Vaccinated,Low
16.7,72.3,0.026,10397,1791.4,14617,65,Vaccinated,Low
29.5,54.8,0.026,7265,927.8,8736,25,Vaccinated,Low
27.3,57.6,1.551,3238,831.9,13396,90,Unvaccinated,High
21.4,57.0,0.035,11043,1095.7,13303,39,Vaccinated,Low
22.5,57.3,0.015,9025,1529.4,12036,72,Vaccinated,Low
25.4,66.6,0.338,8649,1538.7,14103,73,Unvaccinated,Medium
27.6,61.2,0.017,0,564.9,13232,3,Vaccinated,Low
23.4,48.7,0.01,5552,837.1,6519,68,Vaccinated,Low
26.8,63.4,0.023,7821,1229.4,9830,78,Vaccinated,Low
31.8,61.3,0.326,7219,1390.0,12693,62,Vaccinated,Medium
19.7,59.0,0.011,11722,1592.8,14900,40,Vaccinated,Low
17.0,53.0,0.005,5200,1018.1,7483,56,Vaccinated,Low
29.7,62.9,0.044,5771,1006.9,8009,54,Vaccinated,Low
14.5,75.8,0.014,0,410.9,12786,4,Unvaccinated,Low
11.5,48.5,0.03,8368,1543.6,11239,75,Vaccinated,Low
31.4,43.8,0.163,4419,477.6,5847,39,Vaccinated,Medium
19.7,43.7,0.029,8885,1600.9,12824,59,Unvaccinated,Low
27.4,62.1,0.018,9108,1068.5,11274,30,Vaccinated,Low
24.6,71.9,0.329,4829,953.8,8599,88,Unvaccinated,Medium
24.1,64.1,0.024,0,281.6,8082,14,Vaccinated,Low
28.7,57.7,0.012,1530,268.7,1957,53,Unvaccinated,Low
25.2,45.8,0.014,3717,451.5,4517,23,Vaccinated,Low
24.9,58.2,0.009,6827,1110.0,8745,72,Vaccinated,Low
14.4,67.8,0.045,10765,1820.8,14543,70,Vaccinated,Low
24.8,78.9,0.149,4887,908.9,8070,82,Unvaccinated,Medium
18.8,73.4,0.034,4788,786.1,6498,80,Vaccinated,Low
18.5,34.1,0.219,0,461.4,11785,1,Unvaccinated,Medium
23.3,71.8,0.226,3760,582.7,5597,55,Vaccinated,Medium
20.6,75.9,0.035,1255,166.5,1667,34,Vaccinated,Low
20.9,75.2,0.011,11201,1212.8,14626,29,Unvaccinated,Low
23.2,69.7,0.15,4292,511.4,7241,31,Vaccinated,Medium
29.9,65.6,0.041,0,254.9,5947,2,Vaccinated,Low
21.0,62.1,0.29,4308,944.2,8032,50,Vaccinated,Medium
15.8,60.0,0.035,0,629.0,14155,14,Vaccinated,Low
28.6,70.3,1.866,0,121.4,2240,15,Vaccinated,High
22.9,40.6,0.012,11651,1222.3,14723,24,Vaccinated,Low
26.5,43.5,0.036,5318,1067.5,7735,63,Unvaccinated,Low
18.7,65.7,0.017,5779,896.8,6798,75,Vaccinated,Low
18.8,37.5,0.017,7690,1299.3,10398,81,Unvaccinated,Low
23.8,30.4,0.013,11057,1293.4,14166,44,Vaccinated,Low
15.2,71.6,0.046,7281,1156.6,9637,82,Vaccinated,Low
20.8,56.7,0.027,2898,315.5,3450,34,Vaccinated,Low
20.6,70.9,0.045,2774,470.5,3574,77,Unvaccinated,Low
25.1,57.2,0.159,2411,468.7,4734,62,Vaccinated,Medium
29.2,31.9,0.326,5094,863.6,10004,27,Unvaccinated,Medium
17.5,52.8,0.028,8605,1112.9,10733,22,Vaccinated,Low
10.5,60.5,2.85,0,293.7,13258,6,Vaccinated,High
23.4,72.4,0.012,10517,1680.8,13096,59,Vaccinated,Low
21.0,44.3,0.041,6709,845.2,9576,42,Vaccinated,Low
19.5,60.2,0.239,864,144.4,1679,23,Vaccinated,High
19.1,38.3,0.039,8582,1535.2,11885,58,Vaccinated,Low
26.2,60.0,0.028,0,1277.8,12148,18,Vaccinated,Low
19.1,50.3,0.006,6391,1152.4,8124,69,Unvaccinated,Low
28.1,68.1,0.009,8145,1195.8,9523,73,Vaccinated,Low
16.9,39.4,0.046,9233,1532.2,12106,87,Vaccinated,Low
23.1,74.5,0.018,0,233.6,4911,4,Unvaccinated,Low
17.8,32.1,0.05,10290,2058.5,14816,60,Vaccinated,Low
25.0,50.4,0.047,5604,910.3,6573,69,Vaccinated,Low
20.0,70.4,0.031,3232,358.4,4125,29,Vaccinated,Low
27.1,85.5,0.05,8918,1597.1,11763,64,Vaccinated,Low
25.3,35.7,0.032,1910,391.2,2820,49,Vaccinated,Low
18.7,53.1,0.038,6146,962.1,8087,77,Vaccinated,Low
25.1,40.8,0.038,7726,1484.1,11253,71,Vaccinated,Low
19.4,67.4,0.007,9237,1099.8,11596,44,Vaccinated,Low
26.0,71.1,0.028,11466,1896.4,14567,56,Vaccinated,Low
19.3,71.2,0.042,2930,484.8,3703,68,Unvaccinated,Low
22.0,42.2,0.016,0,583.2,12921,12,Unvaccinated,Low
23.5,63.2,0.031,0,367.8,8428,11,Vaccinated,Low
16.6,78.1,0.028,3665,436.2,4984,28,Unvaccinated,Low
20.2,53.9,0.026,10302,1306.2,14573,36,Vaccinated,Low
29.7,50.0,0.039,2181,368.6,2623,49,Vaccinated,Low
22.8,62.1,0.01,0,566.7,14168,12,Vaccinated,Low
20.8,47.1,0.026,5357,978.5,7331,45,Vaccinated,Low
20.3,65.7,0.019,3446,497.5,4922,42,Vaccinated,Low
32.1,53.8,0.094,8964,1495.7,13716,74,Vaccinated,Medium
25.9,61.8,0.046,1629,203.5,1945,40,Vaccinated,Low
17.9,64.7,0.006,0,242.7,8019,9,Vaccinated,Low
18.9,69.3,1.702,1709,476.0,10725,35,Vaccinated,High
24.5,57.2,0.035,1745,293.5,2386,87,Vaccinated,Low
17.6,69.7,0.028,5059,826.5,6167,64,Vaccinated,Low
24.2,69.4,0.01,2747,332.4,3671,42,Vaccinated,Low
17.5,42.6,0.017,7137,1251.2,9971,64,Vaccinated,Low
23.8,62.2,0.031,0,372.2,12310,7,Vaccinated,Low
25.0,50.7,0.005,1033,162.1,1274,68,Vaccinated,Low
21.0,76.5,0.032,5261,612.6,6635,31,Vaccinated,Low
18.7,42.2,0.035,2147,309.7,2601,68,Vaccinated,Low
21.2,61.3,0.07,7267,910.5,11316,26,Vaccinated,Medium
10.0,63.5,0.025,9653,1857.5,13759,81,Vaccinated,Low
20.4,76.9,0.018,9225,1174.8,13164,42,Vaccinated,Low
11.9,59.7,0.03,11284,1514.7,13846,28,Vaccinated,Low
13.9,51.1,4.2,3793,1392.1,13849,67,Vaccinated,High
28.6,38.9,0.035,10916,1389.5,14481,26,Vaccinated,Low
20.5,62.7,0.028,0,207.7,5414,7,Unvaccinated,Low
20.0,47.0,3.777,1525,333.5,5065,76,Vaccinated,High
19.2,38.2,0.008,0,109.3,3503,3,Unvaccinated,Low
20.8,41.7,0.026,9919,1609.7,12299,47,Unvaccinated,Low
19.7,59.5,0.04,0,619.0,7869,18,Vaccinated,Low
24.0,54.8,0.026,9097,1231.2,11349,23,Unvaccinated,Low
21.7,43.5,0.183,0,506.1,7092,20,Vaccinated,Medium
19.0,51.6,0.032,5488,836.3,6637,50,Unvaccinated,Low
20.4,56.2,0.031,2814,405.9,3760,33,Unvaccinated,Low
19.7,62.9,0.035,10021,1840.4,12991,65,Vaccinated,Low
17.1,56.5,0.031,0,564.0,12001,12,Vaccinated,Low
32.3,64.4,0.164,6010,1286.4,10818,83,Unvaccinated,Medium
30.5,60.5,0.037,3493,479.7,4457,26,Unvaccinated,Low
20.6,75.0,0.022,4739,746.6,5786,79,Vaccinated,Low
18.2,61.0,0.029,0,71.7,2361,2,Vaccinated,Low
22.4,60.4,0.379,8578,1308.9,12930,72,Vaccinated,Medium
25.2,57.1,0.035,9150,1062.6,12797,34,Vaccinated,Low
20.3,46.9,0.048,2595,329.8,3594,36,Vaccinated,Low
25.6,44.6,0.036,10883,1813.3,14615,48,Vaccinated,Low
24.2,72.5,0.041,10336,1793.1,14669,48,Vaccinated,Low
21.8,67.4,0.041,0,172.3,1868,15,Unvaccinated,Low
17.0,35.1,1.834,2257,608.8,12570,41,Vaccinated,High
25.6,78.6,0.036,0,604.3,14182,2,Vaccinated,Low
26.4,76.1,0.361,7093,1160.0,10683,70,Vaccinated,Medium
27.8,38.1,0.042,5173,826.3,6463,58,Unvaccinated,Low
15.7,59.1,0.02,7035,1435.2,10120,48,Vaccinated,High
22.5,62.5,0.04,10390,1831.0,13863,75,Vaccinated,Low
17.6,58.2,0.031,7293,866.9,10166,42,Vaccinated,Low
23.3,69.3,0.048,10027,1357.5,12993,37,Vaccinated,Low
22.6,60.7,0.048,2293,329.1,2742,55,Unvaccinated,Low
17.5,68.5,0.012,0,658.7,14507,7,Unvaccinated,Low
21.4,86.7,0.013,5021,629.7,6848,26,Vaccinated,Low
24.0,62.0,0.035,7331,1078.5,8585,48,Vaccinated,Low
13.0,61.5,0.21,5736,1067.5,9300,67,Vaccinated,Medium
20.8,39.4,0.044,0,511.6,5891,18,Vaccinated,Low
18.4,61.4,0.046,0,64.6,1479,5,Vaccinated,Low
35.5,55.0,0.007,5776,1142.2,8214,61,Vaccinated,Low
20.3,35.9,0.017,3363,595.1,4519,52,Unvaccinated,Low
24.9,84.7,0.019,0,1233.7,14992,16,Unvaccinated,Low
11.1,63.2,0.009,7111,1231.0,9094,82,Vaccinated,Low
18.6,86.0,0.005,8371,1544.7,11739,57,Vaccinated,Low
19.1,74.2,0.007,8540,1716.4,12475,63,Unvaccinated,Low
21.4,28.5,0.01,0,89.1,2366,9,Vaccinated,Low
25.9,86.1,0.009,0,108.2,2658,3,Vaccinated,Low
20.9,40.1,0.147,0,101.0,3563,7,Unvaccinated,Medium
29.0,84.8,0.041,0,265.2,5867,1,Vaccinated,Low
32.4,59.8,0.027,9637,1203.7,13566,36,Vaccinated,Low
25.8,61.7,0.018,4212,474.1,5614,37,Vaccinated,Low
27.9,78.8,0.005,1019,168.7,1405,60,Vaccinated,Low
24.3,59.6,0.031,2326,231.5,2876,29,Unvaccinated,Low
24.8,52.1,0.042,5908,803.0,7900,38,Vaccinated,Low
14.8,68.2,0.016,8599,1494.1,10888,62,Unvaccinated,Low
19.4,58.6,0.022,4624,770.3,5475,77,Vaccinated,Low
32.5,51.5,0.398,8809,1318.6,12511,66,Vaccinated,Medium
23.3,57.9,0.019,4212,767.6,5700,89,Vaccinated,Low
21.3,49.8,0.029,7307,869.0,10184,25,Vaccinated,Low
21.2,66.0,0.007,1295,166.7,1595,42,Vaccinated,Low
26.9,67.7,1.265,2153,366.1,5462,48,Vaccinated,High
26.1,71.5,0.032,7908,1318.0,10393,46,Vaccinated,Low
27.4,46.5,0.021,0,571.0,14273,6,Vaccinated,Low
24.0,69.3,0.019,4281,733.6,5382,90,Vaccinated,Low
31.2,57.2,0.988,1405,505.9,5821,53,Vaccinated,High
24.7,71.3,0.1,4167,648.0,6939,42,Vaccinated,Medium
15.7,55.9,0.128,3390,518.5,6084,26,Unvaccinated,Medium
26.1,75.4,0.03,0,213.0,5224,2,Vaccinated,Low
23.8,42.7,0.043,5795,589.2,7099,29,Vaccinated,Low
15.3,55.0,0.028,9208,959.7,11189,36,Vaccinated,Low
28.6,59.7,0.014,0,314.4,7155,12,Vaccinated,Low
15.2,61.0,0.023,2240,391.0,3085,73,Vaccinated,Low
22.2,61.7,3.174,952,260.1,3924,89,Vaccinated,High
26.4,65.9,0.01,10716,1172.0,13164,25,Vaccinated,Low
13.9,51.7,0.245,0,166.7,5814,7,Unvaccinated,Medium
14.2,71.5,2.685,1245,307.5,3596,80,Vaccinated,High
20.4,47.3,0.271,9300,1651.2,14375,80,Vaccinated,Medium
12.9,70.8,0.044,9601,1571.4,11768,61,Vaccinated,Low
20.5,65.0,0.042,11003,1796.4,14524,50,Vaccinated,Low
21.6,67.4,0.033,0,1372.9,14667,17,Vaccinated,Low
19.1,87.8,0.03,5807,786.9,7541,39,Vaccinated,Low
22.2,67.8,0.013,2771,413.5,3345,46,Vaccinated,Low
23.5,40.8,0.019,5287,896.7,6340,79,Vaccinated,Low
20.9,60.4,0.007,10785,1150.6,13295,30,Vaccinated,Low
25.0,65.6,0.044,1012,167.4,1370,49,Unvaccinated,Low
18.2,66.7,0.028,9525,1476.6,11788,57,Vaccinated,Low
27.4,40.6,0.027,8030,1218.3,10311,86,Vaccinated,Low
16.4,60.4,0.044,11033,1338.4,14251,41,Unvaccinated,Low
15.6,71.6,0.024,5077,911.7,7588,58,Vaccinated,Low
28.2,44.2,0.023,9607,1598.3,13038,46,Vaccinated,Low
31.7,51.5,0.006,7102,783.5,8745,35,Vaccinated,Low
24.0,45.5,0.048,2179,401.9,3088,50,Unvaccinated,Low
16.5,64.7,0.017,7911,875.1,9948,42,Vaccinated,Low
16.0,65.5,0.02,7680,1435.4,10189,72,Vaccinated,Low
25.8,52.2,0.348,7340,893.0,11829,34,Vaccinated,Medium
23.6,52.7,0.374,2221,411.1,3252,57,Vaccinated,Medium
23.7,80.2,0.361,1420,255.7,2221,56,Vaccinated,Medium
19.9,54.9,0.006,7216,1405.0,10019,73,Vaccinated,Low
24.6,56.7,0.017,0,311.5,6627,8,Vaccinated,Low
26.0,49.9,0.01,9274,1349.6,12880,36,Vaccinated,Low
25.1,56.1,0.022,3960,498.8,5065,34,Vaccinated,Low
28.5,60.0,0.049,11960,2027.0,14918,84,Vaccinated,Low
30.5,59.5,0.013,0,348.5,8193,7,Vaccinated,Low
28.0,67.0,0.028,3716,652.2,5206,83,Vaccinated,Low
20.6,53.6,0.034,0,202.2,4831,8,Vaccinated,Low
19.1,62.4,0.015,0,573.9,14754,10,Vaccinated,Low
22.2,38.4,0.015,0,426.2,8520,1,Vaccinated,Low
25.8,66.4,1.59,0,578.9,8699,18,Unvaccinated,High
23.4,57.0,0.036,4857,949.7,6793,68,Vaccinated,Low
29.7,53.7,0.045,7318,1134.0,9537,84,Vaccinated,Low
19.5,50.1,0.027,8798,1267.7,10493,88,Vaccinated,Low
24.5,77.2,1.18,2918,1083.3,12063,78,Vaccinated,High
16.8,56.6,0.035,8114,1020.7,10511,29,Vaccinated,Low
34.5,78.8,4.374,1456,884.1,10627,59,Unvaccinated,High
29.2,68.7,1.076,4074,988.3,13657,88,Unvaccinated,High
16.9,52.2,0.027,6923,704.8,8839,32,Vaccinated,Low
10.0,86.9,2.038,0,956.6,14748,17,Unvaccinated,High
19.2,61.4,0.029,2863,520.7,3970,62,Unvaccinated,Low
20.3,84.5,0.044,9127,1698.7,12726,85,Unvaccinated,Low
27.1,38.9,0.036,0,183.3,4090,5,Unvaccinated,Low
18.8,43.2,0.045,0,488.4,13256,2,Unvaccinated,Low
25.2,48.5,0.043,8497,1543.0,11815,50,Vaccinated,Low
20.6,67.2,0.02,10084,1775.5,14165,87,Vaccinated,Low
22.0,51.3,0.006,8494,1562.1,11278,64,Vaccinated,Low
20.3,53.4,0.04,10464,1958.8,14673,77,Unvaccinated,Low
19.9,47.4,0.365,8558,1644.3,13920,72,Vaccinated,Medium
16.4,38.2,0.037,7310,1087.3,10876,41,Vaccinated,Low
21.6,48.8,0.023,7310,1259.5,9868,84,Vaccinated,Low
24.0,48.1,0.032,3951,629.7,4961,50,Unvaccinated,Low
10.0,57.4,0.036,6809,1217.5,9186,89,Vaccinated,Low
22.3,36.2,0.024,0,258.7,7156,12,Vaccinated,Low
23.0,69.7,0.019,0,520.0,11978,10,Unvaccinated,Low
14.4,71.6,0.046,0,324.6,6560,9,Unvaccinated,Low
25.2,75.9,0.025,1390,164.9,2038,42,Vaccinated,Low
23.9,74.9,0.049,11611,1841.4,14093,65,Vaccinated,Low
20.1,46.1,0.038,0,383.3,11542,14,Vaccinated,Low
18.6,67.5,0.187,0,400.4,12372,11,Vaccinated,Medium
17.7,49.0,0.021,0,1290.7,14258,17,Vaccinated,Low
18.2,37.5,0.13,3131,478.4,4853,28,Vaccinated,Medium
19.0,65.8,0.236,0,277.9,3955,16,Unvaccinated,Medium
22.2,52.4,0.008,0,524.2,12974,7,Vaccinated,Low
12.7,73.6,0.046,8757,1558.4,11564,78,Vaccinated,Low
22.1,53.8,0.035,4283,833.7,6206,83,Unvaccinated,Low
18.7,95.0,0.017,1448,190.4,1843,23,Vaccinated,Low
14.4,62.5,0.029,2416,450.6,3379,74,Vaccinated,Low
18.3,54.0,0.048,0,392.8,10941,14,Vaccinated,Low
19.4,71.8,0.046,7522,817.6,9827,33,Vaccinated,Low
14.8,63.2,0.019,1766,273.7,2174,61,Vaccinated,Low
31.0,59.4,0.147,8545,1221.1,12364,78,Vaccinated,Medium
20.9,55.4,0.039,10340,2056.4,14744,76,Vaccinated,Low
25.6,78.5,0.036,0,344.6,8125,3,Vaccinated,Low
21.2,58.2,0.006,4590,454.3,5656,42,Vaccinated,Low
18.3,77.1,0.024,0,520.8,11622,7,Vaccinated,Low
25.3,54.4,0.035,939,132.4,1106,73,Vaccinated,Low
29.8,36.1,0.024,0,161.3,4724,12,Vaccinated,Low
16.2,60.6,0.046,3774,399.3,4840,33,Unvaccinated,Low
28.7,60.7,0.022,9672,1504.8,12571,81,Vaccinated,Low
21.6,72.7,0.037,7895,913.1,9367,23,Vaccinated,Low
16.4,49.9,0.013,2360,405.8,3069,60,Vaccinated,Low
19.4,58.8,0.023,11705,1771.7,14031,77,Vaccinated,Low
20.4,58.0,0.032,6839,758.9,8645,37,Unvaccinated,Low
18.2,60.8,0.017,0,221.5,2214,17,Vaccinated,Low
24.9,54.7,0.048,3560,644.5,5017,76,Unvaccinated,Low
28.2,54.4,0.018,4742,935.4,7027,73,Vaccinated,Low
23.6,60.6,3.216,2989,901.0,12224,77,Vaccinated,High
22.7,42.6,0.043,3102,560.4,4352,75,Vaccinated,Low
27.4,79.7,0.036,8722,1615.7,12142,69,Unvaccinated,Low
16.6,73.0,0.023,2341,269.3,3134,36,Vaccinated,Low
13.4,53.5,0.042,10705,1162.1,12856,23,Vaccinated,Low
19.2,61.6,0.05,4944,968.7,7133,74,Vaccinated,Low
16.7,61.3,0.044,9010,1044.8,12597,37,Vaccinated,Low
18.4,55.1,0.033,1061,196.9,1521,74,Vaccinated,Low
29.9,62.9,0.013,1758,212.4,2406,41,Vaccinated,Low
30.9,46.3,0.243,1586,168.5,2377,31,Unvaccinated,Medium
28.1,55.1,0.05,3804,616.1,4781,72,Vaccinated,Low
12.7,62.4,0.005,10586,1290.6,14127,39,Vaccinated,Low
20.8,76.3,0.015,6069,749.5,7677,33,Vaccinated,Low
25.4,65.0,0.047,2204,331.1,3083,32,Unvaccinated,Low
11.2,90.2,0.078,1011,142.8,1593,23,Vaccinated,Medium
19.2,81.7,0.034,0,85.4,2504,1,Vaccinated,Low
26.1,58.3,0.198,8165,1144.3,11691,80,Vaccinated,Medium
15.4,53.2,0.007,0,111.4,2680,14,Vaccinated,Low
23.0,54.3,0.273,3181,688.6,5942,87,Vaccinated,Medium
12.2,61.6,0.034,6691,1036.0,8100,48,Vaccinated,Low
23.1,69.7,0.011,9781,1716.4,12266,60,Unvaccinated,Low
21.4,42.5,0.031,1845,265.9,2587,30,Vaccinated,Low
21.5,58.5,0.008,7882,1359.8,9979,66,Vaccinated,Low
19.7,69.0,0.035,0,199.2,5733,6,Vaccinated,Low
17.2,61.7,0.553,1433,658.0,8074,84,Vaccinated,High
16.7,41.7,0.012,1558,169.7,2064,37,Vaccinated,Low
16.8,64.8,0.014,3961,683.7,5433,46,Vaccinated,Low
13.7,56.9,0.017,4838,791.3,6584,89,Vaccinated,Low
23.4,53.4,0.007,0,337.9,6973,11,Vaccinated,Low
32.6,74.0,0.039,8662,1409.3,11952,82,Vaccinated,Low
22.8,71.4,0.345,2614,435.5,3991,68,Vaccinated,Medium
10.0,80.6,0.514,0,365.5,5848,20,Unvaccinated,High
24.8,52.8,0.018,0,303.1,6588,3,Vaccinated,Low
23.6,70.4,0.096,2301,444.6,3760,65,Vaccinated,Medium
16.7,33.6,0.033,0,122.6,2725,11,Vaccinated,Low
25.4,73.1,0.018,4490,770.5,5839,87,Vaccinated,Low
20.0,45.3,0.022,6118,945.3,7608,73,Vaccinated,Low
27.7,75.5,0.006,0,630.1,7439,16,Unvaccinated,Low
21.5,50.9,0.015,0,763.1,7423,15,Vaccinated,Low
26.8,52.3,0.019,9159,1411.4,11528,53,Unvaccinated,Low
21.4,60.0,0.047,4843,710.6,5660,57,Vaccinated,Low
25.2,34.8,0.373,8974,1636.6,13656,88,Unvaccinated,Medium
22.1,40.7,2.592,0,258.2,7435,14,Vaccinated,High
18.9,50.3,0.027,4257,854.2,6011,55,Vaccinated,Low
29.1,45.9,0.043,10107,1462.2,13251,44,Vaccinated,Low
17.8,58.8,0.024,11658,1878.8,13904,86,Vaccinated,Low
18.7,77.0,0.044,1225,138.0,1459,21,Vaccinated,Low
22.9,56.9,0.019,9798,1124.9,12290,34,Unvaccinated,Low
22.1,61.6,4.48,2552,751.1,11572,62,Vaccinated,High
14.2,78.4,0.009,0,360.7,8918,2,Vaccinated,Low
21.0,63.7,0.346,4950,781.3,7509,73,Vaccinated,Medium
23.4,46.9,0.009,5921,657.4,7306,28,Unvaccinated,Low
20.7,60.7,0.335,0,586.9,14101,1,Unvaccinated,Medium
23.6,49.0,0.036,0,384.4,9436,3,Unvaccinated,Low
10.0,50.2,0.263,7720,922.2,12606,33,Unvaccinated,Medium
24.4,80.4,0.046,10500,1198.1,14577,34,Vaccinated,Low
29.6,70.9,0.022,0,315.2,7484,10,Vaccinated,Low
15.1,49.4,0.015,1310,212.7,1770,46,Vaccinated,Low
19.6,50.8,3.415,1246,965.8,10173,46,Vaccinated,High
18.4,67.9,0.042,3896,486.1,5431,27,Vaccinated,Medium
27.6,47.6,0.029,7086,807.3,8985,40,Vaccinated,Low
17.8,45.0,0.007,3461,654.7,5133,48,Unvaccinated,Low
19.8,58.1,0.049,9043,1534.5,12034,74,Vaccinated,Low
23.9,65.1,3.216,844,177.6,2163,53,Vaccinated,High
28.7,57.9,0.029,0,176.5,4490,9,Vaccinated,Low
24.6,47.2,0.038,1110,146.2,1469,27,Vaccinated,Low
15.6,77.0,0.082,1613,275.8,2633,81,Vaccinated,Medium
28.7,54.4,0.007,3598,385.9,4829,25,Vaccinated,Low
18.8,60.5,1.563,1365,625.1,8421,64,Vaccinated,High
22.6,54.4,0.029,9392,1405.4,11382,66,Vaccinated,Low
27.1,62.5,0.006,10072,1284.4,12925,34,Unvaccinated,Low
22.7,49.2,0.048,8180,1630.6,11807,76,Unvaccinated,Low
25.2,78.7,0.036,8230,1366.0,10867,53,Unvaccinated,Low
17.9,76.7,0.042,3712,622.6,4556,53,Vaccinated,Low
25.8,56.4,0.047,7790,1450.1,11325,88,Vaccinated,Low
25.0,31.6,0.041,0,173.3,3832,13,Vaccinated,Low
18.3,60.0,0.047,0,232.4,5580,11,Vaccinated,Low
27.5,50.8,0.013,6236,815.4,7739,25,Vaccinated,Low
20.2,59.4,0.024,9025,1714.3,13069,54,Vaccinated,Low
17.6,59.1,0.045,9755,1229.5,12746,22,Vaccinated,Low
25.1,58.1,0.029,7745,921.6,9400,27,Unvaccinated,Low
16.0,42.2,0.027,7903,1430.7,10702,54,Unvaccinated,Low
29.4,78.6,0.05,4248,848.4,6171,70,Vaccinated,Low
21.7,40.4,0.007,6558,1076.0,8237,57,Vaccinated,Low
13.9,63.9,0.042,0,1408.8,13793,15,Vaccinated,Low
29.4,61.9,0.019,8935,1662.0,11841,72,Vaccinated,Low
26.3,74.5,0.027,4279,622.4,5754,21,Unvaccinated,Low
22.6,45.5,0.009,6028,1072.0,7706,53,Vaccinated,Low
28.1,63.0,0.008,10598,1468.0,14155,23,Vaccinated,Low
15.3,66.0,0.037,8845,1446.1,10997,75,Unvaccinated,Low
21.5,62.5,0.039,11124,1213.2,13937,41,Unvaccinated,Low
17.8,56.0,0.038,5503,922.8,6779,52,Unvaccinated,Low
20.6,75.5,3.801,2913,1097.0,11531,82,Vaccinated,High
25.7,49.2,0.026,5744,962.3,6981,62,Vaccinated,Low
32.0,57.8,0.043,7608,1311.1,10114,45,Vaccinated,Low
19.1,38.8,0.014,0,519.2,13473,12,Vaccinated,Low
20.7,64.6,0.025,1569,262.7,2108,74,Vaccinated,Low
11.0,61.9,0.018,3177,526.0,4173,57,Vaccinated,Low
28.3,57.2,0.395,1692,296.0,3258,31,Vaccinated,Medium
21.4,68.4,0.01,11345,1825.5,14421,64,Unvaccinated,Low
23.0,53.7,0.046,3510,550.5,4147,47,Vaccinated,Low
18.2,43.9,0.015,2321,274.5,3318,39,Vaccinated,Low
25.4,70.4,0.029,8309,962.4,11536,29,Vaccinated,Low
19.4,51.0,0.049,4623,872.9,6496,89,Vaccinated,Low
23.1,59.3,0.03,4213,750.5,5904,75,Unvaccinated,Medium
25.1,59.9,0.026,11283,1322.1,14657,41,Vaccinated,Low
21.4,65.2,0.032,5617,700.2,6657,26,Unvaccinated,Low
17.3,70.1,0.007,0,157.2,3657,6,Unvaccinated,Low
25.4,70.2,0.03,8516,1300.9,10434,46,Vaccinated,Low
23.5,48.4,0.04,0,326.2,7515,9,Vaccinated,Low
20.4,64.5,0.378,9120,1614.3,14063,89,Vaccinated,Medium
23.4,59.7,0.016,0,75.3,2235,3,Unvaccinated,Low
22.4,56.5,0.01,11156,1314.4,13224,34,Vaccinated,Low
26.0,43.7,0.026,3189,360.5,4515,32,Vaccinated,Low
22.5,69.6,0.021,8382,1378.8,9981,54,Unvaccinated,Low
13.6,54.5,0.016,7990,1482.8,11385,88,Vaccinated,Low
16.2,48.6,0.049,2786,321.1,3637,22,Vaccinated,Low
32.3,65.0,0.028,1212,116.3,1474,24,Vaccinated,Low
17.0,66.2,0.013,10873,2042.1,14652,72,Vaccinated,Low
17.7,55.4,0.077,5451,767.9,7805,68,Unvaccinated,Medium
21.6,48.5,0.036,0,226.5,5004,3,Vaccinated,Low
25.6,75.7,0.009,0,616.2,14503,13,Vaccinated,Low
22.1,73.5,0.012,0,313.5,9264,4,Vaccinated,Low
20.4,47.7,0.032,0,186.3,2242,15,Vaccinated,Low
23.2,62.1,0.017,2179,255.4,2551,37,Vaccinated,Low
16.0,61.1,0.114,0,234.2,7709,9,Unvaccinated,Medium
28.9,47.2,0.035,3316,351.2,4028,39,Vaccinated,Low
22.7,40.2,0.043,1696,307.4,2147,62,Vaccinated,Low
16.5,58.9,0.025,0,408.4,10054,10,Unvaccinated,Low
24.0,67.2,0.038,2245,386.5,3159,60,Vaccinated,Low
22.3,55.0,0.01,10209,2005.7,14591,60,Unvaccinated,Low
20.4,24.1,0.019,9596,1667.9,12700,60,Vaccinated,Low
27.8,52.3,0.34,2481,459.3,3859,54,Vaccinated,Medium
27.7,55.9,0.012,8556,1117.2,11565,39,Vaccinated,Low
12.8,57.6,0.339,6930,1362.8,10908,83,Vaccinated,Medium
28.3,67.2,0.043,8190,1140.8,9863,61,Unvaccinated,Low
12.6,62.8,0.3,4532,665.4,6235,71,Unvaccinated,Medium
32.4,61.7,0.03,0,314.8,10290,4,Vaccinated,Low
26.7,47.3,0.006,2134,385.5,2884,75,Vaccinated,Low
23.2,75.1,0.017,1975,373.8,2898,87,Vaccinated,Low
33.1,48.1,0.339,4764,636.0,8369,38,Vaccinated,Medium
17.1,58.5,0.109,7269,1278.5,10088,66,Vaccinated,Medium
20.2,78.2,0.027,0,160.5,3843,7,Vaccinated,Low
26.4,45.9,0.016,6214,1040.7,8098,77,Vaccinated,Low
33.3,63.7,0.358,3475,639.9,5275,76,Vaccinated,Medium
24.5,32.8,0.395,2892,394.6,4737,43,Vaccinated,Medium
29.1,65.6,0.036,10291,1506.4,14434,31,Vaccinated,Low
27.0,72.9,0.017,9151,1468.5,11978,62,Vaccinated,Low
15.0,48.2,0.016,0,406.0,10738,11,Vaccinated,Low
15.6,60.5,0.014,10574,1735.9,13133,65,Vaccinated,Low
28.5,61.0,0.046,2495,416.2,3165,51,Vaccinated,Low
24.0,69.4,0.014,7084,1288.2,9100,61,Vaccinated,Low
20.3,57.1,0.024,11037,1846.0,13649,50,Vaccinated,Low
28.9,64.6,0.031,4193,519.4,5644,24,Vaccinated,Low
24.5,67.2,0.008,0,545.4,14490,11,Vaccinated,Low
12.3,70.6,0.029,11063,1794.2,14412,86,Vaccinated,Low
23.2,65.6,0.009,7389,948.8,9219,21,Vaccinated,Low
20.3,70.3,0.027,3451,402.4,4727,25,Vaccinated,Low
13.6,62.2,0.318,3291,444.2,5749,43,Unvaccinated,Medium
26.4,61.7,0.394,0,198.4,5268,9,Vaccinated,Medium
24.9,62.2,0.007,4957,470.4,6078,24,Unvaccinated,Low
29.9,40.9,0.03,10047,1097.8,12852,35,Vaccinated,Low
30.7,61.8,0.02,9787,1591.0,12361,62,Vaccinated,Low
22.2,81.1,0.355,7328,1000.7,11612,40,Unvaccinated,Medium
16.2,31.6,0.006,1086,167.9,1294,55,Vaccinated,Low
19.5,53.7,0.049,1558,248.7,2154,72,Vaccinated,Low
16.2,50.2,0.385,0,487.8,12441,2,Vaccinated,Medium
22.4,43.7,0.011,10424,1550.9,13000,47,Unvaccinated,Low
16.5,39.3,0.038,7265,1212.5,10065,63,Vaccinated,Low
26.4,59.4,0.018,9149,1704.2,12907,81,Vaccinated,Low
30.7,37.2,0.04,2405,478.9,3445,65,Vaccinated,Low
21.9,41.5,0.215,0,195.8,7151,13,Vaccinated,Medium
26.1,64.6,0.025,0,434.3,12393,11,Unvaccinated,Low
22.2,48.7,0.042,0,379.9,3636,18,Vaccinated,Low
21.2,46.0,0.038,6301,970.7,7676,57,Vaccinated,Low
22.6,53.6,0.05,2706,439.3,3405,55,Vaccinated,Low
27.7,53.2,0.047,1877,253.2,2513,30,Unvaccinated,Low
12.8,41.5,0.137,4648,710.5,6805,62,Unvaccinated,Medium
18.9,65.6,0.139,1759,226.7,3005,27,Vaccinated,Medium
10.0,71.9,0.029,0,137.5,3167,5,Vaccinated,Low
21.0,64.3,0.023,10563,1642.2,13215,83,Vaccinated,Low
31.0,70.8,0.009,6197,966.2,8032,72,Vaccinated,Low
16.6,43.3,0.028,3134,385.4,4113,41,Vaccinated,Low
29.9,67.2,0.023,12167,1556.6,14824,32,Vaccinated,Low
16.3,62.5,0.047,4412,795.8,6064,88,Vaccinated,Low
21.5,72.0,0.046,769,87.7,1058,37,Unvaccinated,Low
22.4,62.3,0.019,0,672.2,14541,3,Vaccinated,Low
18.1,54.0,0.046,0,1272.9,14648,19,Vaccinated,Low
24.2,63.0,0.005,9061,999.9,11340,27,Unvaccinated,Low
24.1,64.2,0.044,8285,1326.4,10230,62,Vaccinated,Low
20.5,82.3,0.011,0,89.7,2680,5,Vaccinated,Low
21.5,64.5,0.012,3057,441.8,3694,61,Vaccinated,Low
19.2,70.6,0.047,7749,1435.1,10528,85,Vaccinated,Low
21.1,70.9,0.014,0,263.9,7802,2,Vaccinated,Low
22.8,55.0,3.789,1057,764.8,8881,48,Vaccinated,High
22.5,49.7,0.015,10157,1843.8,14494,57,Unvaccinated,Medium
27.3,69.6,0.01,7943,1107.7,11418,36,Vaccinated,Low
22.5,74.4,0.036,0,122.0,3043,4,Unvaccinated,Low
18.4,61.5,0.035,8621,1450.7,10906,53,Vaccinated,Low
26.9,58.2,0.036,2005,382.1,2683,58,Vaccinated,Low
27.6,73.7,0.007,6469,741.0,7975,39,Vaccinated,Low
20.0,53.8,0.035,7804,1159.7,11068,36,Vaccinated,Low
22.2,49.6,1.651,895,353.1,5049,47,Unvaccinated,High
25.2,71.1,0.041,0,356.3,11424,8,Vaccinated,Low
26.7,85.2,0.09,971,121.9,1630,35,Vaccinated,Medium
19.9,75.5,0.102,6105,1067.3,10339,79,Vaccinated,Medium
13.1,51.7,0.041,1592,262.9,1882,56,Vaccinated,Low
10.2,59.5,0.163,5139,794.5,7537,45,Vaccinated,Medium
22.3,54.7,0.033,0,345.7,9073,8,Vaccinated,Low
24.3,41.1,0.046,0,1078.3,11730,15,Vaccinated,Low
24.2,57.3,0.024,6616,958.4,8116,78,Vaccinated,Low
15.2,37.7,0.032,4262,702.4,5563,74,Vaccinated,Low
25.0,58.6,0.031,5131,794.6,6458,58,Vaccinated,Low
17.8,39.2,3.164,0,263.5,4575,16,Vaccinated,High
17.0,76.7,0.012,4217,524.3,5544,35,Vaccinated,Low
15.2,68.7,0.025,6110,1037.9,7761,60,Vaccinated,Low
16.5,68.6,0.37,0,364.5,9891,13,Vaccinated,Medium
27.1,74.5,0.039,0,342.7,8798,7,Vaccinated,Low
24.8,43.7,0.208,6550,833.2,11672,40,Vaccinated,Medium
22.0,66.7,0.02,1614,251.5,2088,55,Vaccinated,Low
23.7,32.2,0.042,0,442.7,9841,3,Vaccinated,Low
23.7,54.6,0.007,0,907.6,8375,18,Vaccinated,Low
24.3,71.5,0.05,6418,798.9,9246,38,Vaccinated,Low
10.0,67.3,0.374,1993,411.9,3623,80,Vaccinated,Medium
26.6,75.6,0.042,1806,287.7,2299,47,Vaccinated,Low
19.9,44.2,0.046,6385,1195.1,9358,85,Vaccinated,Low
17.4,60.9,1.67,3765,979.5,13426,73,Vaccinated,High
22.8,71.2,0.325,2304,454.3,3926,57,Unvaccinated,Medium
16.3,60.9,0.013,2568,331.9,3421,35,Unvaccinated,Low
21.5,60.4,2.177,0,394.9,12810,5,Vaccinated,High
26.3,67.4,0.041,6246,995.7,7974,47,Vaccinated,Low
12.6,63.5,0.028,3692,618.8,4441,87,Vaccinated,Low
23.1,62.9,0.023,5524,875.6,7063,74,Unvaccinated,Low
22.7,73.5,0.025,0,58.3,1594,7,Vaccinated,Low
21.7,50.4,0.049,2295,412.1,2888,78,Vaccinated,Low
23.5,59.5,0.023,8212,998.9,11662,30,Vaccinated,Low
23.5,38.5,0.038,0,250.4,6895,10,Vaccinated,Low
14.4,64.1,0.047,3536,558.7,4571,88,Vaccinated,Low
27.7,60.6,0.044,5060,866.1,6897,78,Vaccinated,Low
21.2,54.5,0.047,10754,1940.8,14365,87,Unvaccinated,Low
21.7,35.4,0.018,0,575.3,12630,2,Vaccinated,Low
29.2,52.3,0.047,9911,1714.6,13698,46,Vaccinated,Low
24.3,61.9,0.373,0,460.3,11154,13,Vaccinated,Medium
26.3,61.9,0.02,5744,1082.6,7833,68,Unvaccinated,Low
24.2,48.3,0.019,2832,266.1,3441,36,Vaccinated,Low
26.3,62.0,2.267,1181,183.2,2902,40,Vaccinated,High
14.9,67.4,0.037,7760,902.0,9346,26,Vaccinated,Low
23.7,81.8,0.026,1652,277.4,2200,54,Vaccinated,Low
25.1,41.0,0.027,0,203.6,4423,1,Vaccinated,Low
20.9,60.0,0.022,10678,1717.3,13135,66,Vaccinated,Low
17.8,45.0,0.041,1697,251.5,2399,28,Vaccinated,Low
21.2,72.3,0.024,2160,395.8,2809,48,Vaccinated,Low
21.6,87.4,0.033,0,235.8,5872,5,Vaccinated,Low
22.5,64.4,0.019,0,330.6,10911,3,Vaccinated,Low
20.8,51.6,0.049,11350,1794.2,13413,55,Vaccinated,Low
34.2,48.7,0.331,0,450.9,11207,11,Unvaccinated,Medium
10.2,58.6,0.009,2139,345.3,2796,75,Vaccinated,Low
14.9,65.4,0.271,6418,1189.7,10512,64,Unvaccinated,Medium
16.1,51.8,0.345,4662,616.6,8515,29,Vaccinated,Medium
22.2,47.6,0.026,11145,1238.9,14830,36,Unvaccinated,Low
30.8,69.5,0.03,0,1276.3,13210,17,Vaccinated,Low
17.1,71.4,0.369,5926,1309.3,11902,75,Vaccinated,Medium
22.3,59.6,0.031,0,1203.9,12859,18,Unvaccinated,Low
23.4,70.7,0.049,9419,1609.7,12720,81,Unvaccinated,Low
20.4,71.1,4.203,533,175.6,3178,26,Vaccinated,High
17.6,70.8,0.022,5126,1014.9,7567,56,Vaccinated,Low
27.0,68.7,0.394,0,433.3,13754,6,Vaccinated,Medium
28.6,44.1,0.039,0,83.2,1853,10,Vaccinated,Low
23.8,51.3,0.038,12422,1408.7,14726,28,Vaccinated,Low
18.8,65.1,0.036,6688,1088.2,8892,72,Unvaccinated,Low
21.5,67.8,0.008,4597,905.2,6841,68,Vaccinated,Low
20.2,67.0,2.647,0,185.3,6005,14,Vaccinated,High
17.1,79.3,0.249,8199,1553.6,14980,84,Vaccinated,Medium
20.8,51.1,0.024,3976,442.6,5631,26,Vaccinated,Low
21.9,48.7,0.046,4881,827.6,6421,55,Vaccinated,Low
22.7,62.6,0.034,10902,1382.6,14912,39,Vaccinated,Low
32.8,42.1,0.027,0,1532.2,14508,15,Vaccinated,Low
21.4,52.6,0.192,5527,948.6,9327,61,Vaccinated,Medium
30.3,66.5,0.01,1299,218.7,1856,65,Vaccinated,Low
23.1,71.8,0.01,0,185.5,3993,9,Vaccinated,Low
16.0,49.8,3.965,0,329.4,11765,6,Unvaccinated,High
27.1,44.9,0.009,5265,664.7,6426,39,Vaccinated,Low
23.6,54.0,0.023,9631,1643.2,12322,58,Unvaccinated,Low
16.3,54.0,0.049,1167,195.7,1414,88,Vaccinated,Low
21.4,61.4,0.149,1548,222.4,2536,26,Vaccinated,Medium
17.6,76.3,0.025,5006,867.3,6203,48,Vaccinated,Low
26.2,35.3,0.045,0,414.4,9012,5,Vaccinated,Low
25.1,70.8,0.016,0,442.5,9866,12,Vaccinated,Low
16.3,56.0,2.483,1834,1069.8,11444,56,Unvaccinated,High
20.2,60.4,0.026,798,151.2,1147,80,Vaccinated,Low
25.1,53.3,0.038,0,758.4,7319,18,Unvaccinated,Low
31.4,44.7,0.043,8679,1465.2,11148,90,Vaccinated,Low
26.5,72.7,0.02,10931,1202.6,14974,28,Unvaccinated,Low
27.3,59.4,0.03,0,599.1,14311,5,Vaccinated,Low
14.8,91.1,0.013,5726,725.2,7961,38,Vaccinated,Low
27.1,45.3,0.033,0,303.8,8340,5,Vaccinated,Low
17.7,59.8,0.048,9852,1001.5,11612,40,Vaccinated,Low
19.4,44.3,0.011,9967,1202.6,12823,27,Unvaccinated,Low
18.8,74.5,0.031,10774,1310.1,14795,38,Vaccinated,Low
16.2,62.7,0.045,0,730.7,8472,19,Vaccinated,Low
16.9,41.8,0.04,7184,1028.2,8768,61,Vaccinated,Low
32.8,73.7,0.026,8208,1192.5,11258,21,Vaccinated,Low
28.5,71.6,0.032,3889,583.6,4941,81,Vaccinated,Low
19.7,78.1,0.012,10465,1653.0,13428,58,Vaccinated,Low
18.1,72.7,0.107,0,350.1,4249,15,Unvaccinated,Medium
17.3,51.4,0.049,3485,400.1,5115,24,Vaccinated,Low
24.8,58.3,0.045,5964,649.8,7305,21,Unvaccinated,Low
21.4,76.6,0.03,8651,1572.6,11283,56,Vaccinated,Low
22.4,57.2,0.742,0,88.0,3373,10,Vaccinated,High
10.9,55.9,0.012,9295,1202.0,11991,21,Vaccinated,Low
22.8,58.9,0.013,3468,615.0,4633,65,Unvaccinated,Low
17.0,58.1,0.02,4628,530.1,5849,24,Vaccinated,Low
27.2,60.2,0.043,4528,609.4,6289,44,Vaccinated,Low
16.9,36.9,0.032,9981,1207.3,12207,33,Vaccinated,Low
25.2,66.2,0.048,1365,256.9,1895,69,Unvaccinated,Low
25.2,66.9,0.009,6012,807.5,8464,27,Unvaccinated,Low
32.7,65.0,0.045,5872,745.0,8283,37,Vaccinated,Low
28.3,57.1,0.047,11513,1949.9,14250,72,Unvaccinated,Low
21.1,80.4,1.702,2196,656.0,12139,40,Unvaccinated,High
19.7,62.6,0.024,0,341.0,10849,12,Vaccinated,Low
23.6,72.1,1.041,417,140.7,1651,78,Vaccinated,High
18.6,48.8,0.045,7262,1259.1,9501,66,Vaccinated,Low
18.2,58.6,0.035,7198,967.8,8920,27,Vaccinated,Low
22.5,44.2,0.031,0,755.8,8791,19,Vaccinated,Low
21.8,41.4,0.038,0,76.9,1541,12,Vaccinated,Low
18.5,56.5,0.243,1145,199.9,1798,56,Vaccinated,Medium
15.0,49.7,0.029,8271,1149.9,10276,36,Vaccinated,Low
23.2,79.7,0.048,991,161.4,1322,57,Vaccinated,Low
20.5,66.6,0.026,1651,260.9,2086,81,Vaccinated,Low
25.6,75.2,0.044,7469,1181.4,9492,61,Vaccinated,Low
28.4,46.4,0.023,3981,558.6,5446,29,Vaccinated,Low
18.1,65.5,0.008,0,282.5,6187,1,Unvaccinated,Low
25.4,66.6,0.04,6070,934.5,7386,87,Vaccinated,Low
11.2,57.1,0.043,7574,1180.0,9824,49,Vaccinated,Low
22.5,68.7,0.385,6037,1048.6,9394,79,Vaccinated,Medium
24.7,50.9,1.439,1261,286.1,4881,27,Vaccinated,High
23.6,63.6,0.161,5860,1376.6,11846,75,Vaccinated,Medium
15.5,56.7,0.031,2889,463.4,3769,82,Vaccinated,Low
22.2,62.8,0.012,1376,252.1,1885,64,Vaccinated,Low
24.0,81.2,0.042,9103,1593.0,11587,63,Vaccinated,Low
26.7,41.2,0.368,7329,1017.2,10840,24,Vaccinated,Medium
21.4,58.7,0.036,0,554.8,14207,2,Unvaccinated,Low
15.8,66.7,0.036,3839,736.2,5516,48,Vaccinated,Low
19.9,40.3,0.036,2867,490.0,3623,61,Vaccinated,Low
23.5,54.8,0.048,3913,519.6,5649,24,Vaccinated,Low
29.7,54.2,0.042,0,497.1,13394,9,Vaccinated,Low
25.7,60.5,0.013,3392,596.6,4568,66,Unvaccinated,Low
22.9,46.7,0.335,5632,1177.8,10790,71,Vaccinated,Medium
22.9,59.3,0.044,11000,1670.8,13451,45,Vaccinated,Low
18.4,66.2,0.007,9988,1307.4,12516,24,Vaccinated,Low
21.5,45.3,0.015,6409,1001.9,7855,77,Vaccinated,Low
23.4,59.5,0.018,5817,785.1,8236,40,Vaccinated,Low
20.9,61.9,0.033,5951,890.6,7424,76,Vaccinated,Low
15.5,58.5,0.067,2614,378.1,4312,33,Vaccinated,Medium
29.6,43.8,0.02,0,60.5,1831,9,Vaccinated,Low
29.6,70.2,0.192,7325,1121.1,10591,79,Vaccinated,Medium
24.7,47.4,0.031,7275,1309.9,9356,48,Unvaccinated,Low
29.7,74.7,0.032,4464,688.8,5524,51,Vaccinated,Low
25.0,55.9,0.045,0,1276.4,11905,18,Unvaccinated,Low
31.5,64.4,0.046,5805,1021.3,7799,71,Vaccinated,Low
21.6,78.0,0.038,7289,1216.8,9012,53,Unvaccinated,Low
31.9,49.7,0.023,9380,1738.0,12511,64,Vaccinated,Low
28.7,69.5,0.759,0,174.2,8442,2,Vaccinated,High
21.1,69.5,0.047,0,633.1,6842,18,Vaccinated,Low
15.8,82.3,0.039,0,127.0,3665,1,Vaccinated,Low
26.2,52.5,3.114,1244,360.9,4263,81,Vaccinated,High
18.3,53.9,0.22,3166,380.1,5686,22,Vaccinated,Medium
18.9,74.0,0.047,2166,369.6,3001,70,Vaccinated,Low
12.3,67.2,0.045,10302,1522.5,12390,89,Vaccinated,Low
27.9,59.1,0.031,8376,924.5,10296,26,Vaccinated,Low
26.9,78.2,0.038,0,217.1,5478,4,Vaccinated,Low
22.2,64.8,0.046,6924,1023.5,8303,87,Vaccinated,Low
24.3,80.2,0.008,4788,823.4,6563,73,Vaccinated,Low
18.8,59.4,0.007,3311,503.0,3997,60,Vaccinated,Low
26.7,58.0,0.032,9416,1178.1,11166,38,Vaccinated,Low
25.6,53.1,0.031,2134,234.6,2859,32,Unvaccinated,Low
21.5,60.3,0.138,5828,1211.1,10495,87,Vaccinated,Medium
18.5,60.2,0.03,0,207.2,5625,10,Vaccinated,Low
18.1,79.7,0.034,8876,1017.3,11088,40,Vaccinated,Low
17.2,53.8,0.031,0,567.9,11830,10,Vaccinated,Low
23.7,68.1,0.021,0,211.4,4475,6,Vaccinated,Low
16.8,47.8,0.015,6759,1080.7,8690,86,Vaccinated,Low
35.3,59.4,0.224,0,387.1,10014,4,Unvaccinated,Medium
22.7,56.3,0.325,4290,577.1,7776,26,Vaccinated,Medium
18.4,65.3,0.02,8341,1499.4,11540,69,Unvaccinated,Low
23.4,61.3,0.027,4405,850.4,6387,59,Unvaccinated,Low
18.6,53.4,2.194,0,203.6,6586,6,Unvaccinated,High
16.2,50.0,1.126,876,331.0,4091,21,Unvaccinated,High
21.8,45.6,0.042,3451,532.2,4295,52,Vaccinated,Low
24.0,42.7,0.028,4746,575.1,5876,36,Vaccinated,Low
15.5,63.6,0.016,7303,1179.8,9536,55,Vaccinated,Low
14.4,43.1,0.021,7005,1098.7,9237,80,Vaccinated,Low
16.0,57.8,0.038,9047,1676.9,13324,66,Vaccinated,Low
21.6,53.3,0.044,7451,1160.9,9685,84,Unvaccinated,Low
22.6,76.8,0.03,3310,547.5,4230,63,Vaccinated,Low
22.0,55.3,0.015,12261,2038.3,14304,71,Vaccinated,Low
17.3,73.5,0.019,11795,1786.3,14925,65,Vaccinated,Low
20.4,69.1,0.036,10652,1717.5,14231,58,Vaccinated,Low
26.2,63.4,4.075,1714,915.9,11485,36,Vaccinated,High
25.3,45.0,0.041,6497,1157.8,8419,85,Vaccinated,Low
19.3,70.4,0.027,0,141.4,3276,8,Vaccinated,Low
22.5,65.4,0.012,2814,299.3,3285,32,Unvaccinated,Low
25.7,66.7,0.018,2818,520.3,3773,66,Vaccinated,Low
23.0,63.3,0.02,7042,1180.9,9768,56,Unvaccinated,Low
18.5,61.8,0.032,1015,132.4,1395,33,Vaccinated,Low
25.2,71.1,0.239,0,439.5,12813,10,Vaccinated,Medium
16.5,81.5,0.006,1726,269.7,2180,77,Vaccinated,Low
21.7,48.3,0.023,4287,671.2,5385,62,Vaccinated,Low
28.9,43.3,0.02,11598,1959.5,14066,89,Vaccinated,Low
26.7,44.8,0.016,8700,1456.2,10855,46,Vaccinated,Low
17.8,69.6,0.018,0,432.0,5160,19,Unvaccinated,Low
23.0,65.4,0.03,11835,2028.0,14876,48,Vaccinated,Low
18.0,43.3,0.043,962,166.7,1386,63,Vaccinated,Low
19.9,95.0,0.009,5591,931.7,7752,88,Vaccinated,Low
24.8,69.8,0.03,6613,1101.8,8239,49,Vaccinated,Low
21.8,58.7,0.016,5239,874.8,6791,80,Unvaccinated,Low
33.3,66.4,0.022,3127,479.7,3730,45,Vaccinated,Low
18.0,37.0,0.025,9871,1544.5,11952,72,Vaccinated,Low
35.3,44.7,0.091,0,462.9,13904,7,Unvaccinated,Medium
10.0,54.5,4.104,5922,1119.6,14757,78,Vaccinated,High
17.2,56.0,0.026,5931,938.1,7844,70,Unvaccinated,Low
26.7,56.6,4.078,4514,992.6,13468,62,Vaccinated,High
25.6,56.0,0.011,7847,1342.6,9711,50,Vaccinated,Low
14.9,49.9,0.009,0,191.6,4163,12,Vaccinated,Low
21.0,60.7,0.269,7553,1521.3,13488,48,Vaccinated,Medium
19.7,44.2,0.021,9589,1389.3,11127,68,Vaccinated,Low
29.7,52.9,0.127,0,293.2,9500,3,Unvaccinated,Low
20.3,73.6,3.407,0,33.1,1878,14,Vaccinated,High
15.2,51.3,1.939,582,287.0,4157,72,Vaccinated,High
21.4,72.2,0.02,7834,843.1,10360,42,Vaccinated,Low
17.0,62.1,0.03,8075,1273.3,10092,52,Vaccinated,Low
13.8,72.1,0.006,6755,1144.0,8443,90,Vaccinated,Low
16.7,64.1,0.022,0,602.8,6715,19,Vaccinated,Low
24.6,67.2,0.019,0,136.8,1390,16,Vaccinated,Low
22.4,70.3,0.006,1329,233.4,1827,47,Vaccinated,Low
26.3,47.7,0.007,4012,633.1,5002,86,Vaccinated,Low
29.8,80.2,0.02,9702,1592.5,12955,84,Unvaccinated,Low
18.2,57.4,0.017,3280,410.0,3960,32,Vaccinated,Low
17.8,68.3,0.023,0,143.4,2954,9,Vaccinated,Low
28.8,64.4,0.006,0,494.9,11264,13,Unvaccinated,Low
23.0,68.9,0.05,4908,798.8,5761,56,Vaccinated,Low
16.3,58.0,0.013,10504,1998.3,14862,58,Unvaccinated,Low
31.5,68.0,0.045,1346,243.2,1903,81,Vaccinated,Low
17.7,47.2,0.05,3922,639.2,5078,50,Vaccinated,Low
25.9,77.6,0.021,9295,1729.3,12276,88,Vaccinated,Low
26.1,52.9,0.046,2404,422.3,3178,88,Unvaccinated,Low
18.9,65.3,1.198,1882,510.1,6495,72,Unvaccinated,High
11.1,75.4,0.047,5891,682.8,7348,39,Vaccinated,Low
16.9,56.0,0.027,0,455.4,13081,6,Vaccinated,Low
20.2,57.0,0.027,3104,429.4,3946,28,Vaccinated,Low
21.9,53.5,0.01,8684,1411.9,10751,89,Vaccinated,Low
31.2,80.8,0.038,1990,349.7,2780,51,Vaccinated,Low
22.6,51.2,0.019,6228,1007.9,7730,52,Unvaccinated,Low
27.9,70.2,1.575,3902,1031.0,12521,70,Vaccinated,High
20.6,74.1,0.044,0,43.3,1376,13,Vaccinated,Low
26.7,37.8,0.043,0,565.5,6750,17,Vaccinated,Low
22.0,49.3,0.031,3645,625.5,4849,75,Vaccinated,Low
22.5,70.7,0.195,1568,275.7,2468,74,Unvaccinated,Medium
22.7,88.0,0.046,4096,647.8,5228,86,Vaccinated,Low
18.3,74.7,0.04,2408,430.0,3253,65,Vaccinated,Low
23.8,59.5,0.027,5949,931.9,7790,74,Vaccinated,Low
24.3,51.8,0.038,0,470.3,11653,5,Unvaccinated,Low
24.1,83.2,0.011,2029,339.0,2415,56,Vaccinated,Low
19.6,43.5,0.019,10473,1487.5,14270,37,Vaccinated,Low
25.4,49.3,0.05,1888,301.3,2364,57,Vaccinated,Low
22.8,50.2,0.01,6777,1109.0,9875,28,Unvaccinated,Low
26.6,65.0,0.02,7711,1283.3,9396,88,Vaccinated,Low
22.0,41.5,0.045,0,1211.5,12848,18,Vaccinated,Low
28.6,50.5,0.019,6349,784.5,8086,37,Vaccinated,Low
27.5,62.0,0.013,3219,497.7,4586,27,Vaccinated,Low
31.0,47.7,0.039,4023,657.3,5141,50,Vaccinated,Low
17.7,52.5,0.314,0,688.2,8740,18,Vaccinated,Medium
17.7,44.9,0.033,0,115.8,3476,14,Vaccinated,Low
21.7,67.6,0.272,4246,740.9,6283,86,Vaccinated,Medium
26.1,54.7,0.038,3381,574.9,4432,79,Vaccinated,Low
19.7,66.7,0.045,7943,1075.3,11310,35,Vaccinated,Low
26.0,53.0,0.037,2450,413.7,3333,49,Unvaccinated,Low
23.8,52.3,0.042,6297,757.8,8057,36,Vaccinated,Low
26.4,46.0,0.301,2438,438.3,3721,58,Unvaccinated,Medium
27.7,58.0,0.034,0,481.1,14150,1,Unvaccinated,Low
21.5,61.1,0.039,11146,1724.9,13641,75,Vaccinated,Low
20.2,73.4,2.472,395,108.8,1321,73,Unvaccinated,High
25.7,45.4,0.042,1750,303.7,2202,54,Vaccinated,Low
22.9,51.9,0.017,2828,535.9,4101,62,Vaccinated,High
20.7,74.2,0.017,7688,1434.7,10366,82,Vaccinated,Low
14.5,41.8,0.011,6974,1209.8,8912,83,Vaccinated,Low
25.3,53.9,0.026,1250,220.8,1579,71,Vaccinated,Low
17.3,70.9,0.023,10035,1810.7,13758,70,Vaccinated,Low
23.8,64.7,0.04,9803,1188.8,13298,30,Vaccinated,Low
20.0,61.2,0.028,3854,413.0,5085,32,Unvaccinated,Low
21.5,61.0,0.019,5917,1076.2,8735,64,Vaccinated,Low
20.7,65.5,0.022,1959,293.0,2462,87,Unvaccinated,Low
25.6,41.0,0.278,2225,423.9,3879,82,Vaccinated,Medium
20.3,62.2,0.12,8315,1324.1,12975,87,Unvaccinated,Medium
26.6,62.4,0.012,9520,1649.0,11931,90,Vaccinated,Low
21.7,71.7,0.027,9673,1538.4,13031,77,Vaccinated,Low
13.7,69.7,0.024,4812,871.5,6921,54,Vaccinated,Low
22.8,64.2,0.043,11099,1926.0,14606,77,Vaccinated,Low
21.6,54.9,0.161,8846,1361.3,13239,53,Vaccinated,Medium
28.6,57.8,0.031,6097,1110.2,8309,84,Vaccinated,Low
28.6,50.3,0.006,0,239.2,2433,19,Vaccinated,Low
22.8,63.6,0.037,4412,736.7,5879,59,Vaccinated,Low
19.1,70.4,0.012,1071,171.8,1428,59,Vaccinated,Low
13.3,38.9,0.287,10316,1831.1,14941,65,Vaccinated,Medium
28.5,62.3,0.045,10753,2059.9,14824,55,Unvaccinated,Low
25.3,48.6,0.04,6905,1078.0,9068,71,Vaccinated,Low
20.1,55.3,0.045,10815,1859.5,14935,77,Vaccinated,Low
22.7,79.4,0.012,9395,1578.0,11845,87,Vaccinated,Low
18.5,76.0,0.047,0,345.6,9366,1,Unvaccinated,Low
21.2,59.1,0.046,5465,673.3,7133,27,Unvaccinated,Low
26.2,47.2,0.022,3958,701.2,4880,79,Vaccinated,Low
27.5,36.4,0.045,10812,1793.4,14661,63,Vaccinated,Low
23.3,58.4,0.04,10115,1722.1,12829,65,Vaccinated,Low
19.1,84.5,0.022,2501,401.6,3134,64,Unvaccinated,Low
13.3,51.9,0.043,0,582.2,14135,7,Vaccinated,Low
23.3,71.9,0.334,0,318.9,12289,10,Vaccinated,Medium
16.5,50.3,0.017,6228,1029.6,8199,51,Vaccinated,Low
27.0,47.3,0.041,8983,1551.5,11412,82,Vaccinated,Low
23.2,20.0,0.031,0,560.8,11827,5,Vaccinated,Low
14.8,57.0,0.009,8557,1102.7,11924,42,Unvaccinated,Low
26.7,75.3,0.021,10874,1993.6,14132,70,Vaccinated,Low
22.4,65.8,3.433,523,198.0,2719,25,Vaccinated,High
19.8,40.0,0.035,9342,1308.2,13755,32,Vaccinated,Low
28.7,74.0,0.006,0,537.2,11974,1,Vaccinated,Low
23.4,58.9,0.005,4786,835.7,6414,61,Unvaccinated,Low
21.1,67.9,0.178,7954,1491.5,13281,70,Vaccinated,Medium
17.8,71.3,0.008,11423,1182.5,13678,27,Vaccinated,Medium
24.9,64.5,0.006,9894,1902.4,14470,84,Unvaccinated,Low
22.9,54.8,0.014,8438,1472.3,11489,72,Vaccinated,Low
20.3,67.5,1.291,1007,456.4,5868,29,Unvaccinated,High
21.0,49.2,0.03,0,296.1,6344,4,Vaccinated,Low
23.4,67.7,0.016,9391,1554.0,12148,58,Unvaccinated,Low
18.9,80.5,0.034,11639,1325.1,14690,31,Unvaccinated,High
15.9,67.3,0.043,6944,892.5,9015,43,Vaccinated,Low
26.0,43.4,0.01,7662,1444.0,10934,87,Vaccinated,Low
23.8,82.8,0.039,11596,1433.0,14572,30,Vaccinated,Low
20.7,68.4,0.009,0,188.8,3992,4,Vaccinated,Low
25.4,60.8,0.005,3604,566.6,4650,82,Vaccinated,Low
21.6,53.4,0.022,0,59.3,1234,5,Vaccinated,Low
20.1,55.8,0.26,3195,555.9,4793,75,Vaccinated,Medium
25.5,60.7,0.029,10039,1132.8,12637,26,Unvaccinated,Low
21.0,66.7,0.34,6855,1047.8,9297,47,Vaccinated,Medium
26.9,62.3,0.006,0,574.6,12617,12,Vaccinated,Low
18.5,72.9,0.015,0,403.7,8589,2,Vaccinated,High
20.4,43.7,0.023,0,634.0,14118,9,Vaccinated,Low
24.8,48.6,0.286,2046,271.5,3340,35,Vaccinated,Medium
16.0,67.0,0.017,0,690.3,14939,11,Unvaccinated,Low
24.5,43.8,0.027,3657,377.3,4665,41,Vaccinated,Low
24.5,57.9,0.04,7402,1119.6,9310,59,Vaccinated,Low
27.6,73.5,0.019,8326,1532.5,11274,66,Vaccinated,Low
24.5,67.2,0.012,8782,1281.7,12738,23,Vaccinated,Low
25.8,79.3,0.025,6560,1105.2,8264,67,Vaccinated,Low
30.2,52.5,0.337,7101,1062.2,10126,61,Vaccinated,Medium
22.5,71.0,0.026,0,991.8,9498,15,Vaccinated,Low
24.3,55.1,0.385,8141,1524.2,13694,57,Vaccinated,Medium
30.3,59.0,0.037,1292,226.6,1752,90,Vaccinated,Low
23.6,63.6,0.028,2746,307.4,3343,36,Vaccinated,Low
18.9,61.0,0.038,0,1532.7,14162,16,Vaccinated,Low
20.6,37.1,0.05,0,140.8,3079,5,Vaccinated,Low
19.4,60.5,0.011,7655,770.5,9903,25,Unvaccinated,Low
21.0,54.4,0.007,7598,1411.7,10837,62,Vaccinated,Low
10.9,64.2,0.007,6432,1025.0,8528,84,Vaccinated,Low
27.8,76.0,0.012,2734,489.7,3609,61,Vaccinated,Low
29.1,59.6,0.013,0,415.6,3786,15,Vaccinated,Low
20.6,61.5,0.035,1839,321.0,2482,48,Unvaccinated,High
22.2,66.4,0.033,6696,658.2,7793,21,Vaccinated,Low
13.2,36.1,1.475,612,177.8,2207,89,Vaccinated,High
19.0,71.7,0.026,8723,1235.8,12808,37,Vaccinated,Low
22.4,47.0,0.017,8645,1452.6,10631,78,Vaccinated,Low
30.4,62.1,0.012,6048,1029.8,8210,55,Vaccinated,Low
17.1,37.8,0.019,9412,1185.5,11830,44,Unvaccinated,Low
16.6,70.8,0.007,3860,627.3,4736,59,Vaccinated,Low
18.1,81.0,0.011,0,80.7,2763,1,Vaccinated,Low
27.5,65.8,0.007,0,700.7,8659,15,Vaccinated,Low
16.7,56.8,0.028,0,1051.0,10858,18,Unvaccinated,Low
18.1,65.7,0.268,5422,1044.4,9534,83,Vaccinated,Medium
28.7,65.2,0.02,2674,426.7,3418,88,Vaccinated,Low
26.4,72.5,0.021,8725,1196.3,11449,41,Vaccinated,Low
29.2,60.3,0.027,6700,986.3,8621,70,Unvaccinated,Low
20.2,82.0,0.026,6433,1037.4,8001,66,Vaccinated,Low
20.2,46.3,0.014,6224,1183.0,9098,46,Vaccinated,Low
13.5,25.9,0.172,5327,781.4,7076,86,Vaccinated,Medium
26.2,42.7,0.021,6832,947.9,9530,39,Unvaccinated,Low
28.1,56.3,0.032,9170,1650.1,12407,86,Vaccinated,Low
11.5,63.1,0.041,0,417.8,10530,3,Vaccinated,Low
19.2,69.4,0.019,9413,1126.8,12923,38,Vaccinated,Low
20.0,38.1,0.012,2744,488.3,3555,72,Unvaccinated,Low
16.1,49.3,0.045,1962,318.5,2615,88,Unvaccinated,Low
30.5,60.2,0.046,0,821.0,9351,19,Unvaccinated,Low
24.0,61.4,0.012,4062,572.6,5383,22,Vaccinated,Low
26.3,48.0,0.006,10346,1091.1,13536,31,Vaccinated,Low
21.6,50.8,0.014,8665,951.9,10829,27,Vaccinated,Low
24.0,53.1,0.007,7261,1220.1,9950,64,Vaccinated,Low
19.1,52.8,1.426,1824,600.9,8486,66,Unvaccinated,High
14.7,35.4,0.154,4550,872.0,6987,82,Unvaccinated,Medium
24.4,40.9,0.008,12290,1806.6,14436,54,Vaccinated,Low
18.7,64.2,0.006,3915,799.2,5733,52,Unvaccinated,Low
22.9,55.2,0.006,0,72.3,1487,11,Vaccinated,Low
18.0,56.3,0.034,870,143.0,1187,52,Vaccinated,Low
32.9,65.6,0.033,3459,566.1,4621,53,Vaccinated,Low
19.7,52.8,0.009,2427,412.4,3097,61,Vaccinated,Low
24.2,37.4,0.006,9687,1088.7,12197,38,Vaccinated,Low
20.4,67.1,0.032,0,507.1,4682,16,Vaccinated,Low
20.2,50.2,0.288,7795,1586.3,13130,49,Vaccinated,Medium
23.0,44.1,0.006,10900,1818.6,14418,51,Vaccinated,Low
18.0,39.2,0.043,2177,291.3,2826,27,Unvaccinated,Low
16.4,76.1,0.008,0,287.3,3547,15,Vaccinated,Low
29.0,69.8,1.666,1723,672.2,11172,51,Vaccinated,High
10.7,62.7,0.04,0,313.8,3510,15,Vaccinated,Low
17.2,58.1,0.042,4018,489.1,5110,42,Unvaccinated,Low
14.9,72.6,0.032,6017,946.4,8004,52,Vaccinated,Low
20.1,54.8,0.359,0,308.2,4106,15,Vaccinated,Medium
24.9,42.8,0.05,8209,1027.8,11253,33,Vaccinated,Low
16.8,85.0,0.028,6798,1236.2,9771,75,Vaccinated,Low
32.3,52.3,0.011,9771,1848.9,13786,61,Vaccinated,Low
22.1,60.4,3.363,1052,281.8,6374,29,Vaccinated,High
27.2,54.4,0.213,1750,180.6,2591,32,Vaccinated,Medium
18.3,71.2,0.006,5267,927.3,7759,88,Vaccinated,Low
17.7,66.9,0.047,11059,1639.3,13945,86,Vaccinated,Low
20.2,65.3,0.008,11137,1919.0,14742,85,Vaccinated,Low
21.7,65.0,0.034,1761,319.3,2384,60,Vaccinated,Low
21.1,56.4,0.017,8323,1414.1,11381,72,Vaccinated,Low
27.1,75.4,0.879,2893,1202.7,14833,62,Vaccinated,High
19.5,42.7,0.043,5777,859.4,8330,25,Vaccinated,Low
22.0,67.3,0.014,0,699.0,7088,19,Vaccinated,Low
21.3,67.1,0.023,12177,1225.4,14331,23,Vaccinated,Low
27.0,80.6,0.21,0,620.7,6714,16,Vaccinated,Medium
20.6,78.4,0.047,0,420.2,5169,20,Unvaccinated,Low
16.6,59.8,2.27,0,108.0,4536,12,Unvaccinated,High
20.5,54.4,0.028,3971,718.2,5386,69,Vaccinated,Low
16.0,36.6,0.039,9361,1256.6,13565,41,Vaccinated,Low
30.6,54.8,0.012,8370,1599.7,11902,46,Vaccinated,Low
21.9,62.7,0.018,0,89.0,2990,6,Unvaccinated,Low
15.6,76.6,0.008,0,272.4,8584,1,Vaccinated,Low
24.7,59.2,0.022,8330,1413.1,10532,51,Vaccinated,Low
22.5,63.9,0.008,10953,1808.8,14428,68,Vaccinated,Low
25.1,49.9,0.024,3267,662.4,4639,65,Vaccinated,Low
15.4,61.0,0.189,3642,483.0,6177,35,Vaccinated,Medium
22.4,72.4,0.158,5333,623.1,7403,28,Unvaccinated,Medium
19.3,54.9,0.028,5929,1074.9,8115,90,Vaccinated,Low
16.5,45.7,0.123,4539,508.0,7460,24,Unvaccinated,Medium
18.5,45.5,0.008,6974,1271.5,9216,60,Vaccinated,Low
29.1,56.6,0.035,10239,1154.8,12618,24,Unvaccinated,Low
17.7,60.5,0.041,9702,1107.3,12769,25,Vaccinated,Low
22.2,53.7,0.039,0,328.7,10555,10,Vaccinated,Low
18.5,55.4,0.016,0,647.0,6297,15,Vaccinated,Low
25.8,61.3,0.017,6447,1075.5,8090,71,Vaccinated,Low
28.4,32.0,0.048,8850,1499.5,11068,58,Vaccinated,Low
27.1,60.9,0.021,0,467.5,9877,13,Vaccinated,Low
15.1,62.3,0.016,0,480.4,11627,5,Unvaccinated,Low
23.5,69.9,0.016,0,435.2,12991,11,Unvaccinated,Low
24.0,57.8,2.368,2969,593.3,8749,73,Vaccinated,High
21.1,62.7,0.032,3904,497.6,4751,26,Vaccinated,Low
20.6,64.9,0.037,9033,978.7,11493,28,Vaccinated,Low
24.0,53.4,0.028,2764,410.8,4059,41,Vaccinated,Low
13.9,58.9,0.04,0,298.8,7886,7,Vaccinated,Low
24.4,52.2,0.028,3887,669.7,5231,77,Vaccinated,Low
23.7,57.2,0.035,935,166.0,1242,86,Vaccinated,Low
17.9,48.0,0.036,6849,794.7,8759,34,Unvaccinated,Low
19.6,57.3,0.008,5097,626.1,6580,24,Vaccinated,Low
16.8,55.0,0.04,3475,415.3,4779,31,Vaccinated,Low
17.2,45.2,0.033,4743,526.3,6723,27,Vaccinated,Low
23.2,63.8,0.02,8993,1506.0,11001,81,Vaccinated,Low
15.8,48.6,0.025,0,891.3,9370,18,Vaccinated,Low
25.5,48.1,0.036,3609,411.3,4991,24,Vaccinated,Low
26.4,67.6,0.029,0,562.4,12465,1,Vaccinated,Low
18.8,56.2,0.025,1347,237.1,1823,53,Vaccinated,Low
28.6,43.2,0.009,2294,355.9,2944,54,Vaccinated,Low
16.2,37.5,0.041,2786,493.4,3548,86,Unvaccinated,Low
21.9,56.8,0.021,7961,1306.9,9633,62,Vaccinated,Low
23.0,60.4,0.04,0,427.2,9882,3,Unvaccinated,Low
15.2,65.8,0.011,3213,557.7,4607,74,Unvaccinated,Low
25.8,55.4,0.047,0,282.6,2576,16,Vaccinated,Low
22.3,62.0,0.04,1713,225.0,2202,28,Vaccinated,Low
21.6,48.7,4.441,0,165.5,5567,13,Vaccinated,High
10.0,60.1,0.008,0,339.1,3120,15,Vaccinated,Low
25.6,50.7,0.367,0,656.9,7156,19,Vaccinated,Medium
16.4,48.6,0.043,1638,228.9,2295,44,Vaccinated,Low
27.7,39.7,0.045,10431,1735.9,13046,67,Unvaccinated,Low
13.6,71.8,0.012,11301,2008.5,14714,57,Vaccinated,Low
27.3,70.1,0.007,8425,1315.1,9915,61,Vaccinated,Low
27.6,70.6,0.008,935,142.7,1150,56,Vaccinated,Low
18.2,58.2,0.006,0,1047.1,10471,15,Vaccinated,High
27.1,62.0,0.019,2951,375.1,3988,33,Vaccinated,Low
15.2,55.9,0.017,11228,1991.4,14003,84,Vaccinated,Low
20.4,64.0,0.395,0,235.2,7042,9,Vaccinated,Medium
15.1,69.4,0.026,8592,1454.4,10471,85,Vaccinated,Low
16.9,62.3,0.082,0,397.3,9926,3,Vaccinated,Medium
21.8,63.2,0.043,7938,1255.8,10454,62,Vaccinated,Low
22.0,63.1,0.018,2927,506.9,3782,89,Unvaccinated,Low
19.2,56.9,0.03,0,764.0,8761,17,Unvaccinated,Low
16.3,53.8,0.027,0,54.6,1388,5,Vaccinated,Low
24.1,59.7,0.04,0,445.1,9372,5,Vaccinated,Low
29.6,70.6,0.04,9091,1279.3,12863,31,Vaccinated,Low
19.0,69.4,0.033,3553,649.1,4972,90,Vaccinated,Low
29.5,64.9,0.023,8949,1510.2,11716,80,Vaccinated,Low
25.4,53.9,0.194,7225,960.8,12586,27,Vaccinated,Medium
13.7,73.1,0.014,3967,607.2,4977,57,Vaccinated,Low
14.4,73.7,0.045,3579,537.8,4961,34,Vaccinated,Low
31.3,42.5,0.199,4488,711.2,7574,34,Vaccinated,Medium
31.8,48.6,0.032,4916,610.3,6735,39,Vaccinated,Low
19.4,42.4,0.011,10886,1788.8,13297,90,Vaccinated,Low
21.7,46.1,0.038,8827,1311.7,11127,54,Unvaccinated,Low
14.6,41.8,0.014,9099,1126.1,11912,21,Vaccinated,Low
16.1,63.3,0.017,9631,1228.7,12547,40,Vaccinated,Low
14.9,56.9,0.008,5546,1022.7,7224,90,Vaccinated,Low
23.9,51.6,0.014,9662,1242.8,12326,44,Vaccinated,Low
17.9,62.2,0.013,3438,494.6,4892,35,Vaccinated,Low
24.0,57.8,0.013,10826,1882.7,14706,68,Vaccinated,Low
19.5,65.5,1.239,3659,763.5,9573,76,Vaccinated,High
31.6,63.5,0.029,4303,859.4,6100,58,Vaccinated,Low
31.3,63.8,0.012,5225,891.2,7151,51,Vaccinated,Low
23.0,48.1,0.042,5843,941.8,7456,55,Vaccinated,Low
19.9,62.7,0.043,1787,315.2,2586,62,Unvaccinated,Low
13.4,69.0,0.036,0,1414.8,14502,20,Vaccinated,Low
14.0,49.6,0.01,0,216.3,2244,20,Vaccinated,Low
27.7,44.9,0.033,8602,1472.4,11612,45,Vaccinated,Low
32.5,59.9,0.009,7538,777.7,9528,38,Vaccinated,Low
16.8,60.0,0.033,6588,1163.9,9353,64,Vaccinated,Low
19.4,65.6,0.005,6042,978.9,7611,90,Unvaccinated,Low
14.2,70.0,0.026,11394,1254.3,14706,41,Vaccinated,Low
25.9,37.8,0.039,10489,1496.0,14225,41,Unvaccinated,Low
28.9,58.8,0.016,2829,317.4,3631,42,Unvaccinated,Low
29.4,33.0,0.01,7732,1317.5,9961,89,Vaccinated,Low
29.3,77.1,0.021,0,334.7,7898,8,Vaccinated,Low
18.4,76.5,0.032,1852,206.4,2462,36,Unvaccinated,Low
25.5,50.5,0.035,0,294.4,9432,9,Vaccinated,Low
24.7,53.0,0.018,0,424.4,12272,5,Vaccinated,Low
18.9,33.3,0.016,6766,942.0,10039,21,Vaccinated,Low
22.5,57.6,0.031,0,224.6,7282,3,Vaccinated,Low
21.3,47.1,0.015,4263,674.1,5057,57,Vaccinated,Low
17.5,52.5,0.049,0,99.5,2509,12,Unvaccinated,Low
22.9,42.0,0.02,0,544.8,11655,11,Vaccinated,Low
20.6,46.3,0.79,896,237.3,3148,62,Vaccinated,High
18.1,37.7,0.015,8583,1405.5,11971,71,Unvaccinated,Low
24.8,38.2,0.044,8880,1147.9,12355,24,Vaccinated,Low
18.5,57.2,3.905,0,165.8,7071,3,Vaccinated,High
21.3,63.9,0.044,2452,279.2,3172,30,Vaccinated,Low
23.4,52.7,0.016,8241,1474.2,11132,75,Vaccinated,Low
19.1,65.7,1.637,2164,853.9,10258,80,Vaccinated,High
20.8,72.3,0.036,0,121.1,2737,1,Vaccinated,High
21.6,46.3,0.029,10949,1827.8,14254,90,Vaccinated,Low
14.8,71.9,0.01,0,478.8,9612,8,Vaccinated,Low
27.7,46.9,0.031,6309,1026.5,7940,81,Vaccinated,Low
22.6,88.0,0.04,4002,759.0,5823,69,Vaccinated,Low
15.6,75.0,0.012,8309,972.0,9819,37,Vaccinated,Low
24.8,63.7,0.05,5478,891.3,7014,88,Vaccinated,Low
25.3,82.9,0.044,9542,1422.4,13616,42,Unvaccinated,Low
20.9,68.4,0.046,7650,1416.4,10777,62,Vaccinated,Low
20.3,44.2,0.005,7545,1185.4,10068,66,Unvaccinated,Low
23.3,62.8,0.032,976,148.1,1213,86,Vaccinated,Low
21.9,48.2,0.033,6835,1315.9,9734,60,Vaccinated,Low
11.2,43.7,0.121,9222,1471.9,13547,76,Unvaccinated,High
19.6,54.1,3.876,0,73.8,3147,14,Vaccinated,High
24.7,59.2,0.263,7319,1220.5,11428,66,Vaccinated,Medium
22.6,53.6,0.037,8355,1353.9,10608,58,Vaccinated,Low
17.8,78.1,0.034,6949,1164.0,9430,68,Unvaccinated,Low
28.9,51.8,0.127,7943,1400.5,13077,56,Unvaccinated,Medium
28.2,39.6,0.01,2323,236.6,2801,33,Unvaccinated,Low
18.4,61.0,0.045,7926,1386.4,10525,74,Vaccinated,Low
24.1,64.2,0.05,2000,342.2,2403,87,Vaccinated,Low
22.3,38.3,0.282,4794,683.7,9704,31,Vaccinated,Medium
22.5,72.7,0.006,1080,197.1,1560,80,Vaccinated,Low
26.0,43.0,0.03,3433,569.9,4130,62,Vaccinated,Low
22.6,49.8,0.082,6619,1009.5,12263,41,Vaccinated,Medium
17.8,47.4,0.076,3608,639.4,5843,89,Vaccinated,Medium
23.2,53.1,0.045,0,1038.7,12167,17,Vaccinated,Low
23.5,61.7,0.011,3064,395.3,4135,40,Vaccinated,Low
31.7,52.9,0.032,10126,1750.0,13761,62,Vaccinated,Low
23.6,61.3,0.034,5050,801.6,7392,31,Vaccinated,Low
26.0,64.0,0.044,10703,1552.4,13179,66,Vaccinated,Low
24.6,47.2,0.034,7921,1272.9,9811,68,Unvaccinated,Low
27.0,69.9,0.037,4356,813.2,6254,76,Unvaccinated,Low
26.1,65.6,0.038,0,1182.6,11499,15,Vaccinated,Low
28.9,54.2,0.028,8222,1389.1,11289,60,Unvaccinated,Low
19.2,64.1,0.023,6140,1191.8,8820,76,Vaccinated,Low
15.0,49.7,0.359,7963,1257.6,12771,42,Vaccinated,Medium
25.7,61.0,0.023,10737,1186.8,13943,30,Vaccinated,Low
26.9,76.3,0.04,6578,1161.1,8420,73,Vaccinated,Low
16.6,77.7,0.018,2144,263.8,2726,23,Unvaccinated,Low
20.8,69.6,0.03,1929,250.7,2371,22,Vaccinated,Low
21.0,55.0,0.29,3233,346.5,4711,44,Vaccinated,High
27.1,52.2,0.032,0,1050.9,10710,20,Vaccinated,Low
25.9,62.7,0.07,6216,903.8,11137,34,Vaccinated,Medium
24.3,39.7,0.016,0,396.2,8610,4,Vaccinated,Low
20.5,53.4,0.021,12515,1958.5,14522,56,Vaccinated,Low
19.5,45.3,0.048,7717,1609.0,11290,52,Unvaccinated,Low
20.3,72.4,0.02,4182,666.2,5257,66,Vaccinated,Low
31.1,66.8,0.014,0,396.9,4171,19,Vaccinated,Low
26.2,48.6,0.024,1390,163.1,1754,21,Vaccinated,Low
24.8,82.6,0.034,0,109.9,1352,17,Vaccinated,Low
24.0,50.9,0.017,0,158.7,5081,9,Vaccinated,Low
21.9,54.9,0.048,5816,878.8,7178,46,Vaccinated,Low
16.6,46.5,0.039,8310,1427.3,10961,57,Vaccinated,Low
22.2,62.4,0.042,7446,1204.5,9556,47,Vaccinated,Low
21.5,69.5,0.036,8591,1499.1,10853,56,Unvaccinated,Low
22.5,64.5,0.045,3785,537.9,5311,22,Unvaccinated,Low
20.7,57.8,0.041,2351,406.7,3026,81,Vaccinated,Low
26.7,81.6,0.128,9454,1116.4,15000,44,Vaccinated,Medium
12.4,51.0,0.037,7449,967.8,10444,31,Vaccinated,Low
14.2,64.2,0.028,7479,1231.0,9244,72,Vaccinated,Low
32.0,69.2,0.01,0,403.4,8770,13,Vaccinated,Low
18.3,68.1,0.694,3409,428.2,10234,30,Unvaccinated,Medium
30.3,60.5,0.029,1175,132.5,1594,25,Vaccinated,Low
24.5,68.2,0.014,10589,1493.6,14292,25,Vaccinated,Low
24.5,41.9,0.024,0,124.5,4113,7,Unvaccinated,Low
21.6,50.0,0.04,0,461.9,12660,11,Vaccinated,Low
18.2,65.8,0.282,0,115.7,3766,1,Unvaccinated,Medium
13.8,70.2,0.031,0,202.0,2019,16,Vaccinated,Low
25.8,52.5,0.017,6212,917.9,7697,82,Vaccinated,Low
17.1,64.4,0.024,10860,1872.3,14883,77,Vaccinated,Low
29.4,69.3,3.636,0,512.0,7883,16,Unvaccinated,High
16.2,50.0,0.019,1926,323.9,2396,82,Vaccinated,Low
25.4,66.8,0.019,1857,290.2,2298,55,Vaccinated,Low
20.5,47.9,1.628,704,78.8,2048,34,Unvaccinated,High
17.9,68.6,0.028,0,354.2,10599,12,Vaccinated,Low
14.9,68.7,0.031,1834,337.0,2481,54,Vaccinated,Low
16.0,42.9,0.035,4149,645.9,4883,58,Vaccinated,Low
13.2,51.6,0.041,7923,1379.9,10171,78,Vaccinated,Low
14.8,60.0,0.016,8956,1538.2,10967,90,Unvaccinated,Low
24.9,51.8,0.006,8032,1334.1,10787,70,Vaccinated,Low
23.7,62.4,0.03,2981,376.1,3552,31,Vaccinated,Low
22.0,49.2,0.022,2513,456.6,3362,55,Unvaccinated,Low
18.7,62.0,0.049,2140,393.3,2997,89,Unvaccinated,Low
29.1,49.2,0.034,3722,588.4,4672,50,Vaccinated,Low
24.4,61.1,0.694,1099,485.8,6915,68,Vaccinated,High
30.2,56.2,0.009,1576,292.1,2218,68,Vaccinated,Low
21.7,64.3,0.049,10510,1891.9,14771,71,Vaccinated,Low
26.7,46.9,0.01,10114,1728.1,12460,48,Vaccinated,Low
16.4,66.6,0.244,0,810.9,10335,15,Vaccinated,Medium
19.4,59.8,0.014,11958,1741.3,14905,69,Vaccinated,Low
19.2,60.3,0.04,1220,193.5,1504,60,Vaccinated,Low
28.0,61.7,0.037,9694,1430.7,13549,38,Vaccinated,Low
27.3,66.9,0.043,3553,567.4,4819,48,Vaccinated,Low
33.3,38.8,0.771,2669,803.5,9571,70,Vaccinated,High
18.2,73.0,0.049,3232,367.3,3788,27,Unvaccinated,Low
27.6,61.2,0.023,6513,995.7,7889,84,Unvaccinated,Low
15.5,69.3,0.009,0,367.8,9014,14,Vaccinated,Low
29.8,54.1,0.116,1681,285.7,2453,66,Vaccinated,Medium
20.3,56.5,0.035,3904,712.6,5600,51,Vaccinated,Low
16.8,62.0,0.044,4832,862.7,6224,86,Vaccinated,Low
18.1,63.7,0.013,4271,494.6,5192,22,Vaccinated,Low
21.3,78.3,0.047,988,138.3,1398,42,Vaccinated,Low
21.2,47.6,0.047,0,89.3,2472,11,Vaccinated,Low
24.8,70.4,0.045,0,419.8,10105,10,Unvaccinated,Low
22.8,65.6,0.01,5387,1044.9,7557,72,Vaccinated,Low
22.1,80.8,0.017,0,141.0,4867,7,Vaccinated,Low
15.8,60.4,0.034,5782,864.2,6990,56,Vaccinated,Low
26.4,48.6,0.023,0,382.4,9482,13,Vaccinated,Low
16.2,44.0,0.026,0,358.6,11075,14,Vaccinated,Low
22.6,42.6,0.224,0,80.9,2613,9,Unvaccinated,Medium
15.8,51.2,0.008,9135,1531.0,11107,63,Vaccinated,Low
16.9,58.8,3.85,1425,356.1,5184,47,Vaccinated,High
20.0,80.9,0.006,0,297.0,8029,14,Unvaccinated,Low
21.9,66.9,0.038,1244,177.6,1753,22,Vaccinated,Low
20.0,53.2,0.01,6248,1149.9,9174,45,Vaccinated,Low
17.0,61.1,0.025,10330,1592.5,12706,80,Vaccinated,Low
16.9,38.8,0.011,8256,1285.3,10356,83,Vaccinated,Low
27.4,36.1,0.327,9095,1031.3,13497,33,Vaccinated,Medium
15.3,64.6,0.029,3585,547.8,4555,59,Vaccinated,Low
21.9,71.6,2.812,2084,501.5,7464,64,Unvaccinated,High
