Mortality_Rate,Temperature,Humidity,Egg_Production,Amount_of_Feeding
0.012,28.0,0.54,917,5595.0
0.023,28.0,0.67,1175,4676.0
0.026,21.0,0.7,904,4888.0
0.009,24.0,0.6,893,4899.0
0.016,25.0,0.42,828,4553.0
0.016,30.0,0.59,1107,5086.0
0.024,26.0,0.54,953,4363.0
0.021,21.0,0.6,833,4296.0
0.024,20.0,0.57,810,5666.0
0.025,30.0,0.68,800,5957.0
0.013,25.0,0.46,1007,4915.0
0.007,27.0,0.55,1066,5402.0
0.016,24.0,0.5,1117,4527.0
0.03,22.0,0.67,1130,4898.0
0.024,23.0,0.45,991,5060.0
0.024,28.0,0.59,1148,5290.0
0.019,24.0,0.55,824,4007.0
0.015,20.0,0.65,1200,4540.0
0.015,22.0,0.4,891,5851.0
0.021,27.0,0.64,807,4428.0
0.023,28.0,0.54,1176,4144.0
0.013,23.0,0.41,905,4812.0
0.023,23.0,0.66,876,5007.0
0.013,24.0,0.42,833,5925.0
0.029,30.0,0.54,838,5151.0
0.014,24.0,0.46,1052,5544.0
0.03,27.0,0.68,993,4474.0
0.013,28.0,0.67,850,4041.0
0.018,24.0,0.47,1200,5311.0
0.029,28.0,0.59,1170,4265.0
0.03,24.0,0.43,1088,4832.0
0.021,25.0,0.58,1060,4765.0
0.018,28.0,0.55,1011,4479.0
0.018,30.0,0.49,845,4070.0
0.016,20.0,0.44,957,4918.0
0.016,22.0,0.56,1024,4727.0
0.006,20.0,0.49,988,4253.0
0.016,30.0,0.46,875,4666.0
0.023,23.0,0.67,1097,5880.0
0.012,30.0,0.61,960,5933.0
0.01,24.0,0.63,1193,4312.0
0.009,27.0,0.65,895,5441.0
0.023,26.0,0.5,848,4258.0
0.008,21.0,0.65,1031,5124.0
0.014,24.0,0.4,905,5811.0
0.014,23.0,0.52,1182,4971.0
0.008,21.0,0.65,967,4745.0
0.006,20.0,0.62,1161,5671.0
0.023,25.0,0.67,1002,5366.0
0.015,29.0,0.66,941,5883.0
0.025,30.0,0.4,969,4144.0
0.02,28.0,0.48,1143,4674.0
0.008,29.0,0.47,931,5517.0
0.028,27.0,0.52,923,5548.0
0.013,25.0,0.41,904,4918.0
0.022,23.0,0.63,1064,4269.0
0.018,21.0,0.5,872,5930.0
0.028,29.0,0.56,954,5861.0
0.015,25.0,0.49,971,4455.0
0.026,25.0,0.56,1189,4552.0
0.012,23.0,0.42,834,5778.0
0.027,29.0,0.42,985,5754.0
0.023,30.0,0.41,898,4818.0
0.008,26.0,0.56,810,5483.0
0.015,28.0,0.59,820,4382.0
0.014,24.0,0.4,1161,4745.0
0.028,28.0,0.59,1194,5236.0
0.027,20.0,0.56,899,4715.0
0.01,26.0,0.6,903,4029.0
0.026,26.0,0.43,999,5014.0
0.03,23.0,0.45,1055,5442.0
0.007,22.0,0.46,868,5097.0
0.029,26.0,0.52,1186,4876.0
0.026,22.0,0.56,858,5743.0
0.014,20.0,0.55,1054,4256.0
0.018,20.0,0.7,969,5625.0
0.023,21.0,0.41,801,5040.0
0.009,27.0,0.51,863,5186.0
0.03,26.0,0.57,982,4528.0
0.024,23.0,0.57,1152,5219.0
0.019,27.0,0.62,827,5130.0
0.01,26.0,0.43,802,5953.0
0.021,22.0,0.64,927,4144.0
0.024,22.0,0.67,1124,5652.0
0.024,20.0,0.55,1130,5240.0
0.028,30.0,0.46,911,5369.0
0.019,23.0,0.69,1094,5520.0
0.016,27.0,0.69,1191,5157.0
0.011,28.0,0.7,991,4249.0
0.023,29.0,0.67,828,5130.0
0.01,29.0,0.42,1130,5940.0
0.013,22.0,0.69,1099,5718.0
0.009,25.0,0.6,812,5098.0
0.005,26.0,0.63,879,4435.0
0.013,29.0,0.52,890,4571.0
0.006,20.0,0.63,958,5815.0
0.01,23.0,0.7,893,4084.0
0.007,25.0,0.59,1199,5236.0
0.022,21.0,0.57,801,5262.0
0.027,23.0,0.64,928,5845.0
0.023,29.0,0.64,908,4995.0
0.012,29.0,0.56,1119,4584.0
0.021,20.0,0.62,903,5580.0
0.011,22.0,0.61,982,5254.0
0.01,20.0,0.47,1015,5211.0
0.019,23.0,0.63,1033,5625.0
0.025,27.0,0.43,841,4271.0
0.009,27.0,0.57,944,4974.0
0.025,20.0,0.56,1050,4689.0
0.019,29.0,0.42,927,4556.0
0.02,23.0,0.56,1150,5739.0
0.025,28.0,0.64,908,4880.0
0.02,22.0,0.55,836,5322.0
0.022,25.0,0.41,1047,5060.0
0.019,29.0,0.61,1191,4570.0
0.006,20.0,0.5,1028,5083.0
0.014,24.0,0.4,1002,5520.0
0.028,28.0,0.41,1138,5442.0
0.014,20.0,0.41,850,4579.0
0.025,20.0,0.54,870,4663.0
0.015,20.0,0.45,1160,5255.0
0.026,21.0,0.69,1022,5325.0
0.013,24.0,0.42,953,4344.0
0.007,30.0,0.6,1182,5992.0
0.015,20.0,0.55,1002,4678.0
0.027,30.0,0.42,1187,5853.0
0.026,25.0,0.69,889,5915.0
0.009,20.0,0.41,907,5418.0
0.029,24.0,0.47,834,5122.0
0.027,22.0,0.54,1096,4016.0
0.014,20.0,0.51,1125,4749.0
0.028,25.0,0.56,1143,4004.0
0.03,28.0,0.56,943,5210.0
0.023,24.0,0.63,993,4208.0
0.005,26.0,0.63,1131,4778.0
0.008,21.0,0.53,1185,5085.0
0.021,23.0,0.43,1020,4024.0
0.015,22.0,0.43,1195,4080.0
0.009,25.0,0.46,1121,4061.0
0.029,21.0,0.64,955,5889.0
0.014,26.0,0.55,1073,5970.0
0.028,20.0,0.64,1124,4655.0
0.012,28.0,0.64,1082,5205.0
0.028,22.0,0.59,897,4445.0
0.025,25.0,0.46,1173,4309.0
0.015,22.0,0.54,1059,4707.0
0.017,30.0,0.66,1037,4995.0
0.017,22.0,0.69,866,4278.0
0.014,20.0,0.57,888,4906.0
0.02,25.0,0.7,919,5158.0
0.009,24.0,0.63,1156,5651.0
0.016,26.0,0.49,918,4099.0
0.028,26.0,0.68,928,4890.0
0.017,29.0,0.55,1023,5114.0
0.016,26.0,0.44,1063,4801.0
0.018,24.0,0.42,831,4329.0
0.016,28.0,0.67,1000,4494.0
0.021,21.0,0.46,1002,4015.0
0.014,26.0,0.42,866,5152.0
0.018,25.0,0.67,845,5042.0
0.029,24.0,0.59,1153,5279.0
0.006,23.0,0.67,824,5121.0
0.018,23.0,0.52,971,5209.0
0.025,25.0,0.47,1184,5166.0
0.024,28.0,0.44,976,5489.0
0.027,22.0,0.6,1106,4771.0
0.009,29.0,0.57,1010,5119.0
0.005,25.0,0.66,1034,5118.0
0.026,23.0,0.48,905,4975.0
0.02,29.0,0.46,802,5036.0
0.029,21.0,0.57,813,4867.0
0.016,21.0,0.42,1110,4941.0
0.024,28.0,0.57,920,4077.0
0.023,24.0,0.69,1050,5437.0
0.015,23.0,0.5,828,5778.0
0.025,30.0,0.43,1068,4479.0
0.018,26.0,0.45,878,4087.0
0.018,26.0,0.51,1099,5789.0
0.028,29.0,0.66,831,4519.0
0.008,28.0,0.65,1020,4503.0
0.015,30.0,0.59,907,5743.0
0.021,21.0,0.4,955,5860.0
0.022,21.0,0.59,840,4957.0
0.025,28.0,0.59,1126,4753.0
0.008,22.0,0.63,1142,4347.0
0.012,23.0,0.68,1157,5350.0
0.017,23.0,0.65,1144,5700.0
0.029,24.0,0.4,1165,5465.0
0.006,26.0,0.46,1182,4648.0
0.025,27.0,0.58,825,4458.0
0.029,26.0,0.52,880,5721.0
0.022,27.0,0.44,949,5184.0
0.029,20.0,0.41,912,4066.0
0.021,25.0,0.5,899,5134.0
0.009,22.0,0.57,864,4509.0
0.026,28.0,0.53,869,4417.0
0.029,24.0,0.65,889,4554.0
0.024,22.0,0.68,846,4313.0
0.01,29.0,0.41,902,5410.0
0.011,23.0,0.49,1114,4847.0
0.01,22.0,0.63,999,4169.0
0.016,26.0,0.65,892,4304.0
0.007,23.0,0.45,857,5733.0
0.012,29.0,0.52,1171,4945.0
0.009,27.0,0.5,1005,4832.0
0.012,23.0,0.42,1029,5503.0
0.008,23.0,0.69,893,4114.0
0.021,29.0,0.53,1096,4724.0
0.01,26.0,0.5,925,4280.0
0.028,29.0,0.49,824,5443.0
0.024,30.0,0.41,1035,4375.0
0.011,28.0,0.64,841,4801.0
0.027,20.0,0.6,1069,4757.0
0.009,27.0,0.48,973,4662.0
0.016,25.0,0.52,838,5758.0
0.008,25.0,0.42,806,4388.0
0.029,26.0,0.49,1024,4991.0
0.025,24.0,0.7,885,4609.0
0.022,25.0,0.6,918,5356.0
0.019,22.0,0.7,1023,4462.0
0.02,30.0,0.62,1043,4331.0
0.027,30.0,0.48,1045,4258.0
0.015,29.0,0.63,1160,5207.0
0.023,24.0,0.68,872,5201.0
0.006,25.0,0.68,1155,5679.0
0.016,25.0,0.46,1179,4811.0
0.015,26.0,0.61,957,4481.0
0.011,27.0,0.61,827,5957.0
0.014,22.0,0.64,1162,4074.0
0.01,29.0,0.68,1099,4214.0
0.023,28.0,0.51,1032,4067.0
0.009,22.0,0.51,1153,5873.0
0.017,23.0,0.51,1056,4254.0
0.027,25.0,0.41,865,5344.0
0.027,24.0,0.54,1040,5877.0
0.012,20.0,0.54,805,4999.0
0.01,26.0,0.64,1052,4124.0
0.022,27.0,0.51,930,5966.0
0.025,24.0,0.6,1144,4408.0
0.029,22.0,0.7,908,4648.0
0.028,29.0,0.53,1150,4001.0
0.015,27.0,0.43,1158,4486.0
0.018,22.0,0.58,997,4769.0
0.024,23.0,0.68,1018,4467.0
0.013,27.0,0.46,1016,5736.0
0.019,25.0,0.49,949,4923.0
0.018,27.0,0.65,810,4979.0
0.019,29.0,0.49,1144,4016.0
0.007,23.0,0.55,1187,4436.0
0.02,24.0,0.5,1091,5226.0
0.027,29.0,0.47,1169,4531.0
0.023,22.0,0.68,969,4121.0
0.007,24.0,0.65,850,4611.0
0.016,23.0,0.43,1034,5928.0
0.023,21.0,0.69,945,4862.0
0.023,28.0,0.6,959,5443.0
0.008,22.0,0.42,1166,4041.0
0.015,30.0,0.4,1171,5082.0
0.017,21.0,0.58,1028,4450.0
0.019,21.0,0.53,915,4342.0
0.022,20.0,0.67,891,5929.0
0.015,23.0,0.4,913,4689.0
0.007,28.0,0.45,1025,5648.0
0.021,26.0,0.5,827,5504.0
0.007,27.0,0.44,1152,4834.0
0.005,22.0,0.43,816,4085.0
0.025,20.0,0.49,999,5747.0
0.015,27.0,0.58,931,5590.0
0.017,27.0,0.68,861,5021.0
0.009,20.0,0.64,1112,4030.0
0.017,24.0,0.51,1089,4631.0
0.024,30.0,0.48,1092,4879.0
0.03,21.0,0.46,826,4051.0
0.021,27.0,0.43,1020,5114.0
0.019,24.0,0.47,1040,4202.0
0.006,29.0,0.59,1126,5078.0
0.011,29.0,0.41,1072,5306.0
0.009,22.0,0.69,1109,5249.0
0.011,23.0,0.49,1023,4357.0
0.026,29.0,0.49,800,4369.0
0.006,23.0,0.67,1071,5337.0
0.012,25.0,0.61,996,5268.0
0.021,23.0,0.66,868,4432.0
0.013,22.0,0.54,1151,5689.0
0.03,20.0,0.4,1042,4206.0
0.015,24.0,0.7,929,5514.0
0.017,20.0,0.65,889,4090.0
0.014,24.0,0.68,1166,5728.0
0.012,26.0,0.52,1009,5637.0
0.006,20.0,0.4,904,5625.0
0.006,27.0,0.63,842,4360.0
0.027,22.0,0.53,844,5126.0
0.016,23.0,0.43,1090,4673.0
0.006,27.0,0.54,1153,5023.0
0.011,26.0,0.59,981,4378.0
0.011,24.0,0.5,924,5280.0
0.014,25.0,0.59,1056,5998.0
0.025,26.0,0.7,1178,5202.0
0.015,29.0,0.58,943,4926.0
0.014,23.0,0.51,891,5565.0
0.024,27.0,0.43,1045,4307.0
0.025,24.0,0.52,871,4224.0
0.007,28.0,0.47,1187,5105.0
0.027,27.0,0.62,858,5328.0
0.014,21.0,0.62,860,4183.0
0.016,25.0,0.45,1033,4616.0
0.029,23.0,0.62,1155,5166.0
0.027,22.0,0.62,962,5249.0
0.026,28.0,0.48,1136,4171.0
0.006,21.0,0.5,948,5917.0
0.027,29.0,0.52,886,5039.0
0.021,26.0,0.58,1055,4698.0
0.013,28.0,0.62,1132,5312.0
0.013,21.0,0.56,890,4831.0
0.026,29.0,0.62,973,5697.0
0.008,27.0,0.48,1087,5183.0
0.017,22.0,0.47,929,4894.0
0.014,20.0,0.7,1043,4847.0
0.015,27.0,0.52,990,5853.0
0.013,24.0,0.58,1140,5496.0
0.028,30.0,0.49,854,4267.0
0.014,24.0,0.46,971,5767.0
0.027,28.0,0.49,981,4611.0
0.01,29.0,0.44,937,5664.0
0.027,22.0,0.49,882,4215.0
0.026,22.0,0.4,1177,5567.0
0.026,24.0,0.53,1038,5471.0
0.008,20.0,0.48,953,4822.0
0.01,28.0,0.55,1087,4517.0
0.013,26.0,0.68,937,5306.0
0.012,27.0,0.69,1173,5373.0
0.027,23.0,0.68,981,5151.0
0.009,23.0,0.49,1012,5098.0
0.016,20.0,0.57,1024,5922.0
0.022,27.0,0.62,931,5624.0
0.017,28.0,0.59,999,5000.0
0.007,24.0,0.7,860,4159.0
0.012,20.0,0.41,1065,4165.0
0.008,23.0,0.44,959,4122.0
0.008,23.0,0.55,925,4903.0
0.015,27.0,0.54,928,4418.0
0.01,28.0,0.49,1167,5083.0
0.03,29.0,0.61,811,5289.0
0.027,27.0,0.66,941,4397.0
0.009,25.0,0.62,869,4649.0
0.016,28.0,0.43,895,5536.0
0.008,23.0,0.47,1106,5301.0
0.007,30.0,0.4,1022,5892.0
0.013,27.0,0.5,1041,5415.0
0.011,21.0,0.7,1005,4206.0
0.028,27.0,0.6,864,5016.0
0.011,23.0,0.46,923,4772.0
0.028,28.0,0.7,1132,4706.0
0.019,27.0,0.61,1149,4988.0
0.025,22.0,0.5,1189,5517.0
0.023,25.0,0.61,1062,4764.0
0.02,26.0,0.64,930,4638.0
0.006,25.0,0.67,816,4748.0
0.021,26.0,0.5,832,4971.0
0.028,24.0,0.47,1042,5434.0
0.021,22.0,0.55,937,4445.0
0.023,29.0,0.62,1127,4200.0
0.012,23.0,0.56,1094,5288.0
0.023,30.0,0.54,1015,5041.0
0.029,27.0,0.69,902,5449.0
0.016,21.0,0.59,1063,5155.0
0.02,22.0,0.4,942,5341.0
0.014,26.0,0.41,868,5549.0
0.017,30.0,0.65,1100,4059.0
0.012,25.0,0.63,1067,5138.0
0.029,28.0,0.41,1144,5311.0
0.006,22.0,0.44,1079,5693.0
0.006,25.0,0.44,1081,4064.0
0.01,27.0,0.59,1166,4918.0
0.028,24.0,0.46,1167,5544.0
0.014,26.0,0.52,979,5126.0
0.027,25.0,0.56,1184,5246.0
0.005,23.0,0.69,908,4926.0
0.017,22.0,0.43,1196,4902.0
0.029,27.0,0.6,975,4614.0
0.021,24.0,0.68,1082,5742.0
0.026,21.0,0.7,993,5355.0
0.015,24.0,0.5,1130,4352.0
0.017,25.0,0.44,880,4990.0
0.028,23.0,0.64,1170,5250.0
0.014,26.0,0.55,1001,4929.0
0.014,21.0,0.54,1200,4884.0
0.023,27.0,0.55,1092,4682.0
0.022,30.0,0.48,1190,4297.0
0.03,24.0,0.6,863,4763.0
0.022,21.0,0.65,968,4834.0
0.02,22.0,0.43,877,4430.0
0.016,22.0,0.65,833,4224.0
0.023,20.0,0.42,1184,5385.0
0.008,22.0,0.51,962,4006.0
0.012,29.0,0.66,969,4751.0
0.013,29.0,0.4,1028,4474.0
0.024,28.0,0.54,887,4636.0
0.01,29.0,0.64,834,4756.0
0.012,26.0,0.67,965,4392.0
0.02,28.0,0.49,999,4404.0
0.025,28.0,0.41,1171,4719.0
0.029,27.0,0.52,978,4293.0
0.007,24.0,0.68,1103,4569.0
0.013,28.0,0.43,871,4498.0
0.008,30.0,0.48,1104,4618.0
0.009,30.0,0.48,864,5278.0
0.025,20.0,0.53,854,4939.0
0.027,21.0,0.42,1199,4930.0
0.021,24.0,0.46,968,4632.0
0.006,20.0,0.59,1135,5438.0
0.006,23.0,0.57,1192,4653.0
0.025,24.0,0.44,831,4509.0
0.017,21.0,0.4,878,5307.0
0.008,30.0,0.6,848,4408.0
0.009,29.0,0.48,879,4689.0
0.022,26.0,0.53,1026,5353.0
0.029,22.0,0.42,1106,5398.0
0.011,29.0,0.54,919,4141.0
0.022,24.0,0.65,1199,5612.0
0.011,27.0,0.47,885,5025.0
0.029,21.0,0.4,989,4017.0
0.017,27.0,0.49,871,4007.0
0.01,20.0,0.46,1011,5441.0
0.021,30.0,0.41,1036,5034.0
0.024,30.0,0.43,1123,5067.0
0.026,29.0,0.41,911,5580.0
0.018,27.0,0.63,938,4474.0
0.018,21.0,0.47,948,5484.0
0.028,23.0,0.45,1083,5712.0
0.018,23.0,0.69,1146,4635.0
0.009,30.0,0.66,1036,5047.0
0.008,20.0,0.64,913,4388.0
0.024,25.0,0.46,1049,5999.0
0.012,21.0,0.52,1113,4864.0
0.018,20.0,0.41,1068,4993.0
0.016,29.0,0.59,1157,5228.0
0.012,27.0,0.64,1083,4860.0
0.011,25.0,0.6,995,5196.0
0.015,21.0,0.65,883,4329.0
0.009,23.0,0.63,1026,4602.0
0.018,23.0,0.44,844,5535.0
0.016,24.0,0.5,1156,5499.0
0.007,26.0,0.54,1123,4499.0
0.005,25.0,0.46,1088,4044.0
0.011,24.0,0.49,1104,4499.0
0.029,27.0,0.5,835,5272.0
0.008,20.0,0.46,1155,5182.0
0.016,20.0,0.68,1173,4621.0
0.023,30.0,0.56,1058,5613.0
0.016,26.0,0.62,1174,5553.0
0.012,30.0,0.48,1033,4881.0
0.023,30.0,0.54,1044,4396.0
0.017,29.0,0.43,1153,5808.0
0.019,26.0,0.7,814,5240.0
0.03,27.0,0.52,1033,4805.0
0.025,29.0,0.64,854,4781.0
0.022,25.0,0.46,1016,5813.0
0.015,24.0,0.41,1192,4785.0
0.008,26.0,0.53,1199,5889.0
0.021,24.0,0.62,944,5105.0
0.006,30.0,0.54,1073,4179.0
0.019,24.0,0.45,1104,4908.0
0.024,24.0,0.4,1013,4550.0
0.011,22.0,0.56,841,4297.0
0.014,22.0,0.64,820,4550.0
0.026,26.0,0.51,955,5890.0
0.006,23.0,0.42,1179,4864.0
0.014,21.0,0.45,1048,5815.0
0.016,20.0,0.57,1111,5013.0
0.03,29.0,0.7,906,4835.0
0.028,28.0,0.41,1135,4305.0
0.012,23.0,0.63,874,5859.0
0.025,21.0,0.51,1106,4875.0
0.01,30.0,0.51,1024,4551.0
0.012,29.0,0.48,1040,4616.0
0.023,24.0,0.61,1186,5479.0
0.011,26.0,0.49,1011,4892.0
0.008,30.0,0.52,875,4443.0
0.026,23.0,0.67,1147,4824.0
0.02,28.0,0.47,1048,5642.0
0.025,27.0,0.66,967,4947.0
0.022,23.0,0.65,995,5991.0
0.017,24.0,0.61,852,4071.0
0.007,26.0,0.51,1163,4787.0
0.024,29.0,0.44,964,5291.0
0.007,24.0,0.61,1034,5402.0
0.012,30.0,0.57,1026,4148.0
0.016,26.0,0.52,806,5663.0
0.022,24.0,0.47,1133,4887.0
0.021,30.0,0.62,965,5290.0
0.021,22.0,0.49,1196,4781.0
0.013,24.0,0.56,1152,5203.0
0.012,23.0,0.53,958,4458.0
0.024,25.0,0.43,1035,5735.0
0.013,23.0,0.52,1182,5130.0
0.019,22.0,0.46,1135,5191.0
0.02,30.0,0.63,977,5051.0
0.019,29.0,0.42,1075,4385.0
0.027,26.0,0.48,1175,5414.0
0.008,29.0,0.41,1054,5818.0
0.013,29.0,0.53,808,5854.0
0.03,28.0,0.7,862,5746.0
0.02,29.0,0.44,1093,5910.0
0.009,26.0,0.45,1132,5112.0
0.025,29.0,0.54,1118,4405.0
0.025,26.0,0.53,904,4550.0
0.021,27.0,0.65,1100,4165.0
0.006,23.0,0.63,1056,5979.0
0.007,21.0,0.44,1121,5863.0
0.022,27.0,0.49,1152,5703.0
0.013,23.0,0.69,803,4271.0
0.013,21.0,0.53,1086,5703.0
0.017,21.0,0.4,1080,4059.0
0.02,27.0,0.56,985,4501.0
0.022,20.0,0.67,983,5582.0
0.024,28.0,0.58,927,4358.0
0.019,29.0,0.45,968,5522.0
0.015,23.0,0.51,1112,5236.0
0.016,28.0,0.64,863,4381.0
0.014,28.0,0.52,898,5511.0
0.029,25.0,0.64,1197,5600.0
0.013,28.0,0.5,844,4126.0
0.012,28.0,0.49,956,4851.0
0.006,21.0,0.58,820,5522.0
0.02,22.0,0.67,930,4959.0
0.02,25.0,0.43,1177,4007.0
0.019,30.0,0.55,815,4453.0
0.014,30.0,0.41,895,5337.0
0.016,23.0,0.58,845,5308.0
0.011,26.0,0.62,905,5748.0
0.011,29.0,0.43,859,4835.0
0.021,20.0,0.4,1082,5859.0
0.015,29.0,0.45,1121,4386.0
0.006,20.0,0.42,1180,5993.0
0.011,21.0,0.51,1156,4246.0
0.007,28.0,0.47,1136,4854.0
0.012,21.0,0.6,941,4817.0
0.016,25.0,0.68,1189,5799.0
0.011,24.0,0.51,963,5610.0
0.007,27.0,0.57,1148,5291.0
0.015,24.0,0.44,1026,5328.0
0.017,27.0,0.68,944,5701.0
0.03,27.0,0.54,890,4499.0
0.027,24.0,0.4,968,5549.0
0.018,26.0,0.6,1070,5557.0
0.007,27.0,0.69,980,5545.0
0.006,20.0,0.58,964,5830.0
0.014,27.0,0.42,953,5251.0
0.006,29.0,0.7,844,5057.0
0.02,22.0,0.6,1148,4219.0
0.005,28.0,0.43,1183,5855.0
0.028,23.0,0.67,1061,4373.0
0.011,27.0,0.64,936,5726.0
0.015,29.0,0.47,804,4769.0
0.019,25.0,0.62,1018,5709.0
0.029,30.0,0.51,846,5664.0
0.022,26.0,0.42,854,5048.0
0.018,20.0,0.68,991,4946.0
0.029,24.0,0.7,811,5831.0
0.026,23.0,0.63,905,4379.0
0.029,27.0,0.65,1153,5212.0
0.015,22.0,0.5,810,5323.0
0.027,29.0,0.56,906,5793.0
0.028,22.0,0.44,1193,5424.0
0.007,25.0,0.7,1152,5631.0
0.023,29.0,0.55,817,5544.0
0.008,30.0,0.47,1037,4292.0
0.028,20.0,0.48,915,4503.0
0.017,25.0,0.53,1105,4203.0
0.025,28.0,0.59,814,4157.0
0.009,26.0,0.67,843,5757.0
0.028,30.0,0.69,1083,5088.0
0.01,20.0,0.58,1061,4180.0
0.011,28.0,0.6,964,4241.0
0.023,27.0,0.54,801,5502.0
0.018,22.0,0.45,1126,5363.0
0.009,26.0,0.41,975,5827.0
0.023,27.0,0.62,805,5793.0
0.025,27.0,0.41,1110,5327.0
0.012,26.0,0.59,970,4366.0
0.028,27.0,0.47,905,5330.0
0.011,20.0,0.44,947,5450.0
0.005,28.0,0.63,828,5558.0
0.007,30.0,0.56,1010,4875.0
0.006,25.0,0.56,895,4657.0
0.027,28.0,0.54,1029,4801.0
0.008,28.0,0.52,859,4184.0
0.03,25.0,0.49,971,4498.0
0.009,23.0,0.52,1004,5888.0
0.027,23.0,0.59,1075,5173.0
0.023,22.0,0.43,962,4656.0
0.015,25.0,0.51,1033,5515.0
0.017,23.0,0.64,1046,5611.0
0.017,30.0,0.41,1132,4680.0
0.006,22.0,0.41,948,4961.0
0.01,30.0,0.46,884,5457.0
0.012,30.0,0.6,1193,5905.0
0.008,26.0,0.51,915,5592.0
0.012,27.0,0.7,853,4167.0
0.009,29.0,0.43,984,4592.0
0.018,29.0,0.43,835,4741.0
0.008,25.0,0.48,879,5670.0
0.026,25.0,0.57,1127,5192.0
0.019,30.0,0.53,1093,4045.0
0.012,22.0,0.67,925,5855.0
0.024,23.0,0.7,938,5337.0
0.016,22.0,0.51,998,5495.0
0.02,29.0,0.62,1014,4654.0
0.006,26.0,0.45,968,5744.0
0.027,21.0,0.58,1039,5858.0
0.007,30.0,0.43,922,5000.0
0.023,22.0,0.49,805,4023.0
0.028,20.0,0.51,1085,4810.0
0.006,25.0,0.5,1020,4923.0
0.03,27.0,0.49,1188,5537.0
0.01,23.0,0.6,1045,5169.0
0.009,28.0,0.59,1167,5297.0
0.02,30.0,0.45,1085,4452.0
0.021,22.0,0.42,1111,5944.0
0.017,22.0,0.55,1119,4853.0
0.021,21.0,0.43,845,4139.0
0.028,30.0,0.42,1131,4089.0
0.026,29.0,0.52,1100,4569.0
0.025,21.0,0.7,848,4597.0
0.006,20.0,0.42,885,4329.0
0.029,29.0,0.44,1132,4180.0
0.029,27.0,0.46,991,5279.0
0.009,20.0,0.68,858,4920.0
0.024,24.0,0.66,836,4067.0
0.011,24.0,0.63,939,5923.0
0.029,24.0,0.62,953,5801.0
0.015,24.0,0.4,899,5319.0
0.018,29.0,0.52,803,5488.0
0.008,22.0,0.5,814,5793.0
0.026,20.0,0.4,810,4622.0
0.01,30.0,0.53,852,5060.0
0.015,27.0,0.59,972,5615.0
0.023,23.0,0.48,894,5796.0
0.008,23.0,0.4,1114,5779.0
0.008,27.0,0.61,1024,4883.0
0.024,27.0,0.45,1162,5439.0
0.028,25.0,0.5,1137,5652.0
0.015,30.0,0.67,955,5065.0
0.007,28.0,0.48,885,4692.0
0.019,28.0,0.4,1073,4690.0
0.006,21.0,0.7,873,4540.0
0.018,21.0,0.4,913,4648.0
0.006,24.0,0.56,1084,5008.0
0.018,27.0,0.65,960,4883.0
0.021,29.0,0.6,939,4251.0
0.02,23.0,0.6,834,4361.0
0.013,28.0,0.65,1146,4328.0
0.024,24.0,0.42,1021,5319.0
0.008,26.0,0.62,939,5221.0
0.006,28.0,0.69,1155,4784.0
0.028,20.0,0.69,1120,4418.0
0.026,26.0,0.42,1093,5777.0
0.03,23.0,0.53,985,4450.0
0.01,29.0,0.61,1046,5497.0
0.021,24.0,0.54,1189,5848.0
0.01,21.0,0.51,1049,4247.0
0.011,24.0,0.55,1137,5700.0
0.012,27.0,0.54,941,4028.0
0.027,24.0,0.41,863,4334.0
0.03,21.0,0.58,834,5325.0
0.015,22.0,0.5,1044,5195.0
0.029,23.0,0.68,975,4394.0
0.021,26.0,0.46,807,5558.0
0.014,28.0,0.56,899,5072.0
0.018,26.0,0.42,1064,5104.0
0.025,24.0,0.6,1174,5549.0
0.008,22.0,0.51,1156,5179.0
0.007,20.0,0.41,1071,5820.0
0.017,27.0,0.49,1036,5991.0
0.019,30.0,0.64,855,5523.0
0.024,26.0,0.45,957,4007.0
0.024,27.0,0.4,1033,5642.0
0.018,26.0,0.42,1169,5579.0
0.03,27.0,0.67,1198,5615.0
0.012,30.0,0.5,1012,5227.0
0.013,27.0,0.52,962,4132.0
0.008,26.0,0.55,1014,4970.0
0.006,21.0,0.66,1188,4234.0
0.029,20.0,0.44,1140,5756.0
0.024,22.0,0.45,998,5561.0
0.02,21.0,0.47,836,4288.0
0.021,30.0,0.67,1040,5715.0
0.007,26.0,0.4,1100,4531.0
0.019,20.0,0.61,1117,4137.0
0.017,23.0,0.66,890,5197.0
0.029,20.0,0.41,1022,4607.0
0.01,21.0,0.53,968,5263.0
0.026,20.0,0.57,1004,4508.0
0.022,29.0,0.47,1148,5230.0
0.012,23.0,0.66,1150,5486.0
0.017,26.0,0.61,944,5287.0
0.027,23.0,0.45,1111,4987.0
0.016,30.0,0.43,925,5967.0
0.01,24.0,0.48,1009,4843.0
0.017,23.0,0.61,879,4506.0
0.023,23.0,0.49,925,4069.0
0.019,26.0,0.51,953,5135.0
0.01,22.0,0.51,884,4490.0
0.008,21.0,0.65,848,4078.0
0.021,21.0,0.64,872,5698.0
0.029,30.0,0.67,920,4817.0
0.014,21.0,0.52,929,5532.0
0.022,27.0,0.68,1098,5558.0
0.012,24.0,0.63,916,5532.0
0.024,21.0,0.65,979,5538.0
0.016,29.0,0.63,912,5966.0
0.014,25.0,0.61,1103,5713.0
0.014,20.0,0.63,999,4332.0
0.012,29.0,0.62,1001,5480.0
0.023,27.0,0.56,1025,4761.0
0.015,26.0,0.6,969,4917.0
0.006,23.0,0.5,883,5374.0
0.012,21.0,0.6,864,4319.0
0.016,29.0,0.53,1069,4196.0
0.02,25.0,0.4,912,5178.0
0.029,23.0,0.5,1171,4904.0
0.016,21.0,0.47,1000,5087.0
0.011,26.0,0.6,925,5730.0
0.023,30.0,0.55,1026,4940.0
0.018,28.0,0.55,1077,4365.0
0.03,28.0,0.68,906,4397.0
0.027,20.0,0.64,1017,5891.0
0.018,25.0,0.44,991,5498.0
0.022,21.0,0.42,1071,4247.0
0.026,20.0,0.67,982,4346.0
0.015,30.0,0.69,816,4793.0
0.02,22.0,0.68,1039,4369.0
0.01,26.0,0.54,963,5536.0
0.01,22.0,0.44,862,5895.0
0.022,22.0,0.42,984,4953.0
0.022,22.0,0.53,1069,4154.0
0.022,21.0,0.69,821,5035.0
0.007,22.0,0.68,912,5966.0
0.008,24.0,0.41,1084,5802.0
0.019,28.0,0.58,858,4766.0
0.014,23.0,0.53,951,4736.0
0.013,22.0,0.5,1049,5567.0
0.016,26.0,0.48,1111,4455.0
0.014,29.0,0.52,1151,4730.0
0.016,28.0,0.4,1117,4770.0
0.007,23.0,0.7,1141,4653.0
0.007,26.0,0.44,1186,5649.0
0.019,28.0,0.4,1087,5758.0
0.026,27.0,0.68,1021,5499.0
0.011,20.0,0.54,803,4474.0
0.03,26.0,0.63,831,4241.0
0.017,29.0,0.57,1030,4504.0
0.025,21.0,0.65,1033,5134.0
0.025,25.0,0.54,918,5662.0
0.015,27.0,0.58,879,4929.0
0.022,21.0,0.62,832,4364.0
0.022,22.0,0.54,856,5879.0
0.029,28.0,0.69,1140,5663.0
0.014,26.0,0.47,982,5002.0
0.013,26.0,0.44,1042,4404.0
0.027,28.0,0.4,820,5158.0
0.017,23.0,0.62,870,4450.0
0.029,25.0,0.64,855,5926.0
0.009,29.0,0.52,966,5279.0
0.007,26.0,0.62,808,5068.0
0.017,29.0,0.64,1054,5455.0
0.005,23.0,0.67,1061,4815.0
0.016,30.0,0.69,854,4319.0
0.015,22.0,0.4,800,5500.0
0.01,21.0,0.67,896,4506.0
0.028,25.0,0.48,929,4954.0
0.015,27.0,0.57,1128,5826.0
0.01,29.0,0.55,869,5967.0
0.021,25.0,0.49,951,4830.0
0.009,26.0,0.7,937,4975.0
0.005,26.0,0.63,987,4602.0
0.01,28.0,0.58,1098,5808.0
0.007,25.0,0.65,1164,4879.0
0.026,21.0,0.4,1109,5931.0
0.028,27.0,0.61,1070,5788.0
0.006,23.0,0.56,1012,4011.0
0.017,30.0,0.46,1107,5109.0
0.024,29.0,0.61,1129,5337.0
0.016,20.0,0.6,1119,5556.0
0.015,22.0,0.59,850,5380.0
0.017,28.0,0.66,978,5484.0
0.014,27.0,0.58,994,5362.0
0.013,21.0,0.7,849,5079.0
0.029,24.0,0.61,820,5600.0
0.029,30.0,0.42,959,5753.0
0.022,27.0,0.58,1037,5533.0
0.019,20.0,0.49,818,5825.0
0.018,28.0,0.68,1041,4606.0
0.016,27.0,0.69,1031,4099.0
0.007,24.0,0.53,890,5223.0
0.017,20.0,0.47,990,5851.0
0.025,28.0,0.7,1009,5414.0
0.012,24.0,0.57,1152,5366.0
0.025,27.0,0.5,905,5505.0
0.013,23.0,0.68,1148,5755.0
0.029,28.0,0.48,901,5174.0
0.008,22.0,0.43,881,4418.0
0.011,20.0,0.42,1143,5061.0
0.01,21.0,0.65,1065,4811.0
0.021,28.0,0.42,955,4715.0
0.023,27.0,0.66,1171,4021.0
0.009,27.0,0.66,959,4349.0
0.015,27.0,0.42,902,5001.0
0.012,22.0,0.69,801,5351.0
0.016,25.0,0.6,1143,4547.0
0.006,30.0,0.45,1136,4733.0
0.021,21.0,0.48,1102,4641.0
0.011,26.0,0.68,958,4732.0
0.029,21.0,0.66,1007,5061.0
0.025,26.0,0.67,826,5618.0
0.023,23.0,0.64,915,5520.0
0.007,25.0,0.61,813,5037.0
0.01,25.0,0.59,1043,5325.0
0.023,27.0,0.57,1059,4183.0
0.02,23.0,0.51,1038,4428.0
0.015,25.0,0.48,994,5302.0
0.016,29.0,0.49,1067,4887.0
0.009,30.0,0.41,1117,5672.0
0.018,27.0,0.43,1009,5776.0
0.022,22.0,0.65,802,4539.0
0.021,28.0,0.49,1164,5424.0
0.028,24.0,0.65,820,5194.0
0.018,21.0,0.67,1067,4016.0
0.019,30.0,0.7,1016,5692.0
0.01,30.0,0.61,1127,4759.0
0.017,26.0,0.52,1199,4628.0
0.006,23.0,0.43,864,4997.0
0.026,24.0,0.44,850,4970.0
0.013,23.0,0.62,822,5118.0
0.02,20.0,0.4,1190,5618.0
0.02,22.0,0.6,902,4709.0
0.008,23.0,0.45,1000,5944.0
0.027,24.0,0.44,1089,5148.0
0.015,20.0,0.54,883,5490.0
0.028,20.0,0.41,1107,5181.0
0.024,22.0,0.66,854,5196.0
0.012,20.0,0.41,1189,4971.0
0.009,29.0,0.4,860,4234.0
0.014,27.0,0.47,981,4462.0
0.024,26.0,0.42,853,4034.0
0.027,25.0,0.46,987,5786.0
0.012,27.0,0.62,864,5947.0
0.022,29.0,0.53,975,5119.0
0.02,23.0,0.63,1196,4301.0
0.005,29.0,0.59,896,5500.0
0.009,30.0,0.43,816,4873.0
0.015,26.0,0.63,801,4124.0
0.008,21.0,0.69,894,4051.0
0.028,28.0,0.51,916,4279.0
0.023,30.0,0.45,1169,5688.0
0.005,22.0,0.45,1004,5499.0
0.013,21.0,0.59,1185,4308.0
0.028,30.0,0.42,1074,5035.0
0.01,28.0,0.47,889,5268.0
0.009,26.0,0.51,1181,5259.0
0.012,24.0,0.56,1019,5924.0
0.028,30.0,0.64,1035,4224.0
0.028,29.0,0.43,1024,4188.0
0.012,20.0,0.5,940,4121.0
0.011,28.0,0.48,942,5786.0
0.014,26.0,0.6,830,4470.0
0.027,23.0,0.55,1065,4533.0
0.022,26.0,0.62,1051,4935.0
0.016,25.0,0.41,1022,4590.0
0.013,30.0,0.49,1034,5503.0
0.018,21.0,0.57,1118,4769.0
0.014,20.0,0.7,805,5794.0
0.019,30.0,0.59,803,5631.0
0.007,22.0,0.41,942,5012.0
0.019,21.0,0.65,959,4305.0
0.029,25.0,0.44,1033,4641.0
0.009,26.0,0.49,1194,4375.0
0.021,28.0,0.64,1091,5604.0
0.006,24.0,0.64,1160,4941.0
0.013,20.0,0.49,872,4822.0
0.023,30.0,0.56,811,4071.0
0.027,20.0,0.69,996,4477.0
0.015,23.0,0.44,1107,4160.0
0.027,29.0,0.48,887,4475.0
0.013,22.0,0.51,871,5450.0
0.01,21.0,0.41,946,5879.0
0.027,26.0,0.56,1055,5030.0
0.01,20.0,0.58,1185,5669.0
0.029,26.0,0.52,987,5584.0
0.028,26.0,0.58,1196,5970.0
0.014,30.0,0.52,845,4157.0
0.028,27.0,0.49,969,5668.0
0.028,30.0,0.55,1170,5992.0
0.008,27.0,0.63,868,5037.0
0.013,30.0,0.61,1159,5277.0
0.025,25.0,0.5,1087,4186.0
0.019,29.0,0.62,1078,4864.0
0.03,30.0,0.49,947,5984.0
0.016,27.0,0.67,817,5955.0
0.008,22.0,0.7,949,4895.0
0.019,22.0,0.63,1013,5685.0
0.028,24.0,0.5,1090,4868.0
0.014,28.0,0.45,1002,5649.0
0.007,28.0,0.57,1133,5613.0
0.009,23.0,0.6,1012,4655.0
0.01,27.0,0.66,977,5599.0
0.022,21.0,0.66,951,4747.0
0.027,23.0,0.59,890,4831.0
0.011,21.0,0.48,1169,5641.0
0.028,20.0,0.5,1166,4921.0
0.009,21.0,0.63,925,4219.0
0.017,29.0,0.46,1087,4943.0
0.017,29.0,0.42,1198,4797.0
0.026,25.0,0.4,1029,5538.0
0.006,25.0,0.65,999,5415.0
0.025,26.0,0.59,867,5562.0
0.01,27.0,0.49,854,4493.0
0.01,21.0,0.62,862,5777.0
0.013,28.0,0.61,960,4217.0
0.029,29.0,0.53,950,4566.0
0.027,25.0,0.43,851,5438.0
0.016,28.0,0.43,823,5826.0
0.02,27.0,0.66,857,5055.0
0.01,27.0,0.63,892,4806.0
0.008,26.0,0.57,894,5422.0
0.024,29.0,0.56,1074,5126.0
0.025,21.0,0.64,911,5438.0
0.005,29.0,0.42,997,5235.0
0.017,24.0,0.7,1031,5645.0
0.014,23.0,0.55,1010,5803.0
0.015,27.0,0.56,943,4275.0
0.017,23.0,0.59,1178,5131.0
0.012,28.0,0.54,1177,5093.0
0.02,27.0,0.47,1186,5859.0
0.019,22.0,0.49,1026,4894.0
0.024,30.0,0.58,1182,5476.0
0.007,25.0,0.6,1061,5321.0
0.017,25.0,0.42,806,5706.0
0.008,26.0,0.67,977,5368.0
0.017,26.0,0.59,1152,5079.0
0.025,23.0,0.47,1017,4778.0
0.009,27.0,0.57,800,4103.0
0.017,21.0,0.66,854,4354.0
0.019,27.0,0.42,967,4414.0
0.01,23.0,0.4,1153,5460.0
0.007,22.0,0.69,1126,5356.0
0.023,27.0,0.53,982,4537.0
0.022,28.0,0.47,808,5286.0
0.025,20.0,0.48,864,5309.0
0.019,24.0,0.67,1076,5761.0
0.011,23.0,0.68,1098,4464.0
0.015,22.0,0.42,816,4761.0
0.022,25.0,0.49,808,5719.0
0.01,21.0,0.61,1124,5433.0
0.029,30.0,0.65,943,5440.0
0.015,28.0,0.55,851,5778.0
0.018,20.0,0.45,1179,5501.0
0.01,21.0,0.62,855,5468.0
0.015,23.0,0.52,886,5892.0
0.009,28.0,0.66,976,4425.0
0.016,23.0,0.69,811,4687.0
0.009,22.0,0.53,1046,5247.0
0.028,30.0,0.49,1112,4648.0
0.026,30.0,0.52,1073,4748.0
0.022,24.0,0.53,964,5241.0
0.029,27.0,0.44,981,5055.0
0.019,22.0,0.54,962,4158.0
0.02,25.0,0.42,1026,4533.0
0.008,27.0,0.47,1062,4970.0
0.009,24.0,0.69,1037,4135.0
0.029,20.0,0.55,996,5577.0
0.008,22.0,0.45,890,5193.0
0.009,20.0,0.57,875,4912.0
0.014,22.0,0.55,1103,4763.0
0.008,29.0,0.49,846,4715.0
0.02,28.0,0.65,1132,5462.0
0.018,30.0,0.47,821,5398.0
0.017,29.0,0.51,985,4460.0
0.024,30.0,0.51,1123,4448.0
0.02,23.0,0.44,1043,4002.0
0.008,28.0,0.58,830,5385.0
0.009,26.0,0.42,1020,5754.0
0.009,23.0,0.5,1074,5545.0
0.02,25.0,0.47,877,5457.0
0.024,28.0,0.57,1133,4005.0
0.02,28.0,0.61,1007,4425.0
0.025,22.0,0.45,1054,5006.0
0.013,28.0,0.4,992,5733.0
0.011,26.0,0.42,999,4070.0
0.018,21.0,0.45,1111,5726.0
0.006,30.0,0.54,1072,4011.0
0.02,22.0,0.52,1067,5095.0
0.009,30.0,0.47,1023,4232.0
0.01,25.0,0.53,992,4630.0
0.025,23.0,0.45,1075,4254.0
0.014,30.0,0.51,874,5347.0
0.018,20.0,0.69,995,5617.0
0.022,25.0,0.44,838,5474.0
0.027,26.0,0.43,902,4586.0
0.014,21.0,0.62,993,4304.0
0.026,22.0,0.51,1195,5102.0
0.012,26.0,0.46,1147,4655.0
0.023,20.0,0.4,801,4630.0
0.027,23.0,0.69,969,5145.0
0.014,20.0,0.59,1197,4271.0
0.013,24.0,0.47,1143,4476.0
0.023,21.0,0.69,912,5069.0
0.006,26.0,0.68,1160,5562.0
0.027,22.0,0.59,1127,5526.0
0.019,22.0,0.68,1181,5573.0
0.027,28.0,0.44,993,4038.0
0.027,27.0,0.63,937,4942.0
0.007,29.0,0.47,1005,4077.0
0.007,22.0,0.43,1171,5844.0
0.03,21.0,0.58,996,5444.0
0.026,23.0,0.68,1043,4551.0
0.02,23.0,0.54,1112,4421.0
0.024,28.0,0.52,1073,4873.0
0.015,30.0,0.48,880,4817.0
0.016,24.0,0.67,1130,4456.0
0.013,23.0,0.58,949,5452.0
0.008,30.0,0.69,1151,5966.0
0.014,21.0,0.47,803,5640.0
0.015,24.0,0.48,1129,5730.0
0.026,21.0,0.64,1171,5505.0
0.013,25.0,0.6,982,4553.0
0.022,28.0,0.44,844,5341.0
0.005,20.0,0.67,864,5906.0
0.022,28.0,0.52,846,5832.0
0.024,20.0,0.56,1021,5517.0
0.02,30.0,0.4,1008,4334.0
0.026,23.0,0.68,890,5872.0
0.008,28.0,0.67,949,4360.0
0.016,28.0,0.65,1189,4220.0
0.014,25.0,0.44,805,5896.0
0.025,20.0,0.47,1186,5028.0
0.014,22.0,0.68,984,4304.0
0.012,28.0,0.69,1139,5958.0
0.021,27.0,0.62,936,5313.0
0.03,28.0,0.57,953,5470.0
0.005,25.0,0.58,1008,4492.0
0.006,25.0,0.55,803,4064.0
0.006,22.0,0.54,1032,5009.0
0.019,21.0,0.7,1116,5513.0
0.024,21.0,0.65,1129,5413.0
0.013,27.0,0.45,830,4849.0
0.018,30.0,0.67,1017,5844.0
0.017,26.0,0.61,968,4679.0
0.029,23.0,0.49,1117,4999.0
0.017,28.0,0.65,994,5162.0
0.015,20.0,0.68,1090,5234.0
0.027,23.0,0.49,1043,5192.0
0.026,22.0,0.44,960,5916.0
0.015,28.0,0.68,928,5722.0
0.016,25.0,0.4,982,5788.0
0.015,22.0,0.56,1112,4367.0
0.013,30.0,0.58,1104,5430.0
0.011,30.0,0.46,844,4538.0
0.026,30.0,0.62,883,5501.0
0.006,20.0,0.52,1113,5271.0
0.025,30.0,0.41,1161,5303.0
0.029,22.0,0.55,1183,4796.0
0.023,29.0,0.57,1009,4876.0
0.027,25.0,0.65,1165,5016.0
0.008,21.0,0.43,1198,4632.0
0.015,27.0,0.68,1120,5079.0
0.016,30.0,0.52,1043,5272.0
0.005,22.0,0.57,890,5467.0
0.022,22.0,0.6,964,5163.0
0.022,28.0,0.51,905,5366.0
0.018,30.0,0.5,862,4662.0
0.029,24.0,0.58,1004,4602.0
0.005,26.0,0.66,814,5762.0
0.02,30.0,0.48,972,4524.0
0.014,26.0,0.47,854,5287.0
0.01,22.0,0.44,1195,4895.0
0.024,20.0,0.41,1158,5988.0
0.009,27.0,0.56,988,5429.0
0.013,23.0,0.7,931,4216.0
0.017,26.0,0.53,1166,5303.0
0.02,28.0,0.48,1098,4790.0
0.016,27.0,0.47,1053,4015.0
0.029,26.0,0.45,1009,4269.0
0.012,20.0,0.45,818,5224.0
0.012,28.0,0.63,1078,4468.0
0.026,23.0,0.54,1126,5889.0
0.016,30.0,0.62,1135,4017.0
0.03,28.0,0.52,828,5071.0
0.014,20.0,0.6,804,4483.0
0.013,24.0,0.55,876,4617.0
0.018,22.0,0.69,1136,4154.0
0.006,30.0,0.66,839,4241.0
0.023,26.0,0.62,840,5862.0
0.015,26.0,0.68,1090,5124.0
0.01,23.0,0.6,860,5180.0
0.03,20.0,0.48,841,5288.0
0.029,25.0,0.4,1080,4688.0
0.023,27.0,0.57,946,5224.0
0.019,28.0,0.62,944,4316.0
0.017,22.0,0.54,1148,5545.0
0.019,27.0,0.48,973,4686.0
0.015,24.0,0.41,1081,5810.0
0.014,24.0,0.65,961,5307.0
0.018,25.0,0.41,1046,4770.0
0.018,21.0,0.44,802,4476.0
0.023,30.0,0.53,825,5442.0
0.012,20.0,0.48,1138,4881.0
0.029,30.0,0.54,924,5042.0
0.006,23.0,0.56,1012,4126.0
0.018,28.0,0.57,996,4238.0
0.013,25.0,0.63,866,5193.0
0.023,30.0,0.51,1096,5532.0
0.009,24.0,0.54,993,4063.0
0.027,23.0,0.58,816,4177.0
0.019,25.0,0.7,1072,4818.0
0.015,25.0,0.56,869,4708.0
0.017,28.0,0.48,850,4610.0
0.011,23.0,0.67,1095,5190.0
0.009,28.0,0.56,1094,5762.0
0.02,20.0,0.5,937,4509.0
0.017,21.0,0.43,1022,4908.0
0.024,25.0,0.64,1024,4996.0
0.028,28.0,0.49,867,4359.0
0.029,26.0,0.47,1085,5112.0
0.025,29.0,0.64,973,5093.0
0.018,21.0,0.43,1113,4088.0
0.024,26.0,0.41,871,4023.0
0.028,22.0,0.58,831,4035.0
0.009,30.0,0.5,951,4523.0
0.014,27.0,0.57,1168,4205.0
0.028,29.0,0.6,920,4754.0
0.025,22.0,0.55,960,5518.0
0.021,25.0,0.56,991,4882.0
0.028,24.0,0.63,844,5365.0
0.009,30.0,0.7,843,4470.0
0.026,26.0,0.66,1141,5301.0
0.006,23.0,0.45,953,4567.0
0.008,25.0,0.48,1110,4238.0
0.011,24.0,0.52,873,4485.0
0.024,21.0,0.4,1076,5512.0
0.027,28.0,0.57,1064,5571.0
0.012,27.0,0.65,838,4994.0
0.027,22.0,0.7,1154,5626.0
0.028,26.0,0.52,1073,4629.0
0.015,30.0,0.68,982,5227.0
0.009,30.0,0.69,856,4963.0
0.018,20.0,0.61,1154,4573.0
0.013,24.0,0.52,1177,5190.0
0.009,24.0,0.48,1096,5129.0
0.006,23.0,0.62,818,4369.0
0.028,22.0,0.41,874,4672.0
0.03,24.0,0.44,904,4691.0
0.021,25.0,0.69,1007,4512.0
0.017,25.0,0.51,1057,4786.0
0.024,25.0,0.69,878,5991.0
0.017,25.0,0.46,802,5188.0
0.013,25.0,0.62,827,5079.0
0.025,28.0,0.57,1089,4060.0
0.014,25.0,0.53,1068,4522.0
0.009,22.0,0.56,1058,5577.0
0.018,27.0,0.43,821,4747.0
0.016,30.0,0.62,915,4623.0
0.029,22.0,0.62,981,4645.0
0.013,20.0,0.47,1076,5900.0
0.006,23.0,0.67,846,5687.0
0.028,24.0,0.54,1003,5430.0
0.027,21.0,0.45,1002,5878.0
0.006,20.0,0.4,800,4324.0
0.022,24.0,0.58,851,4104.0
0.024,28.0,0.66,954,5343.0
0.011,22.0,0.48,1084,4530.0
0.011,26.0,0.4,898,5352.0
0.012,27.0,0.67,1061,5079.0
0.014,29.0,0.62,1013,4253.0
0.007,26.0,0.44,935,4442.0
0.006,21.0,0.69,1040,5476.0
0.023,30.0,0.5,959,5538.0
0.018,25.0,0.54,1190,4642.0
0.018,26.0,0.63,1095,5907.0
0.013,29.0,0.41,818,4808.0
0.018,29.0,0.49,1157,5546.0
0.006,23.0,0.56,1032,4806.0
0.006,28.0,0.52,1127,4820.0
0.018,28.0,0.64,975,4804.0
0.029,24.0,0.41,1009,4190.0
0.02,25.0,0.49,1043,5682.0
0.015,24.0,0.66,969,4950.0
0.028,24.0,0.7,1040,5784.0
0.027,22.0,0.54,1164,5687.0
0.024,27.0,0.6,856,4560.0
0.011,29.0,0.64,1142,5249.0
0.011,25.0,0.59,1184,4767.0
0.015,23.0,0.4,1147,4174.0
0.026,22.0,0.44,1019,4107.0
0.014,22.0,0.43,916,5670.0
0.019,25.0,0.46,984,5046.0
0.024,27.0,0.46,1111,4314.0
0.022,30.0,0.64,1066,5309.0
0.016,23.0,0.59,836,4566.0
0.015,22.0,0.55,1132,5031.0
0.029,20.0,0.52,1048,5424.0
0.016,20.0,0.64,827,4069.0
0.013,25.0,0.54,1019,4963.0
0.02,27.0,0.43,1146,5988.0
0.028,27.0,0.46,1105,4166.0
0.012,29.0,0.4,910,4434.0
0.023,22.0,0.64,1056,5586.0
0.006,26.0,0.53,1030,4833.0
0.019,28.0,0.48,813,4466.0
0.007,30.0,0.55,1102,4794.0
0.028,29.0,0.7,1077,4311.0
0.022,24.0,0.45,1151,5675.0
0.013,29.0,0.44,805,5524.0
0.015,30.0,0.66,1177,4388.0
0.011,24.0,0.59,1092,5005.0
0.02,24.0,0.7,1013,5572.0
0.018,20.0,0.55,939,5613.0
0.011,20.0,0.46,1101,5629.0
0.013,27.0,0.43,874,5293.0
0.023,27.0,0.7,945,4229.0
0.02,20.0,0.7,1116,4420.0
0.021,26.0,0.43,1188,4660.0
0.026,24.0,0.66,851,4165.0
0.03,25.0,0.6,1074,5901.0
0.026,28.0,0.41,958,4782.0
0.006,30.0,0.69,982,5153.0
0.017,25.0,0.67,979,4191.0
0.026,23.0,0.64,809,4226.0
0.028,30.0,0.43,1039,5364.0
0.01,29.0,0.61,881,4387.0
0.019,22.0,0.6,827,5467.0
0.027,26.0,0.48,899,4660.0
0.023,29.0,0.43,979,4600.0
0.026,22.0,0.42,1053,4692.0
0.008,23.0,0.45,813,5612.0
0.016,20.0,0.69,1138,5072.0
0.02,29.0,0.41,1200,5885.0
0.027,25.0,0.69,855,4896.0
0.027,23.0,0.4,1158,4773.0
0.013,24.0,0.65,830,4578.0
0.018,24.0,0.66,1198,4448.0
0.029,26.0,0.63,939,5564.0
0.03,20.0,0.65,1137,4619.0
0.012,23.0,0.69,875,4511.0
0.02,29.0,0.41,985,4771.0
0.022,29.0,0.57,1154,5409.0
0.012,24.0,0.64,920,4548.0
0.013,27.0,0.51,1015,5894.0
0.023,29.0,0.55,1174,4076.0
0.02,21.0,0.66,1033,5620.0
0.023,22.0,0.44,980,5018.0
0.011,27.0,0.69,890,4827.0
0.019,30.0,0.62,1004,4219.0
0.017,30.0,0.45,807,5006.0
0.016,25.0,0.52,933,5973.0
0.02,21.0,0.58,967,4753.0
0.023,20.0,0.51,891,4737.0
0.027,24.0,0.4,1121,5611.0
0.016,23.0,0.6,984,5537.0
0.005,30.0,0.52,1094,4844.0
0.006,21.0,0.46,1013,5134.0
0.01,23.0,0.45,910,5983.0
0.029,25.0,0.47,1102,4819.0
0.024,27.0,0.64,936,4846.0
0.028,29.0,0.41,922,4025.0
0.027,26.0,0.67,956,5095.0
0.014,22.0,0.7,830,4980.0
0.028,28.0,0.69,850,4095.0
0.013,30.0,0.56,906,4674.0
0.01,29.0,0.43,1051,5109.0
0.007,24.0,0.68,842,4279.0
0.021,20.0,0.51,886,5625.0
0.028,30.0,0.61,884,5450.0
0.023,25.0,0.63,882,5834.0
0.015,24.0,0.55,828,4526.0
0.023,24.0,0.67,1044,5383.0
0.006,22.0,0.52,1189,5680.0
0.022,20.0,0.67,827,4826.0
0.007,27.0,0.65,1047,4001.0
0.024,20.0,0.53,1187,4044.0
0.025,20.0,0.52,848,5643.0
0.006,27.0,0.47,886,4966.0
0.03,27.0,0.53,1171,5927.0
0.006,27.0,0.46,1149,5649.0
0.018,26.0,0.59,820,4949.0
0.017,24.0,0.7,986,4866.0
0.007,25.0,0.5,806,4777.0
0.02,24.0,0.51,1103,4732.0
0.023,26.0,0.58,888,4139.0
0.007,20.0,0.42,985,4074.0
0.025,22.0,0.69,1127,4051.0
0.03,21.0,0.64,1160,4825.0
0.016,22.0,0.66,868,5342.0
0.029,23.0,0.54,1080,5545.0
0.017,23.0,0.57,847,5382.0
0.009,28.0,0.51,925,5802.0
0.023,29.0,0.4,854,5809.0
0.027,28.0,0.5,908,4219.0
0.009,27.0,0.57,1117,4309.0
0.025,25.0,0.61,846,4893.0
0.009,27.0,0.59,826,4982.0
0.018,21.0,0.61,901,5424.0
0.019,25.0,0.44,1029,4770.0
0.026,27.0,0.54,956,4037.0
0.015,26.0,0.5,952,4735.0
0.028,27.0,0.62,1029,4248.0
0.007,22.0,0.42,1035,5459.0
0.022,28.0,0.54,848,5989.0
0.023,30.0,0.64,1146,5751.0
0.016,30.0,0.66,1092,4096.0
0.024,24.0,0.63,802,5465.0
0.025,28.0,0.43,828,5097.0
0.017,25.0,0.57,865,4861.0
0.023,23.0,0.52,1187,5849.0
0.024,28.0,0.67,892,4086.0
0.006,20.0,0.4,896,5175.0
0.007,20.0,0.62,1184,5384.0
0.016,26.0,0.54,973,5448.0
0.012,26.0,0.45,1175,5557.0
0.012,25.0,0.65,916,4732.0
0.011,25.0,0.47,1053,5054.0
0.021,20.0,0.41,1179,5125.0
0.021,24.0,0.4,976,5676.0
0.024,27.0,0.67,868,4173.0
0.007,21.0,0.68,980,5342.0
0.014,28.0,0.41,1110,5910.0
0.019,27.0,0.69,960,5471.0
0.021,28.0,0.41,933,4828.0
0.02,25.0,0.43,936,5174.0
0.014,29.0,0.41,1099,4057.0
0.011,21.0,0.5,1097,5093.0
0.015,22.0,0.63,970,5285.0
0.021,21.0,0.69,860,4078.0
0.026,29.0,0.46,974,5735.0
0.005,29.0,0.57,921,5605.0
0.017,28.0,0.5,900,4371.0
0.014,22.0,0.67,1083,5097.0
0.028,27.0,0.46,993,4391.0
0.026,28.0,0.64,1004,5993.0
0.021,25.0,0.57,1031,5098.0
0.007,28.0,0.69,931,4691.0
0.012,26.0,0.44,1193,4233.0
0.011,25.0,0.64,1157,4191.0
0.026,22.0,0.65,1062,5749.0
0.015,28.0,0.46,810,4040.0
0.01,24.0,0.62,841,5121.0
0.025,30.0,0.67,1041,4446.0
0.03,24.0,0.53,1084,5171.0
0.015,27.0,0.54,829,4881.0
0.012,24.0,0.57,1035,5273.0
0.019,20.0,0.63,962,5362.0
0.007,25.0,0.54,1019,4221.0
0.024,21.0,0.48,810,4310.0
0.026,26.0,0.57,964,5807.0
0.01,26.0,0.45,1073,4120.0
0.007,21.0,0.57,833,5070.0
0.005,21.0,0.59,868,5447.0
0.03,25.0,0.63,864,4630.0
0.018,23.0,0.48,1061,5355.0
0.018,30.0,0.64,1115,5997.0
0.028,28.0,0.66,1012,4952.0
0.018,27.0,0.4,977,4826.0
0.018,29.0,0.62,1113,5253.0
0.027,23.0,0.48,877,5454.0
0.015,23.0,0.65,1079,4630.0
0.014,25.0,0.41,964,5278.0
0.021,25.0,0.61,1032,4090.0
0.011,30.0,0.41,1178,5904.0
0.026,30.0,0.7,971,4090.0
0.01,28.0,0.51,1155,4919.0
0.008,30.0,0.59,997,5456.0
0.018,28.0,0.57,1027,5692.0
0.007,30.0,0.4,1036,5493.0
0.018,26.0,0.49,988,5741.0
0.016,22.0,0.56,1021,5056.0
0.007,20.0,0.67,947,5837.0
0.028,23.0,0.65,841,4056.0
0.019,24.0,0.59,1167,4663.0
0.009,25.0,0.52,869,5612.0
0.012,29.0,0.42,817,4335.0
0.024,25.0,0.63,989,5903.0
0.03,28.0,0.66,1170,4477.0
0.027,28.0,0.65,848,4512.0
0.015,27.0,0.53,948,4032.0
0.026,22.0,0.56,989,4880.0
0.024,20.0,0.65,837,4517.0
0.013,28.0,0.44,905,5381.0
0.021,26.0,0.63,1082,4373.0
0.016,28.0,0.44,906,5104.0
0.025,24.0,0.45,1073,5851.0
0.025,20.0,0.51,1143,4448.0
0.009,28.0,0.6,962,5334.0
0.009,27.0,0.5,1161,4797.0
0.012,26.0,0.65,832,5649.0
0.017,24.0,0.46,1174,5087.0
0.024,30.0,0.49,1104,4220.0
0.009,29.0,0.63,897,4951.0
0.012,24.0,0.45,1071,5451.0
0.026,26.0,0.57,868,4247.0
0.03,27.0,0.57,930,4876.0
0.027,28.0,0.58,932,5861.0
0.03,25.0,0.66,1044,4648.0
0.011,24.0,0.47,880,4192.0
0.007,28.0,0.42,809,5645.0
0.009,29.0,0.61,1027,5177.0
0.021,23.0,0.42,980,4742.0
0.021,29.0,0.43,869,4135.0
0.009,21.0,0.48,803,5552.0
0.014,27.0,0.64,1102,5124.0
0.018,27.0,0.64,947,4753.0
0.029,29.0,0.48,801,4508.0
0.005,24.0,0.7,974,4091.0
0.027,26.0,0.44,923,4062.0
0.018,28.0,0.46,999,4810.0
0.017,25.0,0.51,949,4752.0
0.024,24.0,0.41,1102,5851.0
0.023,24.0,0.45,1188,5927.0
0.019,27.0,0.61,1146,5934.0
0.021,26.0,0.61,952,5897.0
0.014,30.0,0.43,897,5461.0
0.019,30.0,0.68,814,4005.0
0.024,29.0,0.68,1193,5457.0
0.008,23.0,0.45,874,5943.0
0.026,23.0,0.64,1041,5597.0
0.016,22.0,0.61,1013,5269.0
0.009,28.0,0.67,922,5873.0
0.026,20.0,0.47,1061,4869.0
0.018,26.0,0.49,1045,5519.0
0.014,28.0,0.5,857,4601.0
0.02,23.0,0.45,1172,5389.0
0.019,28.0,0.51,835,5750.0
0.019,24.0,0.61,944,5449.0
0.008,30.0,0.46,831,4122.0
0.013,22.0,0.4,842,5098.0
0.022,21.0,0.65,1086,4206.0
0.012,24.0,0.46,1066,4358.0
0.01,29.0,0.5,900,4348.0
0.007,30.0,0.48,872,4510.0
0.026,25.0,0.66,1095,5656.0
0.008,20.0,0.57,868,4941.0
0.024,25.0,0.46,921,4033.0
0.029,20.0,0.55,944,5203.0
0.009,28.0,0.58,848,5834.0
0.023,20.0,0.44,823,4686.0
0.018,23.0,0.7,1123,5291.0
0.018,20.0,0.45,1011,4235.0
0.016,28.0,0.43,1153,4420.0
0.017,29.0,0.47,889,5080.0
0.021,29.0,0.5,893,4568.0
0.015,20.0,0.41,1077,4709.0
0.019,29.0,0.55,925,4883.0
0.01,27.0,0.68,1024,4609.0
0.023,25.0,0.65,989,4146.0
0.007,20.0,0.6,845,5608.0
0.02,28.0,0.65,996,5228.0
0.017,29.0,0.66,1181,4045.0
0.015,25.0,0.65,1011,4980.0
0.022,25.0,0.48,1154,5965.0
0.02,20.0,0.69,866,4865.0
0.017,29.0,0.68,1189,5943.0
0.016,25.0,0.44,1152,4678.0
0.025,24.0,0.49,1092,4249.0
0.028,20.0,0.58,1011,5622.0
0.029,26.0,0.65,899,4626.0
0.023,22.0,0.43,875,5443.0
0.024,24.0,0.46,938,4946.0
0.012,21.0,0.63,859,4870.0
0.017,30.0,0.7,1010,4079.0
0.019,22.0,0.64,922,5040.0
0.009,25.0,0.65,1091,4187.0
0.016,27.0,0.7,1079,5406.0
0.012,29.0,0.69,1066,5708.0
0.013,26.0,0.68,1122,5001.0
0.019,27.0,0.44,1008,4894.0
0.012,23.0,0.66,1196,4260.0
0.007,20.0,0.59,984,5578.0
0.028,25.0,0.66,1046,5117.0
0.01,25.0,0.65,1027,5976.0
0.015,23.0,0.7,1100,4402.0
0.028,25.0,0.69,825,4812.0
0.019,24.0,0.54,973,5282.0
0.022,25.0,0.66,922,4101.0
0.016,28.0,0.64,863,5197.0
0.024,25.0,0.53,1098,5121.0
0.013,30.0,0.68,872,5345.0
0.014,28.0,0.48,1000,5345.0
0.017,22.0,0.57,850,4646.0
0.024,29.0,0.51,1173,4583.0
0.013,20.0,0.45,1103,5880.0
0.02,20.0,0.53,911,4012.0
0.025,28.0,0.46,875,5775.0
0.013,26.0,0.68,916,4008.0
0.007,22.0,0.49,865,5480.0
0.026,21.0,0.45,1075,5693.0
0.013,30.0,0.45,1113,5493.0
0.02,26.0,0.51,1066,5579.0
0.028,26.0,0.61,815,5290.0
0.022,27.0,0.6,1127,5527.0
0.023,23.0,0.69,1126,5808.0
0.021,24.0,0.51,1000,5792.0
0.025,21.0,0.66,897,5248.0
0.006,21.0,0.57,1030,4483.0
0.027,30.0,0.46,1064,4873.0
0.006,21.0,0.68,867,5609.0
0.015,29.0,0.47,1138,4344.0
0.022,21.0,0.59,1066,4422.0
0.02,23.0,0.41,982,5773.0
0.006,22.0,0.41,1041,4502.0
0.021,28.0,0.54,1137,4888.0
0.025,24.0,0.41,1135,4208.0
0.024,20.0,0.61,962,5039.0
0.025,20.0,0.4,893,5958.0
0.008,30.0,0.57,1190,5555.0
0.009,27.0,0.58,1061,4048.0
0.019,26.0,0.43,1099,5543.0
0.006,22.0,0.64,1164,5325.0
0.009,30.0,0.68,907,4337.0
0.018,20.0,0.63,901,4520.0
0.009,22.0,0.66,1160,4509.0
0.009,23.0,0.57,1051,4684.0
0.024,21.0,0.54,1002,5187.0
0.007,27.0,0.69,1143,5051.0
0.026,23.0,0.64,823,5516.0
0.008,26.0,0.61,1037,5613.0
0.015,23.0,0.52,1055,5025.0
0.005,21.0,0.64,962,5415.0
0.019,22.0,0.42,825,5076.0
0.029,30.0,0.46,910,4026.0
0.009,25.0,0.67,1173,5515.0
0.023,26.0,0.59,980,4799.0
0.029,30.0,0.69,928,5582.0
0.006,20.0,0.7,1000,4558.0
0.024,27.0,0.51,997,5492.0
0.01,25.0,0.44,1198,5054.0
0.021,30.0,0.66,960,5989.0
0.017,21.0,0.5,855,4036.0
0.018,26.0,0.47,1103,4799.0
0.03,30.0,0.51,828,4643.0
0.011,25.0,0.47,1105,4479.0
0.02,20.0,0.55,847,4578.0
0.012,29.0,0.65,1013,4809.0
0.018,22.0,0.63,814,5635.0
0.008,24.0,0.4,866,5950.0
0.007,30.0,0.4,897,4235.0
0.009,27.0,0.65,1165,5810.0
0.018,22.0,0.64,1168,4396.0
0.016,30.0,0.59,810,5138.0
0.024,28.0,0.44,1044,4116.0
0.023,25.0,0.44,1146,4014.0
0.022,25.0,0.61,995,4601.0
0.018,27.0,0.61,1001,4417.0
0.007,23.0,0.64,844,4883.0
0.021,26.0,0.41,856,4309.0
0.018,24.0,0.52,844,5795.0
0.013,28.0,0.44,1145,4949.0
0.008,22.0,0.68,1007,5190.0
0.029,30.0,0.57,953,4017.0
0.028,26.0,0.62,1137,5498.0
0.018,26.0,0.49,894,4997.0
0.02,26.0,0.42,892,5630.0
0.015,24.0,0.44,938,5273.0
0.013,20.0,0.68,890,4448.0
0.008,21.0,0.7,845,5680.0
0.008,26.0,0.57,1035,4844.0
0.009,26.0,0.7,879,5799.0
0.024,22.0,0.7,823,4794.0
0.016,24.0,0.57,1150,4828.0
0.008,23.0,0.54,869,4196.0
0.029,21.0,0.45,944,4033.0
0.017,24.0,0.69,1073,4985.0
0.013,25.0,0.59,1133,5676.0
0.006,22.0,0.47,1155,4123.0
0.019,30.0,0.65,927,5196.0
0.011,29.0,0.55,903,5683.0
0.021,22.0,0.43,1027,4918.0
0.012,30.0,0.65,972,5770.0
0.028,29.0,0.64,1049,4344.0
0.026,26.0,0.57,1198,5752.0
0.009,20.0,0.6,1025,5143.0
0.024,28.0,0.58,1153,4251.0
0.011,22.0,0.51,850,4068.0
0.026,26.0,0.6,973,5634.0
0.029,23.0,0.59,882,4827.0
0.014,25.0,0.67,1198,5947.0
0.026,28.0,0.59,1104,4365.0
0.024,23.0,0.59,978,4963.0
0.023,26.0,0.55,966,4708.0
0.026,20.0,0.5,868,4427.0
0.014,30.0,0.47,893,5125.0
0.011,28.0,0.49,1093,5321.0
0.01,25.0,0.61,828,5199.0
0.019,23.0,0.55,1199,5120.0
0.025,26.0,0.41,804,5300.0
0.027,28.0,0.47,889,4611.0
0.019,24.0,0.42,879,5457.0
0.009,26.0,0.52,1101,5387.0
0.02,30.0,0.54,1174,4976.0
0.026,23.0,0.46,1090,5593.0
0.017,25.0,0.58,987,5763.0
0.011,21.0,0.52,1047,5724.0
0.029,30.0,0.56,876,4384.0
0.015,28.0,0.65,988,4744.0
0.013,21.0,0.64,874,5362.0
0.013,24.0,0.53,1113,4047.0
0.013,20.0,0.44,1111,4934.0
0.009,30.0,0.64,1100,5353.0
0.024,28.0,0.53,1196,4521.0
0.023,24.0,0.54,805,5577.0
0.018,22.0,0.43,1185,4182.0
0.02,27.0,0.69,888,4122.0
0.017,30.0,0.4,1185,5826.0
0.028,23.0,0.55,827,4664.0
0.012,23.0,0.49,922,4680.0
0.023,28.0,0.53,1012,4539.0
0.023,27.0,0.69,1136,5337.0
0.026,25.0,0.53,1113,4270.0
0.027,20.0,0.65,988,4999.0
0.006,27.0,0.63,890,5982.0
0.013,23.0,0.56,846,4919.0
0.014,20.0,0.4,1200,5148.0
0.012,24.0,0.53,1004,4381.0
0.022,23.0,0.59,1010,5334.0
0.007,27.0,0.63,991,5931.0
0.012,29.0,0.7,1010,5548.0
0.013,21.0,0.5,1132,5474.0
0.023,23.0,0.53,1032,4153.0
0.025,22.0,0.63,805,5592.0
0.017,28.0,0.63,1141,4134.0
0.009,25.0,0.65,931,5498.0
0.009,25.0,0.67,1154,5317.0
0.01,30.0,0.42,1050,5726.0
0.013,28.0,0.51,919,4326.0
0.01,25.0,0.65,969,5992.0
0.018,24.0,0.54,979,5022.0
0.006,29.0,0.52,1146,4449.0
0.007,20.0,0.68,1065,4103.0
0.013,22.0,0.59,840,4572.0
0.018,30.0,0.49,1197,4374.0
0.028,23.0,0.59,857,4705.0
0.007,20.0,0.67,948,5871.0
0.027,22.0,0.7,1160,5405.0
0.018,30.0,0.56,841,4739.0
0.019,22.0,0.64,1055,5943.0
0.007,23.0,0.55,908,4697.0
0.014,28.0,0.66,800,4161.0
0.006,20.0,0.42,959,4380.0
0.02,26.0,0.41,919,5907.0
0.021,30.0,0.42,841,5813.0
0.008,25.0,0.46,1115,4109.0
0.012,20.0,0.7,1145,4926.0
0.018,28.0,0.49,1067,4296.0
0.029,21.0,0.62,894,5531.0
0.007,26.0,0.63,1029,5530.0
0.029,20.0,0.43,1087,4286.0
0.014,25.0,0.66,890,5208.0
0.02,30.0,0.43,801,4807.0
0.023,27.0,0.68,935,4322.0
0.027,21.0,0.51,939,5523.0
0.019,30.0,0.46,1000,5415.0
0.01,29.0,0.54,1180,4440.0
0.008,20.0,0.62,1159,5820.0
0.027,27.0,0.58,843,4006.0
0.017,25.0,0.41,888,4347.0
0.018,26.0,0.46,1005,5488.0
0.016,25.0,0.68,983,4465.0
0.012,23.0,0.44,1036,4286.0
0.015,20.0,0.42,1141,5290.0
0.026,20.0,0.44,988,4167.0
0.02,23.0,0.6,841,5228.0
0.016,27.0,0.47,1038,5875.0
0.008,29.0,0.69,926,4420.0
0.023,28.0,0.42,1127,5835.0
0.029,25.0,0.68,1081,5607.0
0.028,21.0,0.63,1040,5847.0
0.011,24.0,0.55,987,4970.0
0.024,24.0,0.56,882,5988.0
0.009,22.0,0.4,998,5481.0
0.005,29.0,0.62,877,5424.0
0.015,25.0,0.56,941,5402.0
0.011,29.0,0.6,1047,5527.0
0.01,25.0,0.54,1148,5437.0
0.01,20.0,0.56,851,5660.0
0.025,24.0,0.51,1116,4348.0
0.012,28.0,0.69,1171,5409.0
0.014,25.0,0.44,1063,4851.0
0.019,25.0,0.61,1195,4885.0
0.021,22.0,0.66,850,5154.0
0.021,23.0,0.4,846,4057.0
0.024,22.0,0.68,1155,4824.0
0.016,22.0,0.69,1030,5216.0
0.025,20.0,0.7,1049,5318.0
0.013,24.0,0.61,982,5013.0
0.016,22.0,0.58,1062,5716.0
0.023,26.0,0.61,985,4461.0
0.007,20.0,0.46,944,5100.0
0.014,21.0,0.48,909,5925.0
0.01,24.0,0.7,1196,5927.0
0.016,24.0,0.43,877,5852.0
0.02,25.0,0.43,1094,4654.0
0.024,29.0,0.45,802,5899.0
0.011,27.0,0.62,936,5067.0
0.023,21.0,0.54,1097,4286.0
0.019,26.0,0.43,1172,4391.0
0.028,26.0,0.41,1023,5437.0
0.027,22.0,0.61,1014,5155.0
0.012,21.0,0.62,857,5001.0
0.029,27.0,0.56,1174,5411.0
0.015,28.0,0.47,1058,4971.0
0.018,23.0,0.56,1199,5071.0
0.027,21.0,0.63,920,5849.0
0.028,28.0,0.42,909,5005.0
0.008,29.0,0.6,1044,5627.0
0.006,27.0,0.56,1051,4725.0
0.005,22.0,0.4,914,4696.0
0.008,28.0,0.46,890,5108.0
0.014,28.0,0.6,1007,4812.0
0.025,20.0,0.54,873,4548.0
0.012,25.0,0.7,1024,5869.0
0.015,22.0,0.61,1181,4300.0
0.008,24.0,0.45,912,4871.0
0.029,24.0,0.51,1176,4976.0
0.008,21.0,0.55,880,5915.0
0.028,23.0,0.47,1021,5147.0
0.013,20.0,0.5,1041,4817.0
0.028,29.0,0.46,964,4795.0
0.017,28.0,0.63,866,4253.0
0.008,26.0,0.66,827,5443.0
0.021,26.0,0.57,866,4680.0
0.018,23.0,0.41,850,4666.0
0.011,24.0,0.45,1037,4019.0
0.008,30.0,0.68,1106,5964.0
0.008,22.0,0.44,934,5152.0
0.006,30.0,0.69,1092,5903.0
0.006,23.0,0.47,803,5994.0
0.023,21.0,0.69,960,4019.0
0.026,28.0,0.51,1188,5405.0
0.007,21.0,0.5,922,4789.0
0.025,25.0,0.61,1183,5301.0
0.007,29.0,0.51,812,4868.0
0.014,25.0,0.44,1114,5551.0
0.023,28.0,0.45,844,5872.0
0.026,23.0,0.54,1150,4859.0
0.009,30.0,0.42,828,4282.0
0.011,25.0,0.63,1045,5176.0
0.006,20.0,0.45,1196,4685.0
0.017,25.0,0.59,978,5508.0
0.007,27.0,0.58,1063,5702.0
0.011,26.0,0.67,908,4555.0
0.03,23.0,0.41,908,4106.0
0.028,20.0,0.63,1178,5381.0
0.009,20.0,0.67,969,5752.0
0.03,21.0,0.62,810,4134.0
0.024,22.0,0.61,1176,4945.0
0.03,24.0,0.53,1163,5043.0
0.026,29.0,0.52,1152,4741.0
0.028,27.0,0.52,1074,5277.0
0.023,28.0,0.57,966,4728.0
0.017,22.0,0.54,850,4239.0
0.018,20.0,0.6,814,5068.0
0.025,20.0,0.47,822,5111.0
0.027,30.0,0.59,1125,4169.0
0.019,24.0,0.45,963,5890.0
0.029,30.0,0.68,1156,5254.0
0.022,21.0,0.6,1127,4489.0
0.01,20.0,0.51,868,5700.0
0.017,27.0,0.6,883,5248.0
0.027,25.0,0.53,1159,5515.0
0.025,25.0,0.42,986,4615.0
0.021,20.0,0.47,984,5732.0
0.015,24.0,0.67,916,4418.0
0.025,29.0,0.4,1198,4812.0
0.023,22.0,0.4,1111,4932.0
0.011,29.0,0.53,977,5336.0
0.006,21.0,0.63,1117,5742.0
0.024,28.0,0.56,891,4125.0
0.024,25.0,0.56,1169,4895.0
0.008,20.0,0.59,1179,5485.0
0.011,21.0,0.58,1108,5589.0
0.013,26.0,0.49,1093,4630.0
0.022,25.0,0.51,929,5333.0
0.021,28.0,0.66,910,5993.0
0.025,27.0,0.41,1062,5162.0
0.006,24.0,0.48,1081,4626.0
0.023,20.0,0.44,1059,5048.0
0.02,30.0,0.7,825,4341.0
0.01,22.0,0.54,1191,5800.0
0.012,24.0,0.57,1029,4609.0
0.026,26.0,0.63,929,4203.0
0.007,22.0,0.67,961,4620.0
0.017,25.0,0.64,822,4555.0
0.011,29.0,0.69,909,4315.0
0.02,22.0,0.59,891,5490.0
0.017,21.0,0.61,1105,5542.0
0.005,21.0,0.68,826,5929.0
0.014,27.0,0.45,1137,5060.0
0.027,24.0,0.4,1068,5789.0
0.012,29.0,0.67,801,5670.0
0.007,21.0,0.55,886,4879.0
0.016,30.0,0.41,1113,5069.0
0.01,25.0,0.54,983,5244.0
0.028,26.0,0.41,1109,5239.0
0.015,28.0,0.52,919,5854.0
0.011,21.0,0.61,828,5239.0
0.015,25.0,0.68,1051,5874.0
0.018,25.0,0.62,1102,4489.0
0.023,30.0,0.44,914,4191.0
0.008,21.0,0.65,800,4935.0
0.02,29.0,0.68,1144,5840.0
0.012,26.0,0.54,925,4768.0
0.011,26.0,0.69,1069,4200.0
0.016,21.0,0.5,987,4741.0
0.007,30.0,0.59,946,5267.0
0.011,21.0,0.67,1125,4795.0
0.008,29.0,0.63,1130,5870.0
0.005,20.0,0.51,1116,5733.0
0.015,27.0,0.65,945,5783.0
0.007,23.0,0.6,1020,4384.0
0.009,25.0,0.48,1080,5654.0
0.007,28.0,0.65,843,5966.0
0.011,25.0,0.6,1128,5471.0
0.02,23.0,0.68,902,4819.0
0.021,27.0,0.42,1087,4281.0
0.007,30.0,0.4,1048,5260.0
0.006,29.0,0.55,1193,4907.0
0.016,25.0,0.41,1131,4596.0
0.028,24.0,0.69,1130,5172.0
0.026,25.0,0.54,922,4380.0
0.03,26.0,0.62,1068,4491.0
0.024,23.0,0.65,1108,5518.0
0.014,25.0,0.62,807,5586.0
0.008,25.0,0.49,1011,4606.0
0.019,28.0,0.65,996,4112.0
0.026,29.0,0.53,1028,4430.0
0.011,29.0,0.57,1096,4402.0
0.027,29.0,0.58,901,4718.0
0.016,20.0,0.51,908,5654.0
0.029,21.0,0.46,883,5854.0
0.016,22.0,0.58,883,5442.0
0.007,24.0,0.59,893,4070.0
0.03,27.0,0.42,1123,5638.0
0.026,25.0,0.49,1140,5782.0
0.021,22.0,0.69,997,4431.0
0.023,24.0,0.65,838,5066.0
0.013,21.0,0.57,815,5585.0
0.011,26.0,0.45,902,5678.0
0.017,26.0,0.41,1071,5144.0
0.013,20.0,0.41,992,5939.0
0.017,27.0,0.5,1180,4574.0
0.023,23.0,0.61,951,4457.0
0.02,29.0,0.48,807,5563.0
0.015,20.0,0.51,890,4356.0
0.024,20.0,0.69,988,5353.0
0.014,24.0,0.45,816,4372.0
0.026,20.0,0.48,841,5609.0
0.018,28.0,0.43,1155,4997.0
0.025,28.0,0.56,978,5878.0
0.027,30.0,0.59,995,5831.0
0.011,24.0,0.6,1036,5320.0
0.016,25.0,0.4,1023,4206.0
0.029,23.0,0.49,950,5557.0
0.028,22.0,0.54,819,5626.0
0.007,25.0,0.57,1192,5320.0
0.006,24.0,0.43,1167,4847.0
0.017,21.0,0.57,825,4459.0
0.012,23.0,0.54,804,4082.0
0.005,23.0,0.68,986,4367.0
0.017,25.0,0.43,1055,4457.0
0.014,20.0,0.47,1112,5648.0
0.016,22.0,0.58,873,5981.0
0.017,20.0,0.54,1170,5145.0
0.029,25.0,0.49,1001,5023.0
0.011,24.0,0.58,1089,4141.0
0.016,30.0,0.53,1037,5138.0
0.006,27.0,0.5,1134,4307.0
0.006,27.0,0.66,879,4859.0
0.01,30.0,0.56,915,4674.0
0.022,26.0,0.67,1129,4377.0
0.005,25.0,0.69,922,5962.0
0.01,27.0,0.59,984,4519.0
0.026,20.0,0.6,1127,4929.0
0.019,30.0,0.64,818,5107.0
0.018,28.0,0.7,1159,5595.0
0.023,28.0,0.64,1058,4371.0
0.007,20.0,0.59,929,5832.0
0.025,25.0,0.49,991,5145.0
0.016,28.0,0.54,1109,4353.0
0.018,27.0,0.55,1065,4664.0
0.006,25.0,0.5,1127,5802.0
0.015,27.0,0.53,959,5019.0
0.015,21.0,0.52,1078,4010.0
0.016,25.0,0.58,984,4224.0
0.008,25.0,0.55,962,5468.0
0.007,22.0,0.61,809,4310.0
0.011,25.0,0.62,978,5515.0
0.021,28.0,0.44,823,4940.0
0.015,23.0,0.49,1076,5935.0
0.025,20.0,0.67,1145,5624.0
0.027,25.0,0.42,1185,4943.0
0.006,24.0,0.68,1049,5076.0
0.029,26.0,0.47,1048,5745.0
0.016,24.0,0.5,1063,4314.0
0.01,30.0,0.67,1120,4056.0
0.028,25.0,0.69,973,5415.0
0.017,30.0,0.54,1130,4639.0
0.024,20.0,0.48,1017,4501.0
0.029,28.0,0.64,956,4079.0
0.017,24.0,0.64,1071,5456.0
0.017,28.0,0.65,1085,5176.0
0.023,26.0,0.54,829,5059.0
0.028,28.0,0.45,809,4786.0
0.02,29.0,0.49,820,4019.0
0.022,30.0,0.52,818,5622.0
0.019,29.0,0.51,808,5227.0
0.029,21.0,0.4,1062,5321.0
0.029,30.0,0.48,1196,5676.0
0.011,25.0,0.41,1108,4375.0
0.009,26.0,0.41,1003,4378.0
0.009,24.0,0.41,874,4403.0
0.005,20.0,0.55,1134,4370.0
0.028,28.0,0.47,801,4156.0
0.022,27.0,0.69,1023,5930.0
0.025,27.0,0.64,1151,5412.0
0.016,25.0,0.65,1010,4986.0
0.029,20.0,0.6,1004,5381.0
0.009,20.0,0.43,1030,4840.0
0.013,24.0,0.45,973,5383.0
0.016,30.0,0.65,814,5137.0
0.016,25.0,0.64,1187,5593.0
0.021,28.0,0.4,938,4396.0
0.019,28.0,0.5,940,4794.0
0.008,26.0,0.53,1133,5727.0
0.018,22.0,0.51,803,5232.0
0.022,26.0,0.44,840,5020.0
0.017,25.0,0.46,1072,4348.0
0.01,30.0,0.68,1158,4209.0
0.019,24.0,0.48,912,5346.0
0.027,26.0,0.44,1076,4352.0
0.009,21.0,0.41,1180,4115.0
0.024,29.0,0.58,863,5672.0
0.023,27.0,0.55,1122,5605.0
0.01,26.0,0.63,984,5030.0
0.01,22.0,0.67,857,4825.0
0.027,21.0,0.57,828,4839.0
0.006,22.0,0.43,1102,5500.0
0.023,24.0,0.54,845,4210.0
0.029,22.0,0.62,976,5136.0
0.022,28.0,0.61,977,5966.0
0.007,30.0,0.43,944,4993.0
0.015,28.0,0.46,825,5456.0
0.019,24.0,0.44,1093,4890.0
0.027,30.0,0.64,852,5217.0
0.025,21.0,0.64,1030,5983.0
0.025,27.0,0.48,932,5384.0
0.013,24.0,0.41,1005,5620.0
0.011,28.0,0.61,1122,5617.0
0.014,29.0,0.42,1195,4203.0
0.02,24.0,0.7,1162,5847.0
0.011,27.0,0.41,854,4239.0
0.005,29.0,0.46,1095,5852.0
0.008,29.0,0.43,1071,4481.0
0.007,22.0,0.62,1165,5703.0
0.018,24.0,0.43,1031,4988.0
0.029,24.0,0.67,936,5859.0
0.008,29.0,0.49,1186,5847.0
0.015,26.0,0.64,982,4300.0
0.023,21.0,0.46,940,4582.0
0.017,20.0,0.49,867,5884.0
0.028,30.0,0.47,952,4625.0
0.006,30.0,0.62,1067,4531.0
0.017,26.0,0.51,1043,5355.0
0.029,25.0,0.65,1144,4628.0
0.012,30.0,0.49,1071,4810.0
0.029,20.0,0.56,811,5874.0
0.012,28.0,0.48,1082,5673.0
0.028,26.0,0.65,991,5254.0
0.028,24.0,0.6,1121,4395.0
0.013,23.0,0.45,1151,5989.0
0.027,28.0,0.44,1165,5791.0
0.011,28.0,0.56,927,5310.0
0.008,25.0,0.58,840,5267.0
0.017,22.0,0.4,1194,5202.0
0.014,20.0,0.59,1061,6000.0
0.02,26.0,0.64,842,5921.0
0.025,28.0,0.4,1194,5969.0
0.013,24.0,0.43,852,4172.0
0.026,29.0,0.51,997,5727.0
0.016,28.0,0.52,997,5533.0
0.027,26.0,0.69,864,5635.0
0.012,26.0,0.63,1164,5791.0
0.01,23.0,0.48,1019,5752.0
0.024,20.0,0.56,1118,4028.0
0.027,20.0,0.6,841,5931.0
0.023,20.0,0.62,914,4002.0
0.011,23.0,0.69,936,5955.0
0.009,21.0,0.61,1026,4435.0
0.01,24.0,0.45,878,4486.0
0.015,24.0,0.63,897,5482.0
0.021,20.0,0.63,1062,5006.0
0.023,20.0,0.62,1199,4049.0
0.017,29.0,0.55,890,5577.0
0.011,24.0,0.59,1116,5574.0
0.028,30.0,0.44,1037,5307.0
0.02,22.0,0.43,984,5879.0
0.016,24.0,0.4,1137,4736.0
0.008,29.0,0.43,981,5020.0
0.009,26.0,0.55,1172,4832.0
0.018,26.0,0.43,1178,4902.0
0.021,22.0,0.6,1090,5371.0
0.005,28.0,0.64,898,4980.0
0.03,25.0,0.46,961,5925.0
0.011,27.0,0.42,1123,4528.0
0.011,22.0,0.63,1027,5758.0
0.021,25.0,0.42,841,5658.0
0.03,22.0,0.54,1132,4667.0
0.025,25.0,0.54,1016,5827.0
0.015,30.0,0.44,1045,5950.0
0.025,26.0,0.45,897,5593.0
0.017,21.0,0.65,1019,5891.0
0.009,26.0,0.53,928,5347.0
0.019,30.0,0.54,894,4963.0
0.025,20.0,0.59,978,4435.0
0.028,21.0,0.7,1025,4548.0
0.019,21.0,0.41,1153,5082.0
0.023,27.0,0.59,927,5641.0
0.018,29.0,0.57,1062,5538.0
0.016,26.0,0.44,1084,4029.0
0.009,21.0,0.55,1036,5838.0
0.013,24.0,0.52,818,4686.0
0.02,22.0,0.64,1070,4774.0
0.014,22.0,0.4,994,4692.0
0.013,21.0,0.49,937,4369.0
0.012,25.0,0.5,828,4490.0
0.009,24.0,0.62,1066,4673.0
0.017,22.0,0.7,1062,5677.0
0.008,29.0,0.43,985,5230.0
0.03,21.0,0.53,877,5020.0
0.006,28.0,0.52,1189,5628.0
0.007,20.0,0.7,818,4862.0
0.022,29.0,0.43,995,5165.0
0.012,25.0,0.69,1010,4809.0
0.024,30.0,0.46,1139,4486.0
0.027,29.0,0.65,870,4993.0
0.013,29.0,0.52,1183,5107.0
0.024,26.0,0.69,848,5297.0
0.009,20.0,0.67,829,5290.0
0.007,26.0,0.5,898,4528.0
0.019,23.0,0.4,1040,5320.0
0.01,22.0,0.6,1111,4930.0
0.027,20.0,0.69,1085,4503.0
0.014,30.0,0.67,1037,4653.0
0.027,26.0,0.6,1157,4680.0
0.027,25.0,0.65,870,4791.0
0.014,24.0,0.5,1186,4087.0
0.006,29.0,0.4,1080,5316.0
0.028,20.0,0.49,1167,5267.0
0.013,24.0,0.53,1180,4510.0
0.02,20.0,0.7,1184,4465.0
0.029,21.0,0.68,909,4492.0
0.007,24.0,0.53,1087,4401.0
0.029,25.0,0.46,951,5292.0
0.006,24.0,0.62,878,5657.0
0.016,30.0,0.62,1043,5199.0
0.028,20.0,0.46,1168,4775.0
0.016,23.0,0.55,907,5761.0
0.015,26.0,0.51,965,4267.0
0.006,28.0,0.68,1048,4654.0
0.029,29.0,0.48,1072,5990.0
0.022,21.0,0.54,1062,4096.0
0.026,24.0,0.4,944,4159.0
0.012,25.0,0.49,829,4309.0
0.023,24.0,0.57,1180,5609.0
0.007,22.0,0.7,981,5427.0
0.024,30.0,0.45,1164,4256.0
0.027,29.0,0.52,1063,4734.0
0.025,27.0,0.64,926,5833.0
0.01,29.0,0.5,1147,4082.0
0.028,30.0,0.54,1095,4995.0
0.021,24.0,0.56,1148,4512.0
0.012,25.0,0.53,1036,4414.0
0.019,27.0,0.53,971,5734.0
0.023,20.0,0.7,1005,4545.0
0.016,26.0,0.58,917,4144.0
0.02,22.0,0.66,1057,4831.0
0.022,21.0,0.51,964,4388.0
0.024,28.0,0.69,912,4489.0
0.019,30.0,0.51,945,5954.0
0.014,30.0,0.56,913,5053.0
0.017,21.0,0.42,845,4230.0
0.019,28.0,0.57,924,4447.0
0.01,26.0,0.45,886,4298.0
0.011,22.0,0.6,1135,5521.0
0.02,24.0,0.42,1199,5639.0
0.01,24.0,0.68,1006,4922.0
0.025,26.0,0.58,1122,5226.0
0.013,22.0,0.41,951,5662.0
0.005,27.0,0.68,811,5194.0
0.017,20.0,0.62,897,5845.0
0.021,21.0,0.59,1005,4674.0
0.019,24.0,0.64,962,5936.0
0.011,29.0,0.59,976,4754.0
0.023,27.0,0.61,1044,5786.0
0.029,20.0,0.58,1117,5828.0
0.016,30.0,0.59,858,4112.0
0.02,30.0,0.64,1045,5250.0
0.016,24.0,0.4,831,4614.0
0.028,29.0,0.64,917,5694.0
0.011,25.0,0.52,873,4056.0
0.03,25.0,0.45,867,4774.0
0.028,22.0,0.55,1097,4913.0
0.009,24.0,0.57,1045,5601.0
0.02,27.0,0.7,1018,5597.0
0.005,30.0,0.63,1093,4282.0
0.008,23.0,0.65,1111,5068.0
0.018,25.0,0.58,1108,5721.0
0.023,27.0,0.55,957,5433.0
0.006,20.0,0.59,1178,5708.0
0.027,28.0,0.63,814,4859.0
0.021,27.0,0.63,943,5420.0
0.01,28.0,0.54,879,5186.0
0.026,27.0,0.58,1177,4938.0
0.028,22.0,0.47,961,5159.0
0.012,22.0,0.65,855,5095.0
0.018,24.0,0.59,971,5311.0
0.025,25.0,0.62,1006,4083.0
0.023,20.0,0.49,1071,5248.0
0.017,21.0,0.55,991,4487.0
0.008,24.0,0.4,991,4299.0
0.015,21.0,0.42,1138,5874.0
0.012,29.0,0.66,887,4720.0
0.009,28.0,0.53,892,5143.0
0.015,30.0,0.63,908,4984.0
0.026,29.0,0.66,1030,5253.0
0.006,27.0,0.68,1046,4317.0
0.02,28.0,0.41,1030,5525.0
0.017,29.0,0.46,910,5498.0
0.026,25.0,0.66,1061,5395.0
0.011,21.0,0.68,1018,4562.0
0.019,21.0,0.43,943,4910.0
0.006,20.0,0.55,975,5638.0
0.014,30.0,0.45,831,4485.0
0.029,23.0,0.51,1169,4268.0
0.007,25.0,0.69,1032,5709.0
0.025,27.0,0.58,959,4384.0
0.006,26.0,0.53,1060,5871.0
0.015,20.0,0.66,1054,5235.0
0.02,22.0,0.55,996,5999.0
0.03,23.0,0.69,1182,5668.0
0.011,25.0,0.41,989,5203.0
0.028,28.0,0.67,1079,4673.0
0.006,23.0,0.61,1175,5636.0
0.028,23.0,0.41,999,4598.0
0.018,21.0,0.7,862,5432.0
0.01,22.0,0.56,978,4237.0
0.02,30.0,0.58,860,5104.0
0.021,22.0,0.54,897,5744.0
0.01,29.0,0.44,1186,4591.0
0.02,24.0,0.52,892,4596.0
0.011,28.0,0.57,995,5815.0
0.024,24.0,0.43,1187,4360.0
0.026,27.0,0.41,1020,5275.0
0.026,22.0,0.68,1026,5682.0
0.025,22.0,0.5,929,4168.0
0.006,29.0,0.65,1094,4485.0
0.007,29.0,0.42,901,4055.0
0.025,26.0,0.47,847,5226.0
0.016,26.0,0.44,916,4102.0
0.022,26.0,0.53,813,4415.0
0.009,27.0,0.57,907,5525.0
0.02,21.0,0.48,1046,5982.0
0.016,23.0,0.69,892,4486.0
0.013,27.0,0.54,1063,5594.0
0.028,23.0,0.46,991,5012.0
0.014,27.0,0.58,1136,5631.0
0.009,30.0,0.62,831,4872.0
0.023,20.0,0.51,1098,5059.0
0.016,22.0,0.66,818,5742.0
0.016,24.0,0.54,1035,5519.0
0.029,30.0,0.6,1126,4678.0
0.007,23.0,0.44,948,4902.0
0.018,27.0,0.42,1147,5849.0
0.027,21.0,0.45,881,5553.0
0.011,20.0,0.56,861,5619.0
0.029,29.0,0.63,1102,4309.0
0.026,30.0,0.67,1189,4055.0
0.014,27.0,0.65,889,5494.0
0.024,27.0,0.6,1163,4335.0
0.02,25.0,0.62,1012,4038.0
0.019,27.0,0.48,805,4208.0
0.012,22.0,0.69,822,4792.0
0.011,25.0,0.55,811,5101.0
0.024,24.0,0.51,874,5751.0
0.021,23.0,0.66,1094,5021.0
0.014,21.0,0.61,1016,4177.0
0.019,22.0,0.61,888,5698.0
0.027,28.0,0.41,1123,4389.0
0.007,21.0,0.63,1167,4276.0
0.009,20.0,0.65,833,4574.0
0.018,26.0,0.56,1165,5454.0
0.014,27.0,0.67,1062,4704.0
0.009,26.0,0.44,1006,4205.0
0.029,27.0,0.46,889,4646.0
0.007,21.0,0.49,941,4144.0
0.013,28.0,0.6,1008,5676.0
0.027,21.0,0.6,1052,4432.0
0.009,21.0,0.69,940,5347.0
0.02,26.0,0.65,848,4334.0
0.011,20.0,0.5,1042,5818.0
0.013,29.0,0.46,989,5018.0
0.015,21.0,0.64,1146,4127.0
0.018,25.0,0.68,881,5947.0
0.013,22.0,0.42,844,4951.0
0.005,20.0,0.61,935,4974.0
0.014,24.0,0.41,1142,5941.0
0.016,28.0,0.55,1146,5296.0
0.014,25.0,0.68,1041,4811.0
0.007,29.0,0.51,1167,4271.0
0.015,22.0,0.7,901,5775.0
0.016,27.0,0.43,980,4018.0
0.008,28.0,0.67,802,5224.0
0.026,21.0,0.6,1168,4303.0
0.025,22.0,0.41,1172,5106.0
0.02,25.0,0.63,860,4559.0
0.02,25.0,0.4,1022,5597.0
0.013,29.0,0.65,993,5805.0
0.018,27.0,0.65,1048,4297.0
0.013,20.0,0.5,1004,5806.0
0.022,28.0,0.4,1121,4445.0
0.026,29.0,0.51,801,4569.0
0.014,28.0,0.63,817,5452.0
0.009,22.0,0.47,1021,5508.0
0.016,21.0,0.66,1125,5957.0
0.021,29.0,0.58,862,5351.0
0.018,28.0,0.63,1148,4372.0
0.018,25.0,0.53,962,5393.0
0.008,26.0,0.65,1037,5502.0
0.02,20.0,0.46,842,5723.0
0.01,25.0,0.66,831,4266.0
0.005,21.0,0.66,1120,5124.0
0.008,30.0,0.64,815,5639.0
0.013,27.0,0.48,902,5690.0
0.013,30.0,0.65,1144,5132.0
0.023,27.0,0.67,1064,5755.0
0.03,23.0,0.52,1120,5603.0
0.017,22.0,0.5,936,4041.0
0.028,24.0,0.6,892,4054.0
0.018,27.0,0.51,1002,5626.0
0.026,21.0,0.7,949,5432.0
0.016,21.0,0.7,1048,4759.0
0.016,20.0,0.55,1191,5481.0
0.025,21.0,0.51,1028,4866.0
0.013,27.0,0.63,827,5615.0
0.012,24.0,0.46,920,4430.0
0.011,22.0,0.47,1075,5944.0
0.023,28.0,0.57,935,5251.0
0.012,28.0,0.47,901,4783.0
0.029,30.0,0.48,848,4875.0
0.024,28.0,0.69,912,4046.0
0.006,25.0,0.66,925,4554.0
0.006,26.0,0.69,1047,4674.0
0.018,25.0,0.51,1121,5910.0
0.007,26.0,0.4,983,4322.0
0.023,29.0,0.68,961,4352.0
0.017,24.0,0.64,985,5530.0
0.024,20.0,0.6,974,5108.0
0.015,27.0,0.62,1002,4591.0
0.03,26.0,0.61,1057,5506.0
0.01,29.0,0.64,825,5600.0
0.006,25.0,0.65,1011,4145.0
0.018,24.0,0.69,920,4393.0
0.024,30.0,0.6,845,4843.0
0.016,29.0,0.48,1100,4269.0
0.028,26.0,0.65,1115,5715.0
0.006,20.0,0.67,1016,4767.0
0.005,30.0,0.66,877,5205.0
0.027,24.0,0.67,1000,4642.0
0.01,23.0,0.43,985,4455.0
0.017,29.0,0.41,928,4759.0
0.023,27.0,0.65,1028,5756.0
0.009,28.0,0.6,1058,4018.0
0.02,21.0,0.61,1102,5809.0
0.027,26.0,0.53,902,4028.0
0.021,21.0,0.61,853,4842.0
0.019,22.0,0.45,873,5803.0
0.009,24.0,0.54,1028,4734.0
0.018,28.0,0.64,908,4375.0
0.014,30.0,0.58,1116,4782.0
0.016,27.0,0.58,1083,4387.0
0.026,22.0,0.44,979,4955.0
0.021,23.0,0.65,984,5285.0
0.02,29.0,0.47,1042,4607.0
0.026,27.0,0.42,972,5409.0
0.021,21.0,0.67,1164,4148.0
0.015,23.0,0.67,1073,5875.0
0.01,23.0,0.59,1153,4073.0
0.015,29.0,0.55,941,4971.0
0.023,23.0,0.57,1004,4618.0
0.022,21.0,0.55,944,4623.0
0.024,30.0,0.48,1015,4854.0
0.006,22.0,0.53,1182,5728.0
0.01,23.0,0.54,915,4729.0
0.025,28.0,0.57,913,4818.0
0.015,20.0,0.48,857,5378.0
0.007,20.0,0.54,807,5790.0
0.024,26.0,0.54,953,4624.0
0.023,28.0,0.58,1012,5465.0
0.024,27.0,0.63,883,4225.0
0.006,22.0,0.52,1098,5208.0
0.019,30.0,0.63,809,4455.0
0.029,20.0,0.59,812,4860.0
0.017,27.0,0.44,1000,4474.0
0.012,20.0,0.65,1063,5322.0
0.027,28.0,0.43,1050,4718.0
0.016,21.0,0.51,979,5392.0
0.013,23.0,0.46,1122,4869.0
0.009,23.0,0.44,1054,4346.0
0.007,24.0,0.56,1055,5772.0
0.02,23.0,0.64,1032,4548.0
0.017,25.0,0.66,1172,5642.0
0.027,30.0,0.54,849,5380.0
0.011,20.0,0.45,992,5436.0
0.02,23.0,0.56,1173,5502.0
0.02,21.0,0.62,1071,5825.0
0.008,27.0,0.62,1002,5400.0
0.019,25.0,0.52,1037,4041.0
0.021,27.0,0.55,1092,4616.0
0.02,26.0,0.43,1101,5025.0
0.028,25.0,0.51,851,5869.0
0.012,20.0,0.4,1152,5613.0
0.028,27.0,0.65,976,4466.0
0.027,29.0,0.56,990,4290.0
0.026,28.0,0.45,809,4402.0
0.024,28.0,0.66,952,4045.0
0.026,21.0,0.69,1115,4470.0
0.026,29.0,0.52,1176,5947.0
0.028,27.0,0.43,1134,4263.0
0.028,26.0,0.64,864,5839.0
0.019,21.0,0.4,1011,5241.0
0.026,25.0,0.66,1087,4319.0
0.005,20.0,0.44,886,4707.0
0.024,26.0,0.47,1100,4214.0
0.014,21.0,0.42,1062,5053.0
0.025,25.0,0.47,1139,5169.0
0.023,27.0,0.69,1012,4557.0
0.015,29.0,0.59,1130,5784.0
0.023,25.0,0.57,1034,4556.0
0.024,27.0,0.69,1119,4628.0
0.024,21.0,0.48,1195,4442.0
0.01,29.0,0.6,863,5291.0
0.018,30.0,0.54,966,4554.0
0.007,24.0,0.47,1109,4270.0
0.008,24.0,0.45,1175,5971.0
0.027,25.0,0.57,977,5283.0
0.026,22.0,0.68,906,5926.0
0.009,23.0,0.6,861,5537.0
0.02,24.0,0.56,803,5827.0
0.007,22.0,0.57,995,5970.0
0.007,26.0,0.65,852,4205.0
0.006,24.0,0.61,1149,5281.0
0.018,26.0,0.44,977,5371.0
0.015,26.0,0.45,1014,4327.0
0.029,23.0,0.51,1032,4250.0
0.023,30.0,0.52,1151,5531.0
0.022,24.0,0.68,1166,5735.0
0.01,26.0,0.65,824,4829.0
0.018,24.0,0.42,904,4859.0
0.015,23.0,0.52,934,4759.0
0.006,22.0,0.47,1087,5633.0
0.018,22.0,0.52,1081,4314.0
0.025,22.0,0.54,943,5374.0
0.028,28.0,0.52,900,4712.0
0.024,27.0,0.42,1148,5019.0
0.006,29.0,0.66,898,5322.0
0.006,25.0,0.67,871,5336.0
0.005,24.0,0.51,1099,5007.0
0.007,23.0,0.65,849,5978.0
0.026,26.0,0.59,915,4979.0
0.023,30.0,0.51,895,4184.0
0.017,23.0,0.64,801,5993.0
0.009,21.0,0.53,1074,4926.0
0.013,21.0,0.45,954,4792.0
0.022,21.0,0.65,861,5544.0
0.007,26.0,0.68,965,4752.0
0.021,26.0,0.47,858,4513.0
0.014,28.0,0.58,888,5033.0
0.01,27.0,0.53,1053,4864.0
0.019,20.0,0.44,945,4214.0
0.025,23.0,0.44,1083,5130.0
0.027,30.0,0.54,802,4406.0
0.007,22.0,0.49,1076,5606.0
0.011,25.0,0.4,1041,5619.0
0.012,29.0,0.46,1032,4217.0
0.026,25.0,0.59,949,5859.0
0.03,28.0,0.66,904,5750.0
0.022,30.0,0.68,911,5647.0
0.022,29.0,0.53,1074,4507.0
0.021,21.0,0.62,880,4626.0
0.014,28.0,0.48,1178,5894.0
0.027,24.0,0.5,887,5407.0
0.006,27.0,0.42,1076,5408.0
0.017,27.0,0.52,1060,5300.0
0.027,21.0,0.65,1054,4474.0
0.03,23.0,0.56,809,5405.0
0.017,25.0,0.42,1197,4622.0
0.009,30.0,0.7,945,5570.0
0.009,25.0,0.64,1076,5760.0
0.026,22.0,0.54,943,4217.0
0.023,25.0,0.41,1051,4779.0
0.015,30.0,0.67,1016,4159.0
0.03,20.0,0.54,827,4894.0
0.009,25.0,0.7,832,4914.0
0.026,22.0,0.49,1054,5250.0
0.018,24.0,0.65,1177,5802.0
0.005,22.0,0.53,1053,5318.0
0.014,29.0,0.56,930,4739.0
0.007,21.0,0.54,1014,4358.0
0.029,23.0,0.42,835,4642.0
0.019,24.0,0.57,1090,4797.0
0.009,27.0,0.44,1099,5529.0
0.006,21.0,0.44,812,5193.0
0.011,27.0,0.52,1128,4269.0
0.008,20.0,0.4,1066,5036.0
0.012,20.0,0.63,926,5263.0
0.012,30.0,0.63,930,4283.0
0.011,23.0,0.59,967,5953.0
0.018,20.0,0.63,1186,4321.0
0.01,23.0,0.68,979,4066.0
0.023,22.0,0.45,1144,4725.0
0.02,30.0,0.58,891,4718.0
0.027,26.0,0.42,980,4023.0
0.023,29.0,0.64,863,4918.0
0.023,23.0,0.41,1032,4350.0
0.018,28.0,0.55,1191,4097.0
0.013,20.0,0.67,810,5013.0
0.028,26.0,0.49,1023,5991.0
0.024,25.0,0.65,813,4327.0
0.02,21.0,0.67,943,4172.0
0.015,21.0,0.41,889,4970.0
0.015,25.0,0.44,1023,4306.0
0.017,25.0,0.61,1128,4073.0
0.007,21.0,0.51,1145,5835.0
0.009,27.0,0.67,1171,4202.0
0.014,30.0,0.44,998,5424.0
0.024,21.0,0.56,804,4626.0
0.028,20.0,0.48,1143,4358.0
0.017,26.0,0.42,1187,4633.0
0.01,24.0,0.41,1112,4180.0
0.008,21.0,0.53,876,4495.0
0.024,22.0,0.66,811,4267.0
0.016,30.0,0.52,1015,5980.0
0.016,21.0,0.7,1055,4003.0
0.023,30.0,0.54,946,5041.0
0.022,29.0,0.69,950,4701.0
0.018,29.0,0.63,1147,5719.0
0.029,27.0,0.63,936,4985.0
0.016,26.0,0.6,944,5928.0
0.019,26.0,0.55,926,5867.0
0.026,27.0,0.66,1141,5896.0
0.008,25.0,0.56,1151,5422.0
0.02,27.0,0.46,875,4539.0
0.026,20.0,0.44,850,4541.0
0.006,23.0,0.55,903,4423.0
0.01,28.0,0.62,929,5340.0
0.017,28.0,0.63,860,4363.0
0.011,30.0,0.42,1062,5917.0
0.018,23.0,0.61,1153,4233.0
0.017,30.0,0.66,893,5939.0
0.009,26.0,0.55,976,5110.0
0.014,24.0,0.46,882,4725.0
0.029,29.0,0.51,1089,4680.0
0.006,24.0,0.57,932,5824.0
0.022,20.0,0.46,1128,4464.0
0.017,21.0,0.63,1139,5204.0
0.02,20.0,0.4,1116,4666.0
0.015,22.0,0.47,1061,4498.0
0.009,24.0,0.43,804,4644.0
0.019,26.0,0.63,923,4894.0
0.005,25.0,0.63,1139,4512.0
0.007,23.0,0.52,1020,5713.0
0.024,21.0,0.6,924,5392.0
0.013,26.0,0.63,1158,5970.0
0.013,23.0,0.7,1065,4240.0
0.028,22.0,0.54,872,5040.0
0.023,22.0,0.53,852,4702.0
0.02,29.0,0.4,892,5539.0
0.01,25.0,0.62,1011,5370.0
0.01,20.0,0.55,1035,5019.0
0.013,29.0,0.45,1101,5942.0
0.02,25.0,0.62,880,4050.0
0.02,26.0,0.7,1043,4411.0
0.018,28.0,0.53,836,5306.0
0.015,28.0,0.52,1159,4606.0
0.022,20.0,0.6,978,4093.0
0.028,29.0,0.5,1146,5484.0
0.019,29.0,0.67,1081,5054.0
0.007,22.0,0.5,848,4738.0
0.007,27.0,0.6,1187,4494.0
0.011,26.0,0.61,900,4357.0
0.023,23.0,0.41,1178,4212.0
0.026,24.0,0.67,904,4671.0
0.014,26.0,0.63,1061,5704.0
0.019,21.0,0.62,960,4435.0
0.008,21.0,0.51,1167,4066.0
0.022,23.0,0.69,931,5081.0
0.005,25.0,0.47,1010,4241.0
0.026,25.0,0.55,992,5203.0
0.019,20.0,0.55,1109,4084.0
0.02,26.0,0.47,887,5651.0
0.021,23.0,0.46,959,4561.0
0.012,30.0,0.69,1039,5006.0
0.021,23.0,0.65,1042,4480.0
0.015,29.0,0.53,1196,4185.0
0.012,27.0,0.52,1150,4525.0
0.026,30.0,0.57,1130,5935.0
0.024,29.0,0.59,1005,5958.0
0.014,26.0,0.63,1047,4833.0
0.018,29.0,0.62,894,4403.0
0.006,26.0,0.63,1181,5638.0
0.011,20.0,0.51,1083,5323.0
0.015,26.0,0.65,974,5947.0
0.006,28.0,0.66,969,5298.0
0.029,24.0,0.68,1129,5133.0
0.023,28.0,0.52,1072,4241.0
0.018,25.0,0.6,1120,4200.0
0.026,23.0,0.46,1012,5043.0
0.008,23.0,0.55,860,4405.0
0.008,20.0,0.69,1069,5844.0
0.012,24.0,0.63,834,5255.0
0.021,30.0,0.54,1098,5909.0
0.021,29.0,0.42,969,5391.0
0.011,20.0,0.48,802,4216.0
0.016,22.0,0.66,1081,5660.0
0.024,22.0,0.69,1026,4364.0
0.01,24.0,0.43,851,5058.0
0.026,23.0,0.49,1167,4027.0
0.011,29.0,0.64,934,5711.0
0.023,25.0,0.52,1127,5473.0
0.008,30.0,0.59,1054,4078.0
0.016,20.0,0.51,1035,4039.0
0.012,22.0,0.61,891,4561.0
0.025,30.0,0.67,1038,4701.0
0.007,24.0,0.4,1041,4407.0
0.01,26.0,0.46,1164,5700.0
0.022,22.0,0.6,1154,5723.0
0.025,30.0,0.51,852,5242.0
0.028,20.0,0.47,1025,4042.0
0.008,26.0,0.59,918,4200.0
0.02,23.0,0.6,882,4047.0
0.01,26.0,0.58,848,4604.0
0.01,27.0,0.59,941,4014.0
0.017,28.0,0.45,1104,4626.0
0.027,25.0,0.59,855,4062.0
0.027,29.0,0.44,954,5480.0
0.005,22.0,0.44,1006,5235.0
0.007,22.0,0.53,1003,4267.0
0.011,20.0,0.62,942,5973.0
0.023,29.0,0.47,863,4218.0
0.022,25.0,0.65,896,4788.0
0.013,30.0,0.48,896,4587.0
0.024,22.0,0.55,969,4990.0
0.021,20.0,0.63,828,5304.0
0.027,23.0,0.44,1174,4707.0
0.026,24.0,0.62,938,5856.0
0.023,29.0,0.47,1081,5435.0
0.028,24.0,0.6,1021,5654.0
0.007,29.0,0.59,1099,4806.0
0.006,27.0,0.56,892,5577.0
0.007,22.0,0.65,924,5177.0
0.012,28.0,0.68,1176,5995.0
0.016,28.0,0.53,825,4558.0
0.027,22.0,0.4,931,5618.0
0.029,22.0,0.48,1152,4984.0
0.007,28.0,0.53,954,4071.0
0.03,29.0,0.41,954,4599.0
0.009,23.0,0.64,853,4430.0
0.024,24.0,0.56,1166,4518.0
0.006,26.0,0.56,923,4288.0
0.012,29.0,0.52,1066,5547.0
0.006,25.0,0.63,835,5623.0
0.025,29.0,0.69,968,4617.0
0.025,23.0,0.6,936,5427.0
0.029,24.0,0.42,967,5796.0
0.014,21.0,0.51,805,4118.0
0.021,29.0,0.68,859,5616.0
0.017,29.0,0.58,1000,5114.0
0.013,30.0,0.56,930,4327.0
0.006,23.0,0.46,841,4515.0
0.01,20.0,0.52,969,5065.0
0.02,26.0,0.68,1175,5138.0
0.01,23.0,0.45,1041,4812.0
0.005,25.0,0.68,1089,5768.0
0.006,29.0,0.41,1006,4345.0
0.008,28.0,0.66,856,5366.0
0.01,30.0,0.47,1178,4637.0
0.016,24.0,0.49,893,4536.0
0.027,23.0,0.7,851,5784.0
0.027,29.0,0.68,968,4336.0
0.029,26.0,0.66,1159,4950.0
0.027,26.0,0.6,804,4856.0
0.022,25.0,0.47,1031,5456.0
0.028,30.0,0.42,1093,5543.0
0.029,27.0,0.52,1065,5251.0
0.016,29.0,0.58,1146,5784.0
0.009,30.0,0.55,1005,5550.0
0.022,22.0,0.63,1105,5379.0
0.016,23.0,0.4,999,5295.0
0.005,24.0,0.53,883,4599.0
0.007,22.0,0.5,1041,4599.0
0.029,22.0,0.62,880,4332.0
0.019,23.0,0.54,886,5006.0
0.016,25.0,0.58,1064,5090.0
0.009,23.0,0.69,831,4606.0
0.018,26.0,0.45,1063,5205.0
0.017,23.0,0.67,836,5754.0
0.006,27.0,0.52,954,5046.0
0.019,21.0,0.67,864,5551.0
0.012,30.0,0.46,1131,4407.0
0.011,29.0,0.68,841,4158.0
0.018,24.0,0.52,814,5190.0
0.016,22.0,0.41,1020,4507.0
0.025,24.0,0.52,1006,5880.0
0.007,26.0,0.45,1182,4770.0
0.024,23.0,0.61,931,4131.0
0.006,21.0,0.53,1055,5144.0
0.029,22.0,0.69,826,5135.0
0.02,27.0,0.5,1183,5299.0
0.021,26.0,0.67,887,4233.0
0.021,20.0,0.62,824,4332.0
0.028,20.0,0.68,843,4230.0
0.016,22.0,0.47,1043,5184.0
0.016,20.0,0.62,848,4043.0
0.012,25.0,0.51,806,5647.0
0.028,27.0,0.55,802,5572.0
0.023,27.0,0.7,837,5090.0
0.029,24.0,0.61,954,5714.0
0.017,26.0,0.44,949,4693.0
0.015,23.0,0.51,1152,4259.0
0.012,21.0,0.48,802,5778.0
0.013,24.0,0.64,1122,5258.0
0.016,27.0,0.49,800,4520.0
0.019,29.0,0.44,1019,4094.0
0.01,20.0,0.69,911,4002.0
0.028,20.0,0.43,992,4838.0
0.029,24.0,0.56,1173,5594.0
0.025,26.0,0.7,1161,4263.0
0.013,28.0,0.59,1116,5791.0
0.007,26.0,0.69,972,5975.0
0.021,22.0,0.51,1143,4485.0
0.009,29.0,0.58,830,4734.0
0.019,26.0,0.4,1025,4552.0
0.024,28.0,0.45,887,5784.0
0.01,29.0,0.61,966,5072.0
0.021,22.0,0.63,827,5981.0
0.015,30.0,0.63,1120,5001.0
0.012,23.0,0.6,880,5245.0
0.015,28.0,0.57,919,5003.0
0.02,20.0,0.68,897,5005.0
0.012,23.0,0.67,1066,5304.0
0.025,21.0,0.65,982,5542.0
0.029,26.0,0.43,1047,4434.0
0.005,25.0,0.66,1016,5681.0
0.01,21.0,0.65,1004,5743.0
0.023,24.0,0.42,1164,4844.0
0.016,27.0,0.62,849,5975.0
0.03,25.0,0.41,944,4556.0
0.008,25.0,0.69,1147,4207.0
0.022,21.0,0.45,904,5721.0
0.007,21.0,0.7,1107,4802.0
0.025,24.0,0.48,943,4421.0
0.028,21.0,0.67,1131,5283.0
0.007,28.0,0.46,1077,4125.0
0.01,26.0,0.52,1040,5138.0
0.028,22.0,0.49,1060,4165.0
0.029,23.0,0.6,969,5117.0
0.025,24.0,0.56,1079,5651.0
0.013,26.0,0.68,820,4556.0
0.023,23.0,0.5,866,4926.0
0.007,24.0,0.61,1042,5520.0
0.011,24.0,0.55,922,4085.0
0.009,20.0,0.46,856,4174.0
0.017,26.0,0.68,1186,5440.0
0.016,29.0,0.58,1084,4576.0
0.011,20.0,0.54,1181,4667.0
0.028,29.0,0.67,815,5710.0
0.027,23.0,0.56,999,4742.0
0.012,23.0,0.58,829,5621.0
0.012,28.0,0.65,829,4060.0
0.01,21.0,0.48,1060,5045.0
0.014,26.0,0.46,1075,5410.0
0.016,29.0,0.67,1091,4089.0
0.007,27.0,0.68,1098,5154.0
0.008,23.0,0.43,1132,5208.0
0.012,20.0,0.67,912,4536.0
0.005,29.0,0.64,990,5134.0
0.01,28.0,0.61,1094,4192.0
0.015,20.0,0.67,835,4787.0
0.011,29.0,0.49,1077,5543.0
0.02,26.0,0.62,1106,5999.0
0.021,23.0,0.59,967,5978.0
0.021,29.0,0.62,1039,4942.0
0.017,24.0,0.43,810,4530.0
0.029,22.0,0.46,947,4025.0
0.014,30.0,0.59,1111,4604.0
0.024,21.0,0.7,1041,5505.0
0.018,28.0,0.7,1198,5605.0
0.025,22.0,0.62,809,4158.0
0.026,24.0,0.66,1181,4513.0
0.029,28.0,0.64,916,4201.0
0.008,26.0,0.4,988,4668.0
0.007,25.0,0.52,827,5841.0
0.02,30.0,0.58,1054,5487.0
0.019,23.0,0.41,1192,5186.0
0.007,25.0,0.47,808,5485.0
0.018,30.0,0.46,967,4081.0
0.024,27.0,0.65,873,4578.0
0.005,20.0,0.65,1007,5414.0
0.007,28.0,0.59,1060,5933.0
0.015,24.0,0.47,1105,5650.0
0.012,20.0,0.57,933,4865.0
0.008,26.0,0.68,1005,5025.0
0.026,23.0,0.47,955,4693.0
0.024,22.0,0.54,844,5292.0
0.016,23.0,0.48,1171,4576.0
0.025,24.0,0.4,983,4946.0
0.012,28.0,0.45,917,5856.0
0.027,22.0,0.58,953,5173.0
0.008,30.0,0.54,1073,5393.0
0.019,28.0,0.57,1180,5050.0
0.023,22.0,0.56,932,4533.0
0.011,20.0,0.46,910,5089.0
0.012,22.0,0.46,1073,5070.0
0.019,22.0,0.68,939,4655.0
0.017,21.0,0.5,1145,4784.0
0.011,21.0,0.46,972,4406.0
0.011,23.0,0.69,982,5849.0
0.027,30.0,0.45,989,5994.0
0.011,30.0,0.5,897,5396.0
0.012,22.0,0.57,828,5426.0
0.019,23.0,0.6,1099,4057.0
0.024,24.0,0.46,974,5585.0
0.025,20.0,0.61,926,4322.0
0.028,25.0,0.4,913,5820.0
0.03,29.0,0.45,1185,5478.0
0.024,24.0,0.66,1150,5380.0
0.018,29.0,0.55,1175,4989.0
0.017,27.0,0.44,801,4731.0
0.028,25.0,0.59,1138,5801.0
0.017,26.0,0.69,966,5294.0
0.013,20.0,0.6,1039,5153.0
0.005,27.0,0.44,1156,5252.0
0.012,21.0,0.51,811,5617.0
0.021,29.0,0.65,916,4666.0
0.02,28.0,0.47,969,4465.0
0.025,24.0,0.65,834,4597.0
0.015,26.0,0.69,941,5575.0
0.012,30.0,0.5,1174,5729.0
0.014,23.0,0.59,1186,4127.0
0.008,20.0,0.68,1138,4992.0
0.027,23.0,0.67,1068,5859.0
0.023,27.0,0.43,1101,4603.0
0.023,23.0,0.66,1120,5487.0
0.023,26.0,0.51,883,5862.0
0.011,20.0,0.66,1001,5530.0
0.006,25.0,0.52,939,4240.0
0.016,24.0,0.61,1008,5572.0
0.009,28.0,0.63,835,5613.0
0.025,26.0,0.57,1024,5707.0
0.021,23.0,0.68,1143,5718.0
0.013,20.0,0.45,992,4911.0
0.014,24.0,0.46,835,4042.0
0.02,27.0,0.45,1188,5386.0
0.029,23.0,0.65,988,4403.0
0.026,22.0,0.45,925,5128.0
0.029,28.0,0.53,1157,4058.0
0.027,24.0,0.47,1059,4609.0
0.029,26.0,0.63,984,4131.0
0.013,21.0,0.6,851,4838.0
0.028,21.0,0.53,1141,5739.0
0.011,30.0,0.68,870,5190.0
0.018,24.0,0.68,1135,4811.0
0.007,28.0,0.5,953,5988.0
0.027,21.0,0.59,884,5192.0
0.008,28.0,0.42,1158,4773.0
0.025,21.0,0.65,1176,4176.0
0.018,29.0,0.67,999,5862.0
0.009,25.0,0.4,1021,4060.0
0.011,25.0,0.45,908,5287.0
0.023,29.0,0.56,816,4593.0
0.017,22.0,0.54,826,5220.0
0.021,29.0,0.56,848,5258.0
0.005,24.0,0.54,1156,4075.0
0.006,21.0,0.59,1052,4236.0
0.012,27.0,0.7,812,4485.0
0.02,24.0,0.55,1064,4836.0
0.02,30.0,0.49,850,4991.0
0.02,25.0,0.63,1073,5303.0
0.024,21.0,0.59,924,4590.0
0.016,22.0,0.59,1187,4242.0
0.017,25.0,0.69,1178,4313.0
0.025,23.0,0.56,1171,5440.0
0.028,25.0,0.58,864,4229.0
0.007,27.0,0.47,978,5138.0
0.012,30.0,0.49,911,4703.0
0.009,22.0,0.54,1050,4792.0
0.017,22.0,0.67,1007,4735.0
0.011,21.0,0.49,989,4148.0
0.024,28.0,0.48,1167,4672.0
0.017,27.0,0.43,1162,4915.0
0.016,23.0,0.63,988,4397.0
0.021,21.0,0.65,927,5987.0
0.028,27.0,0.58,853,4000.0
0.02,22.0,0.54,1119,5674.0
0.014,24.0,0.56,1151,5794.0
0.011,26.0,0.51,1196,4004.0
0.012,23.0,0.68,948,5471.0
0.025,26.0,0.62,1164,5203.0
0.008,24.0,0.49,924,5353.0
0.019,25.0,0.65,958,5163.0
0.009,25.0,0.44,1175,5898.0
0.012,27.0,0.41,1142,5996.0
0.008,24.0,0.56,813,4860.0
0.007,21.0,0.59,1041,5205.0
0.021,24.0,0.64,960,5421.0
0.02,30.0,0.64,1071,5445.0
0.01,28.0,0.7,912,5236.0
0.025,28.0,0.41,1054,5358.0
0.006,24.0,0.48,1190,5331.0
0.022,21.0,0.51,826,5564.0
0.016,30.0,0.58,905,5747.0
0.019,20.0,0.47,831,5804.0
0.012,28.0,0.6,1087,4625.0
0.009,21.0,0.6,996,5963.0
0.009,21.0,0.64,1135,4964.0
0.028,22.0,0.4,962,5227.0
0.018,24.0,0.43,1178,4038.0
0.019,30.0,0.55,985,5167.0
0.023,30.0,0.58,948,5757.0
0.007,21.0,0.51,984,5268.0
0.028,29.0,0.51,949,5418.0
0.026,21.0,0.63,804,4643.0
0.01,21.0,0.6,936,5676.0
0.008,27.0,0.42,1015,5703.0
0.023,28.0,0.68,1122,4846.0
0.017,21.0,0.46,845,4370.0
0.018,24.0,0.51,866,5874.0
0.017,25.0,0.41,900,5264.0
0.006,20.0,0.57,1124,4261.0
0.021,30.0,0.52,1135,5447.0
0.026,27.0,0.55,983,5923.0
0.026,23.0,0.52,876,5416.0
0.007,25.0,0.5,1080,4382.0
0.029,25.0,0.58,819,5129.0
0.008,29.0,0.67,1052,4658.0
0.027,23.0,0.6,1069,4823.0
0.01,20.0,0.4,1161,4920.0
0.026,26.0,0.58,1051,4816.0
0.021,30.0,0.5,1181,5693.0
0.026,26.0,0.48,836,4450.0
0.008,27.0,0.43,1151,4390.0
0.024,28.0,0.57,1109,4027.0
0.017,24.0,0.7,832,4606.0
0.018,23.0,0.46,1073,4452.0
0.011,22.0,0.46,1155,5792.0
0.023,28.0,0.5,858,5802.0
0.008,27.0,0.53,816,5688.0
0.01,21.0,0.48,962,5820.0
0.026,21.0,0.55,888,4986.0
0.005,29.0,0.52,1037,4546.0
0.018,29.0,0.46,1078,4369.0
0.02,27.0,0.54,877,4541.0
0.019,26.0,0.61,1182,5858.0
0.011,24.0,0.7,1163,4010.0
0.009,28.0,0.66,1103,5920.0
0.023,30.0,0.56,1102,4623.0
0.007,24.0,0.44,1026,4366.0
0.021,22.0,0.6,888,4202.0
0.015,21.0,0.64,941,4556.0
0.021,21.0,0.63,819,4474.0
0.009,24.0,0.6,894,4122.0
0.022,27.0,0.47,1108,4499.0
0.017,24.0,0.46,805,4404.0
0.01,30.0,0.59,853,4065.0
0.025,24.0,0.43,1066,5968.0
0.023,27.0,0.62,992,5383.0
0.026,23.0,0.46,854,5013.0
0.028,20.0,0.4,1200,5037.0
0.008,23.0,0.7,1086,5737.0
0.013,26.0,0.57,857,4804.0
0.013,25.0,0.4,1176,4263.0
0.011,22.0,0.41,1115,4028.0
0.027,25.0,0.56,876,5601.0
0.014,22.0,0.66,1119,4512.0
0.024,21.0,0.67,840,5047.0
0.017,21.0,0.52,932,4046.0
0.012,28.0,0.52,1071,5055.0
0.005,22.0,0.61,937,4064.0
0.027,21.0,0.43,1199,4579.0
0.01,24.0,0.56,1118,5048.0
0.013,20.0,0.53,872,4098.0
0.014,21.0,0.5,846,4319.0
0.012,23.0,0.42,845,4442.0
0.021,20.0,0.65,819,4955.0
0.009,20.0,0.64,1174,5687.0
0.028,25.0,0.51,896,4567.0
0.017,26.0,0.4,1004,5739.0
0.025,29.0,0.63,1178,5822.0
0.009,26.0,0.5,854,5468.0
0.017,26.0,0.44,823,5265.0
0.009,22.0,0.62,1166,5165.0
0.023,23.0,0.62,1032,5657.0
0.014,26.0,0.52,871,5805.0
0.02,26.0,0.66,1128,4339.0
0.025,30.0,0.56,921,5956.0
0.022,20.0,0.67,1163,5030.0
0.029,28.0,0.44,810,4986.0
0.028,30.0,0.7,980,4696.0
0.016,22.0,0.5,1154,5895.0
0.02,23.0,0.5,880,5293.0
0.023,28.0,0.69,843,5676.0
0.015,25.0,0.64,804,4217.0
0.018,24.0,0.44,926,4107.0
0.019,29.0,0.62,838,4438.0
0.022,22.0,0.62,1196,4421.0
0.017,21.0,0.66,1139,4473.0
0.026,23.0,0.47,932,4886.0
0.023,28.0,0.7,806,4406.0
0.027,23.0,0.67,972,4165.0
0.015,26.0,0.67,1011,4670.0
0.017,27.0,0.41,951,4336.0
0.022,30.0,0.64,910,5093.0
0.008,28.0,0.51,1040,4206.0
0.023,26.0,0.69,1117,5161.0
0.008,23.0,0.69,857,4975.0
0.029,26.0,0.65,905,5085.0
0.013,30.0,0.42,973,5887.0
0.016,27.0,0.55,875,5242.0
0.015,22.0,0.43,844,5573.0
0.006,29.0,0.64,1187,4404.0
0.029,21.0,0.66,974,4216.0
0.014,21.0,0.65,806,5520.0
0.023,21.0,0.46,1180,5321.0
0.016,21.0,0.48,1015,4597.0
0.013,24.0,0.62,914,4326.0
0.017,27.0,0.59,921,4626.0
0.03,25.0,0.54,1044,5900.0
0.015,21.0,0.49,1142,5279.0
0.029,23.0,0.47,1022,5327.0
0.016,20.0,0.58,864,5557.0
0.006,25.0,0.44,1073,5367.0
0.025,29.0,0.46,819,5910.0
0.029,26.0,0.63,1165,4701.0
0.02,21.0,0.58,904,5331.0
0.019,23.0,0.46,838,5678.0
0.021,22.0,0.55,1037,5838.0
0.01,23.0,0.46,902,4950.0
0.023,21.0,0.6,1072,4673.0
0.012,21.0,0.43,972,4600.0
0.015,25.0,0.45,940,4923.0
0.025,20.0,0.48,1171,5461.0
0.008,28.0,0.59,1043,4734.0
0.011,22.0,0.44,1012,4989.0
0.024,20.0,0.58,926,5241.0
0.024,20.0,0.51,1185,5707.0
0.029,25.0,0.68,911,5379.0
0.023,20.0,0.63,841,5043.0
0.015,27.0,0.43,1133,4315.0
0.017,20.0,0.41,987,5371.0
0.016,20.0,0.58,1101,5727.0
0.024,26.0,0.5,902,4233.0
0.009,21.0,0.45,1140,4334.0
0.021,20.0,0.67,1143,4069.0
0.01,21.0,0.66,801,5737.0
0.015,27.0,0.54,949,5661.0
0.022,29.0,0.5,1158,4526.0
0.017,23.0,0.47,950,4512.0
0.022,20.0,0.59,1009,4952.0
0.018,21.0,0.49,1146,5427.0
0.022,23.0,0.48,944,5702.0
0.025,29.0,0.45,991,5557.0
0.017,20.0,0.54,909,4349.0
0.012,30.0,0.44,1065,4309.0
0.007,21.0,0.58,1116,5811.0
0.011,26.0,0.54,1124,5205.0
0.008,23.0,0.55,911,4291.0
0.021,28.0,0.54,1047,5933.0
0.015,30.0,0.65,836,4572.0
0.006,23.0,0.63,1156,5189.0
0.021,30.0,0.59,980,5144.0
0.025,22.0,0.69,862,4227.0
0.012,23.0,0.64,1158,5092.0
0.021,30.0,0.7,834,5901.0
0.017,22.0,0.48,999,4017.0
0.008,22.0,0.56,1113,5416.0
0.014,28.0,0.51,1039,5300.0
0.012,20.0,0.56,933,4166.0
0.008,29.0,0.55,1000,4889.0
0.023,25.0,0.4,1158,5753.0
0.015,22.0,0.58,1041,5462.0
0.01,28.0,0.65,943,5499.0
0.021,22.0,0.45,907,4823.0
0.021,20.0,0.54,901,4824.0
0.017,24.0,0.46,1135,5771.0
0.02,23.0,0.42,1087,4849.0
0.024,26.0,0.61,1103,4994.0
0.013,30.0,0.44,1018,4931.0
0.016,27.0,0.48,840,5363.0
0.011,20.0,0.69,1167,5362.0
0.012,20.0,0.51,861,4701.0
0.017,25.0,0.62,1010,4892.0
0.01,20.0,0.64,999,4542.0
0.023,24.0,0.69,1170,4894.0
0.017,24.0,0.7,877,5183.0
0.017,28.0,0.6,1147,4795.0
0.019,23.0,0.45,1050,4489.0
0.03,23.0,0.69,864,5503.0
0.017,29.0,0.4,943,4576.0
0.03,28.0,0.46,800,5030.0
0.022,27.0,0.46,962,4249.0
0.011,28.0,0.5,856,4642.0
0.028,30.0,0.4,880,4458.0
0.028,27.0,0.4,1077,4561.0
0.009,30.0,0.63,853,5668.0
0.025,30.0,0.67,1009,4905.0
0.024,27.0,0.66,1173,4745.0
0.028,22.0,0.47,1029,4875.0
0.012,24.0,0.53,1058,4757.0
0.027,28.0,0.44,866,5179.0
0.028,27.0,0.54,982,5190.0
0.012,22.0,0.51,1153,5841.0
0.021,28.0,0.69,1121,4765.0
0.025,24.0,0.7,942,5854.0
0.012,27.0,0.52,1032,5896.0
0.015,20.0,0.6,842,4582.0
0.017,26.0,0.54,1156,5341.0
0.025,30.0,0.7,930,4710.0
0.019,21.0,0.57,1132,5853.0
0.011,20.0,0.59,1184,5740.0
0.023,25.0,0.7,905,4882.0
0.006,27.0,0.64,963,5379.0
0.021,30.0,0.46,921,5041.0
0.026,21.0,0.67,1086,5189.0
0.016,22.0,0.45,1191,4933.0
0.008,21.0,0.45,852,4213.0
0.011,30.0,0.66,929,5677.0
0.018,23.0,0.59,821,5399.0
0.023,27.0,0.5,858,4472.0
0.018,22.0,0.47,1180,4005.0
0.008,27.0,0.48,1155,5831.0
0.02,21.0,0.54,881,5201.0
0.024,27.0,0.7,1173,4722.0
0.027,27.0,0.45,895,5347.0
0.009,22.0,0.5,818,5305.0
0.02,29.0,0.49,846,5105.0
0.006,27.0,0.58,993,5658.0
0.008,30.0,0.64,1004,5189.0
0.014,24.0,0.67,1083,4850.0
0.017,26.0,0.46,1066,4645.0
0.02,24.0,0.49,839,4232.0
0.028,29.0,0.45,1180,4157.0
0.024,23.0,0.52,858,4259.0
0.027,21.0,0.43,1118,4452.0
0.021,25.0,0.45,1039,4058.0
0.019,21.0,0.65,1081,4377.0
0.017,27.0,0.41,1169,5657.0
0.01,24.0,0.68,1122,5531.0
0.014,23.0,0.49,1100,4716.0
0.019,22.0,0.5,947,4287.0
0.02,30.0,0.6,873,4239.0
0.02,28.0,0.6,836,4931.0
0.011,22.0,0.46,1184,5662.0
0.025,25.0,0.67,956,5894.0
0.025,26.0,0.49,1077,5297.0
0.026,22.0,0.63,843,4239.0
0.01,30.0,0.49,1135,5581.0
0.022,28.0,0.42,1033,4847.0
0.012,23.0,0.5,904,4878.0
0.016,21.0,0.58,1015,4908.0
0.021,29.0,0.66,985,5779.0
0.026,29.0,0.42,1169,5046.0
0.008,26.0,0.6,1138,5030.0
0.015,23.0,0.52,1141,5070.0
0.02,21.0,0.61,1192,5923.0
0.006,21.0,0.55,1159,4353.0
0.014,20.0,0.44,1099,4008.0
0.013,26.0,0.7,903,4269.0
0.019,21.0,0.69,1111,4123.0
0.02,23.0,0.61,1031,4937.0
0.022,25.0,0.59,899,4761.0
0.029,23.0,0.65,1191,4262.0
0.009,26.0,0.7,872,5550.0
0.007,24.0,0.66,929,4416.0
0.026,29.0,0.64,1193,5124.0
0.022,26.0,0.57,1124,5118.0
0.008,22.0,0.54,1157,4974.0
0.011,22.0,0.4,1116,5062.0
0.015,21.0,0.41,870,5983.0
0.029,22.0,0.6,979,4915.0
0.01,22.0,0.56,883,4412.0
0.028,29.0,0.49,1076,5779.0
0.026,26.0,0.54,886,5397.0
0.022,20.0,0.44,874,5293.0
0.026,24.0,0.54,1198,4568.0
0.026,28.0,0.43,911,4983.0
0.007,22.0,0.47,812,4642.0
0.019,24.0,0.43,885,5611.0
0.026,28.0,0.52,980,5114.0
0.019,21.0,0.53,1160,4777.0
0.011,27.0,0.5,1045,5071.0
0.026,20.0,0.54,828,5645.0
0.025,20.0,0.55,1139,5841.0
0.029,23.0,0.42,910,4613.0
0.005,21.0,0.7,823,4549.0
0.024,27.0,0.61,1071,5742.0
0.017,21.0,0.41,832,5894.0
0.02,26.0,0.57,1048,4345.0
0.021,21.0,0.52,942,5895.0
0.024,30.0,0.68,870,5799.0
0.03,26.0,0.62,1192,4888.0
0.022,29.0,0.43,912,4968.0
0.011,29.0,0.57,993,4020.0
0.026,30.0,0.48,852,5701.0
0.023,30.0,0.58,942,5446.0
0.029,25.0,0.5,887,4613.0
0.009,25.0,0.59,967,4888.0
0.018,22.0,0.45,888,5414.0
0.015,22.0,0.54,1192,4296.0
0.013,28.0,0.56,1076,4162.0
0.007,29.0,0.58,932,5646.0
0.027,21.0,0.63,1077,4535.0
0.012,30.0,0.42,1179,5291.0
0.011,25.0,0.59,1025,5059.0
0.021,20.0,0.66,881,4388.0
0.014,20.0,0.42,1074,5799.0
0.016,27.0,0.55,850,5347.0
0.007,20.0,0.61,992,5055.0
0.016,23.0,0.65,1084,5840.0
0.008,22.0,0.63,1023,4664.0
0.018,25.0,0.61,1087,5297.0
0.005,29.0,0.43,1019,5970.0
0.028,25.0,0.66,829,5420.0
0.006,20.0,0.5,993,4409.0
0.008,22.0,0.69,1008,4113.0
0.025,25.0,0.45,1091,4264.0
0.009,25.0,0.7,821,5295.0
0.015,23.0,0.52,1022,4719.0
0.007,21.0,0.62,941,5573.0
0.029,30.0,0.65,899,4460.0
0.024,30.0,0.7,1111,5961.0
0.02,21.0,0.49,1007,4467.0
0.009,21.0,0.67,975,4907.0
0.01,23.0,0.69,1120,5684.0
0.028,22.0,0.66,1179,5718.0
0.016,28.0,0.41,1061,4598.0
0.028,29.0,0.4,1027,5697.0
0.019,22.0,0.46,997,4714.0
0.013,21.0,0.6,919,4331.0
0.011,29.0,0.64,806,4872.0
0.017,23.0,0.47,1135,5158.0
0.029,24.0,0.59,842,5793.0
0.006,27.0,0.4,953,4190.0
0.008,22.0,0.45,890,5696.0
0.017,25.0,0.41,878,5851.0
0.009,30.0,0.64,1000,4637.0
0.014,22.0,0.68,1185,4228.0
0.024,24.0,0.63,1139,5587.0
0.015,30.0,0.45,958,4987.0
0.028,22.0,0.61,1038,5154.0
0.018,28.0,0.43,938,4186.0
0.016,29.0,0.59,1069,4098.0
0.023,24.0,0.62,832,4561.0
0.026,22.0,0.49,1086,5376.0
0.026,21.0,0.69,1147,4125.0
0.018,22.0,0.68,1064,5855.0
0.018,23.0,0.64,909,5199.0
0.029,26.0,0.61,1059,5512.0
0.026,23.0,0.61,995,4848.0
0.008,27.0,0.43,875,5645.0
0.016,30.0,0.55,970,5024.0
0.028,22.0,0.54,1162,5188.0
0.015,20.0,0.53,1149,4342.0
0.011,30.0,0.64,899,4189.0
0.018,21.0,0.52,1121,4294.0
0.015,30.0,0.66,829,5619.0
0.009,28.0,0.53,839,4419.0
0.029,21.0,0.67,935,5305.0
0.023,26.0,0.59,1010,4957.0
0.018,29.0,0.42,1177,4202.0
0.014,30.0,0.52,1158,4104.0
0.012,26.0,0.46,1025,4650.0
0.009,28.0,0.61,1108,5488.0
0.006,22.0,0.59,819,5961.0
0.019,27.0,0.68,1070,4546.0
0.016,26.0,0.43,904,4137.0
0.019,20.0,0.42,989,4980.0
0.024,24.0,0.48,1019,4442.0
0.009,22.0,0.51,892,4039.0
0.013,28.0,0.68,1172,5783.0
0.007,30.0,0.69,873,5490.0
0.028,28.0,0.57,1067,5565.0
0.011,29.0,0.61,976,4395.0
0.025,22.0,0.53,821,5099.0
0.016,24.0,0.53,808,4275.0
0.018,21.0,0.6,1062,5369.0
0.021,30.0,0.4,980,5748.0
0.017,20.0,0.52,1120,4146.0
0.022,24.0,0.42,1004,5065.0
0.016,26.0,0.4,1114,4383.0
0.016,30.0,0.58,801,4803.0
0.027,21.0,0.52,889,5568.0
0.028,30.0,0.68,1101,5950.0
0.016,20.0,0.43,811,5192.0
0.014,29.0,0.58,1101,5114.0
0.007,22.0,0.43,1193,5774.0
0.022,29.0,0.43,1194,4141.0
0.021,21.0,0.7,1050,4266.0
0.02,21.0,0.5,1016,5201.0
0.017,29.0,0.6,1062,5752.0
0.016,26.0,0.4,1163,4782.0
0.008,21.0,0.6,970,4283.0
0.009,26.0,0.53,957,4797.0
0.007,24.0,0.59,1132,5258.0
0.023,26.0,0.45,833,4365.0
0.022,25.0,0.48,973,5687.0
0.025,27.0,0.7,1037,5356.0
0.027,21.0,0.51,1081,5651.0
0.015,29.0,0.64,1174,4564.0
0.026,30.0,0.42,999,4016.0
0.022,22.0,0.52,1181,4875.0
0.016,26.0,0.7,962,5730.0
0.021,23.0,0.59,1086,5523.0
0.017,23.0,0.44,992,4635.0
0.022,20.0,0.64,1156,5745.0
0.017,20.0,0.52,993,5362.0
0.029,21.0,0.57,1170,4862.0
0.012,20.0,0.46,1052,4266.0
0.013,30.0,0.43,962,5484.0
0.012,24.0,0.55,1064,4279.0
0.014,25.0,0.68,964,5592.0
0.019,29.0,0.49,1103,5866.0
0.01,22.0,0.65,1181,5501.0
0.017,21.0,0.61,963,5459.0
0.017,25.0,0.62,1183,4758.0
0.028,23.0,0.41,904,4106.0
0.017,23.0,0.62,1145,5851.0
0.024,24.0,0.5,1065,5832.0
0.016,29.0,0.4,801,4073.0
0.027,22.0,0.45,1099,4566.0
0.009,25.0,0.57,966,5679.0
0.006,28.0,0.56,1151,4088.0
0.026,22.0,0.69,831,5853.0
0.005,26.0,0.58,1018,4771.0
0.013,23.0,0.48,1146,5812.0
0.008,25.0,0.58,1183,5805.0
0.016,23.0,0.54,1045,4748.0
0.005,28.0,0.53,841,4710.0
0.009,30.0,0.53,1185,4747.0
0.028,21.0,0.56,1161,5292.0
0.016,28.0,0.44,1006,5484.0
0.015,20.0,0.66,1117,4030.0
0.028,27.0,0.67,1097,4655.0
0.01,20.0,0.68,1113,5625.0
0.023,25.0,0.58,838,4583.0
0.03,29.0,0.47,1020,4482.0
0.02,30.0,0.54,893,4751.0
0.006,21.0,0.61,934,4807.0
0.011,27.0,0.61,895,5083.0
0.008,25.0,0.67,1011,5238.0
0.015,21.0,0.68,905,4981.0
0.014,27.0,0.53,1047,4320.0
0.023,21.0,0.65,1180,5927.0
0.006,27.0,0.58,1129,4138.0
0.026,25.0,0.48,864,4227.0
0.012,21.0,0.42,1049,4229.0
0.007,25.0,0.46,933,5169.0
0.006,21.0,0.64,987,4428.0
0.006,30.0,0.55,826,4885.0
0.019,29.0,0.68,1050,5145.0
0.015,25.0,0.7,891,4637.0
0.015,27.0,0.57,956,4016.0
0.029,23.0,0.56,1033,4051.0
0.014,22.0,0.67,951,4621.0
0.03,20.0,0.53,932,5855.0
0.007,20.0,0.5,847,5875.0
0.03,28.0,0.55,1176,5841.0
0.015,22.0,0.43,802,4558.0
0.014,23.0,0.66,959,5515.0
0.023,26.0,0.62,832,4365.0
0.025,28.0,0.63,825,4254.0
0.005,20.0,0.65,985,4518.0
0.029,30.0,0.41,967,5882.0
0.026,30.0,0.62,849,5660.0
0.029,24.0,0.45,906,5859.0
0.029,23.0,0.69,1178,4516.0
0.016,23.0,0.57,1077,4474.0
0.029,22.0,0.65,1150,5763.0
0.016,28.0,0.63,1064,4251.0
0.029,23.0,0.64,1025,5474.0
0.007,21.0,0.7,1104,4263.0
0.022,22.0,0.59,870,5378.0
0.02,22.0,0.65,1038,4130.0
0.014,21.0,0.41,1089,4570.0
0.024,27.0,0.58,1142,4444.0
0.016,21.0,0.47,876,4538.0
0.023,20.0,0.42,1021,5755.0
0.017,22.0,0.6,1064,4769.0
0.022,20.0,0.66,1079,4058.0
0.025,22.0,0.57,847,5922.0
0.007,28.0,0.43,915,5233.0
0.018,24.0,0.7,812,4140.0
0.007,30.0,0.67,1168,4719.0
0.007,20.0,0.52,1144,5794.0
0.022,27.0,0.55,868,5459.0
0.01,30.0,0.65,1057,5033.0
0.029,25.0,0.62,815,4027.0
0.016,26.0,0.49,1063,5051.0
0.005,22.0,0.52,901,5058.0
0.019,20.0,0.69,1078,4500.0
0.007,25.0,0.5,1143,4806.0
0.026,21.0,0.57,1157,4102.0
0.018,28.0,0.54,978,5248.0
0.02,21.0,0.63,880,4248.0
0.02,23.0,0.58,1154,4263.0
0.026,23.0,0.52,833,5115.0
0.018,25.0,0.53,870,5011.0
0.007,28.0,0.47,1081,5795.0
0.008,23.0,0.46,1045,5443.0
0.017,29.0,0.43,940,4610.0
0.006,29.0,0.55,999,5589.0
0.026,28.0,0.68,1143,4420.0
0.017,23.0,0.6,938,5366.0
0.011,25.0,0.5,838,5882.0
0.007,24.0,0.65,1091,5191.0
0.017,22.0,0.6,1039,4991.0
0.006,22.0,0.58,954,5144.0
0.023,25.0,0.57,1191,5298.0
0.021,20.0,0.7,983,4355.0
0.012,23.0,0.56,954,4009.0
0.009,28.0,0.69,964,5577.0
0.025,26.0,0.51,916,4472.0
0.008,22.0,0.44,986,4172.0
0.012,23.0,0.62,884,4814.0
0.027,30.0,0.45,1093,4615.0
0.018,22.0,0.6,1024,4628.0
0.025,25.0,0.63,1147,5063.0
0.022,27.0,0.65,1159,4682.0
0.02,20.0,0.58,925,4283.0
0.008,29.0,0.51,954,4532.0
0.006,29.0,0.61,809,4027.0
0.028,26.0,0.65,863,4274.0
0.009,27.0,0.51,877,4106.0
0.019,29.0,0.54,1145,5113.0
0.011,27.0,0.65,1084,4360.0
0.006,24.0,0.68,887,5193.0
0.027,30.0,0.55,936,5101.0
0.021,27.0,0.59,923,4612.0
0.027,23.0,0.49,949,4828.0
0.007,29.0,0.48,955,5955.0
0.028,25.0,0.4,1166,5152.0
0.019,25.0,0.58,1157,4466.0
0.028,24.0,0.48,876,4884.0
0.012,22.0,0.59,803,4786.0
0.008,30.0,0.48,1193,5605.0
0.029,23.0,0.48,808,5812.0
0.027,29.0,0.51,1083,4845.0
0.012,27.0,0.43,994,4716.0
0.017,26.0,0.44,868,5484.0
0.025,20.0,0.52,829,4511.0
0.007,29.0,0.47,991,4514.0
0.013,25.0,0.67,1085,4779.0
0.017,20.0,0.49,1036,4233.0
0.01,20.0,0.45,925,4083.0
0.009,25.0,0.58,1151,4570.0
0.024,20.0,0.51,897,5900.0
0.013,30.0,0.66,944,5409.0
0.018,25.0,0.59,910,5061.0
0.023,25.0,0.69,829,5935.0
0.011,28.0,0.61,939,4672.0
0.022,21.0,0.45,904,5863.0
0.018,20.0,0.6,988,5059.0
0.022,30.0,0.49,852,5962.0
0.017,21.0,0.55,877,4223.0
0.017,27.0,0.43,1017,4687.0
0.026,24.0,0.47,805,4501.0
0.024,30.0,0.53,839,4228.0
0.008,30.0,0.64,1184,4823.0
0.02,24.0,0.43,1196,5841.0
0.027,22.0,0.58,979,4345.0
0.017,25.0,0.46,1034,5505.0
0.024,22.0,0.44,1043,5948.0
0.014,27.0,0.63,954,5049.0
0.026,26.0,0.65,916,4175.0
0.015,21.0,0.55,1088,5588.0
0.027,27.0,0.68,1164,4911.0
0.007,21.0,0.69,1021,5472.0
0.016,28.0,0.65,1055,4881.0
0.02,20.0,0.56,810,4426.0
0.008,29.0,0.45,801,4306.0
0.027,24.0,0.56,989,5929.0
0.024,30.0,0.55,999,4088.0
0.021,23.0,0.48,990,4932.0
0.014,22.0,0.64,843,5942.0
0.021,25.0,0.68,1177,5694.0
0.016,21.0,0.57,1196,5214.0
0.01,29.0,0.44,806,5794.0
0.029,27.0,0.7,1041,5655.0
0.03,20.0,0.6,906,5306.0
0.011,22.0,0.62,1009,4992.0
0.026,26.0,0.63,1127,4231.0
0.017,30.0,0.53,1134,5619.0
0.018,20.0,0.64,858,4776.0
0.008,21.0,0.45,1070,5736.0
0.029,25.0,0.48,1101,5490.0
0.019,29.0,0.64,1028,4987.0
0.011,28.0,0.54,950,4303.0
0.019,27.0,0.49,1160,4470.0
0.01,25.0,0.59,801,4252.0
0.011,20.0,0.48,1157,5002.0
0.016,23.0,0.7,1131,5196.0
0.013,22.0,0.45,1016,4191.0
0.027,26.0,0.52,1034,4943.0
0.028,24.0,0.64,1123,4557.0
0.016,21.0,0.62,1091,4857.0
0.015,29.0,0.43,1186,5747.0
0.006,25.0,0.51,981,5246.0
0.005,24.0,0.55,982,4454.0
0.023,23.0,0.68,912,4430.0
0.029,27.0,0.66,1127,5439.0
0.016,26.0,0.65,916,4105.0
0.029,24.0,0.68,1118,5806.0
0.029,30.0,0.48,1092,5002.0
0.015,30.0,0.48,1035,5666.0
0.021,24.0,0.51,896,5692.0
0.006,29.0,0.46,828,5202.0
0.026,25.0,0.66,1058,5732.0
0.018,28.0,0.43,811,5645.0
0.018,28.0,0.49,865,5305.0
0.016,26.0,0.42,1194,5174.0
0.02,22.0,0.66,1132,5145.0
0.017,21.0,0.48,860,5817.0
0.023,26.0,0.47,860,4998.0
0.028,22.0,0.61,937,5073.0
0.012,24.0,0.58,875,4601.0
0.028,29.0,0.46,1160,4659.0
0.023,24.0,0.61,879,5089.0
0.028,21.0,0.61,852,5741.0
0.019,30.0,0.63,1171,5794.0
0.005,29.0,0.54,910,5579.0
0.009,23.0,0.55,1107,4403.0
0.029,29.0,0.42,993,5517.0
0.013,20.0,0.43,1041,4335.0
0.013,22.0,0.7,811,4897.0
0.02,22.0,0.67,988,5515.0
0.026,25.0,0.46,1032,5863.0
0.015,26.0,0.68,1154,4833.0
0.011,28.0,0.68,1138,5639.0
0.025,26.0,0.67,1059,5883.0
0.006,21.0,0.66,1107,5372.0
0.012,28.0,0.52,833,4973.0
0.014,27.0,0.68,1005,4343.0
0.014,22.0,0.59,884,4393.0
0.012,25.0,0.61,1134,4679.0
0.008,28.0,0.65,878,5858.0
0.028,21.0,0.57,883,4094.0
0.013,24.0,0.43,1150,4253.0
0.028,23.0,0.63,1047,5610.0
0.029,25.0,0.7,921,4935.0
0.012,22.0,0.62,944,5326.0
0.007,30.0,0.64,903,4864.0
0.028,30.0,0.57,1044,4936.0
0.027,27.0,0.63,901,4111.0
0.013,26.0,0.69,889,4301.0
0.022,28.0,0.49,1135,4178.0
0.007,29.0,0.68,1152,5878.0
0.014,25.0,0.4,1109,4083.0
0.022,25.0,0.49,958,5645.0
0.022,20.0,0.54,918,4479.0
0.013,25.0,0.63,991,5891.0
0.008,23.0,0.63,1019,4116.0
0.026,27.0,0.54,968,4413.0
0.016,23.0,0.48,1071,4620.0
0.02,22.0,0.5,1107,5317.0
0.005,27.0,0.65,828,5176.0
0.006,24.0,0.42,968,5249.0
0.029,29.0,0.46,813,4498.0
0.027,21.0,0.7,1185,4679.0
0.029,23.0,0.62,968,5644.0
0.02,27.0,0.54,967,4320.0
0.029,24.0,0.57,1177,5712.0
0.025,28.0,0.47,1171,4536.0
0.009,28.0,0.55,1065,4755.0
0.013,30.0,0.44,981,5529.0
0.018,24.0,0.54,898,5947.0
0.027,29.0,0.43,840,4286.0
0.018,28.0,0.6,1035,4663.0
0.009,27.0,0.65,1090,4378.0
0.009,30.0,0.6,901,4149.0
0.021,20.0,0.54,1130,5087.0
0.026,29.0,0.59,1100,4335.0
0.023,27.0,0.46,841,5854.0
0.005,22.0,0.43,891,4194.0
0.008,27.0,0.67,1184,4140.0
0.014,30.0,0.55,850,4485.0
0.023,21.0,0.59,888,5653.0
0.017,29.0,0.68,1067,4009.0
0.02,20.0,0.44,942,5568.0
0.026,25.0,0.46,901,4678.0
0.011,29.0,0.68,1195,5775.0
0.015,30.0,0.5,1173,5851.0
0.009,22.0,0.6,1048,4849.0
0.022,21.0,0.43,895,5934.0
0.022,30.0,0.7,1145,5624.0
0.011,30.0,0.55,1055,4402.0
0.01,29.0,0.7,1075,4371.0
0.008,29.0,0.52,1061,5413.0
0.019,21.0,0.55,881,4279.0
0.01,28.0,0.53,857,5984.0
0.014,25.0,0.47,936,4148.0
0.026,22.0,0.48,1037,5590.0
0.028,29.0,0.46,1093,4965.0
0.024,27.0,0.48,1037,5185.0
0.029,23.0,0.5,998,4857.0
0.02,27.0,0.56,1034,5236.0
0.014,30.0,0.67,920,4632.0
0.016,28.0,0.58,993,5095.0
0.017,28.0,0.67,902,5428.0
0.022,30.0,0.59,977,5822.0
0.023,27.0,0.5,831,5169.0
0.027,21.0,0.63,1191,4222.0
0.013,28.0,0.42,1148,4719.0
0.016,27.0,0.51,851,5773.0
0.024,28.0,0.49,1050,5179.0
0.025,25.0,0.57,962,4182.0
0.022,26.0,0.62,1170,4772.0
0.02,24.0,0.54,864,4084.0
0.02,25.0,0.44,1189,4629.0
0.006,29.0,0.57,952,4353.0
0.026,21.0,0.65,848,4186.0
0.018,24.0,0.68,962,5748.0
0.008,25.0,0.7,897,4369.0
0.015,30.0,0.5,1082,4291.0
0.01,26.0,0.43,819,5627.0
0.015,26.0,0.45,1047,4870.0
0.027,21.0,0.52,1127,4858.0
0.027,25.0,0.55,813,5762.0
0.029,23.0,0.42,1005,4546.0
0.02,30.0,0.41,1165,5415.0
0.019,20.0,0.57,834,4153.0
0.013,27.0,0.66,1084,4436.0
0.02,20.0,0.54,1107,5586.0
0.02,28.0,0.66,830,4295.0
0.01,20.0,0.65,1118,5702.0
0.026,22.0,0.66,858,5597.0
0.019,28.0,0.68,1021,5248.0
0.027,27.0,0.6,931,5627.0
0.012,27.0,0.57,876,5311.0
0.014,27.0,0.65,1141,4288.0
0.007,22.0,0.61,846,4701.0
0.025,25.0,0.5,904,5960.0
0.022,29.0,0.57,1114,5238.0
0.014,23.0,0.67,890,4032.0
0.012,30.0,0.5,911,4414.0
0.02,22.0,0.52,828,5126.0
0.023,29.0,0.56,1015,5179.0
0.011,24.0,0.61,1011,4183.0
0.012,29.0,0.42,866,4355.0
0.022,22.0,0.51,834,4025.0
0.028,24.0,0.51,821,4901.0
0.01,25.0,0.46,1074,5759.0
0.008,23.0,0.55,925,4372.0
0.01,22.0,0.57,858,4667.0
0.009,30.0,0.45,883,4960.0
0.024,28.0,0.5,1103,5478.0
0.017,23.0,0.41,1097,4762.0
0.029,26.0,0.6,934,4771.0
0.025,29.0,0.54,1163,5515.0
0.016,30.0,0.54,1012,5192.0
0.014,20.0,0.47,1013,4667.0
0.021,24.0,0.62,978,5634.0
0.027,28.0,0.43,808,4225.0
0.008,26.0,0.67,1172,5914.0
0.012,28.0,0.47,1105,5043.0
0.026,20.0,0.59,887,5321.0
0.023,25.0,0.67,805,5556.0
0.006,28.0,0.56,1033,4108.0
0.03,24.0,0.55,876,5310.0
0.012,24.0,0.65,921,5598.0
0.024,24.0,0.61,989,5587.0
0.023,21.0,0.61,837,5299.0
0.025,20.0,0.46,1127,5339.0
0.026,25.0,0.42,1057,5480.0
0.01,22.0,0.56,1140,4546.0
0.025,26.0,0.51,1093,4512.0
0.019,25.0,0.67,835,5702.0
0.022,27.0,0.52,1147,4351.0
0.029,22.0,0.44,1186,4733.0
0.015,30.0,0.58,1131,4591.0
0.023,26.0,0.69,881,5079.0
0.026,28.0,0.44,1172,5802.0
0.021,22.0,0.7,1019,5469.0
0.019,24.0,0.69,1134,5928.0
0.006,30.0,0.4,993,5045.0
0.02,25.0,0.52,859,5942.0
0.01,22.0,0.7,1048,5202.0
0.021,21.0,0.49,1078,5706.0
0.023,26.0,0.4,800,5035.0
0.012,28.0,0.6,840,5602.0
0.007,20.0,0.66,869,4436.0
0.023,26.0,0.65,1060,4324.0
0.029,28.0,0.43,944,5235.0
0.022,27.0,0.64,1024,5219.0
0.009,27.0,0.43,830,5836.0
0.014,20.0,0.6,1200,4547.0
0.021,25.0,0.55,1051,5328.0
0.027,27.0,0.46,840,4205.0
0.018,23.0,0.45,891,4646.0
0.017,26.0,0.62,824,5433.0
0.005,24.0,0.44,861,5330.0
0.009,28.0,0.54,1152,5441.0
0.017,20.0,0.65,844,5745.0
0.014,23.0,0.59,1174,5532.0
0.018,25.0,0.46,1014,5485.0
0.01,20.0,0.42,1125,5383.0
0.007,27.0,0.51,1073,4818.0
0.023,25.0,0.54,1111,4059.0
0.008,24.0,0.43,1009,5065.0
0.008,28.0,0.45,954,5503.0
0.025,30.0,0.62,1073,4042.0
0.021,25.0,0.46,1162,5112.0
0.016,24.0,0.41,1048,5340.0
0.018,29.0,0.52,1044,4344.0
0.019,24.0,0.43,1192,5015.0
0.01,26.0,0.49,1140,5626.0
0.015,24.0,0.55,1034,5661.0
0.023,24.0,0.4,1194,5623.0
0.029,22.0,0.67,1172,5587.0
0.016,21.0,0.52,823,4449.0
0.006,22.0,0.48,1145,4620.0
0.019,21.0,0.61,945,5244.0
0.02,30.0,0.69,1138,4516.0
0.015,20.0,0.42,1072,5547.0
0.014,22.0,0.59,931,4314.0
0.01,28.0,0.66,837,5105.0
0.01,27.0,0.68,874,4741.0
0.007,26.0,0.56,954,5609.0
0.017,27.0,0.55,1085,5449.0
0.02,29.0,0.45,816,4227.0
0.024,30.0,0.53,976,4026.0
0.025,23.0,0.43,1166,4175.0
0.029,24.0,0.7,815,4806.0
0.014,30.0,0.55,1149,4904.0
0.01,27.0,0.48,991,5239.0
0.022,30.0,0.47,882,5238.0
0.029,21.0,0.43,909,4469.0
0.01,25.0,0.57,1024,5125.0
0.023,24.0,0.53,875,5548.0
0.021,20.0,0.51,1052,5904.0
0.018,20.0,0.65,944,4328.0
0.006,26.0,0.68,811,4669.0
0.006,28.0,0.56,1037,5603.0
0.026,27.0,0.42,967,4506.0
0.024,23.0,0.7,1064,4560.0
0.027,21.0,0.61,1042,5717.0
0.006,27.0,0.57,813,5291.0
0.026,20.0,0.53,932,4520.0
0.021,21.0,0.55,1020,5916.0
0.022,30.0,0.59,1006,5117.0
0.026,22.0,0.61,825,4721.0
0.014,25.0,0.53,970,5765.0
0.016,28.0,0.56,991,4789.0
0.009,29.0,0.47,952,4104.0
0.028,25.0,0.69,957,4890.0
0.022,27.0,0.45,992,5172.0
0.029,25.0,0.61,858,5495.0
0.027,24.0,0.52,931,4282.0
0.01,28.0,0.66,954,5266.0
0.006,23.0,0.56,912,4660.0
0.006,30.0,0.67,977,5396.0
0.014,21.0,0.68,951,5208.0
0.028,30.0,0.46,833,4524.0
0.029,26.0,0.68,1189,4682.0
0.022,20.0,0.47,1003,5955.0
0.013,28.0,0.45,1076,4581.0
0.028,22.0,0.44,1024,4113.0
0.023,24.0,0.55,1174,5164.0
0.019,20.0,0.64,804,4808.0
0.022,26.0,0.55,901,4203.0
0.028,22.0,0.4,807,5281.0
0.024,27.0,0.49,849,5769.0
0.024,28.0,0.6,1083,4564.0
0.019,23.0,0.55,1196,5851.0
0.02,26.0,0.69,994,4250.0
0.024,23.0,0.46,1193,5364.0
0.024,25.0,0.55,1179,5996.0
0.029,26.0,0.63,932,4454.0
0.025,30.0,0.59,840,4035.0
0.019,30.0,0.6,978,5106.0
0.022,20.0,0.6,838,4320.0
0.02,25.0,0.68,934,4268.0
0.025,21.0,0.47,1027,5560.0
0.024,22.0,0.42,1141,5425.0
0.007,24.0,0.43,1166,4504.0
0.014,21.0,0.46,1173,5918.0
0.006,29.0,0.55,1102,5966.0
0.021,23.0,0.49,1059,5833.0
0.026,25.0,0.56,992,5577.0
0.006,27.0,0.6,1044,5683.0
0.017,23.0,0.45,1106,5301.0
0.022,25.0,0.55,1016,5915.0
0.023,26.0,0.68,870,4519.0
0.018,28.0,0.43,982,5263.0
0.027,30.0,0.53,997,4628.0
0.03,29.0,0.49,880,4222.0
0.011,25.0,0.46,1134,4914.0
0.016,26.0,0.44,1081,5144.0
0.022,24.0,0.57,948,5610.0
0.026,27.0,0.6,863,5700.0
0.023,27.0,0.5,840,5593.0
0.025,20.0,0.62,1075,5314.0
0.012,26.0,0.45,1102,5594.0
0.021,26.0,0.62,1164,4423.0
0.028,21.0,0.46,1128,4201.0
0.029,23.0,0.52,942,4937.0
0.012,28.0,0.46,1028,4582.0
0.014,22.0,0.56,943,4825.0
0.03,24.0,0.5,1150,4443.0
0.011,26.0,0.54,1077,5230.0
0.011,29.0,0.56,947,5545.0
0.029,20.0,0.59,1100,5989.0
0.026,28.0,0.6,989,5699.0
0.015,21.0,0.62,953,4125.0
0.006,27.0,0.47,996,4573.0
0.028,25.0,0.48,1080,5625.0
0.012,25.0,0.4,1086,4208.0
0.015,22.0,0.64,1033,4212.0
0.008,22.0,0.61,1095,5407.0
0.014,23.0,0.61,968,4224.0
0.014,22.0,0.5,818,5628.0
0.024,28.0,0.45,1154,4540.0
0.007,30.0,0.51,989,4775.0
0.021,21.0,0.44,1080,4229.0
0.01,25.0,0.62,1191,5532.0
0.014,21.0,0.52,1192,4937.0
0.022,24.0,0.62,881,4513.0
0.028,30.0,0.69,964,5612.0
0.023,23.0,0.64,1085,5382.0
0.028,23.0,0.41,801,4792.0
0.005,22.0,0.54,1190,5714.0
0.025,23.0,0.43,1026,5714.0
0.014,20.0,0.67,1195,4861.0
0.016,23.0,0.63,819,4289.0
0.017,27.0,0.45,885,5331.0
0.019,20.0,0.62,1151,5190.0
0.022,25.0,0.5,873,5152.0
0.017,30.0,0.54,1153,4017.0
0.014,29.0,0.41,1081,5722.0
0.013,24.0,0.64,1095,4279.0
0.027,28.0,0.53,834,4132.0
0.005,30.0,0.46,869,4458.0
0.012,26.0,0.53,1086,5659.0
0.01,30.0,0.56,1130,4918.0
0.009,25.0,0.42,959,5898.0
0.01,24.0,0.44,884,4122.0
0.011,20.0,0.42,876,5733.0
0.011,29.0,0.48,960,5841.0
0.022,24.0,0.68,866,4142.0
0.028,25.0,0.7,1150,4234.0
0.019,25.0,0.67,896,5259.0
0.023,21.0,0.49,1133,4081.0
0.013,23.0,0.7,1118,4049.0
0.018,28.0,0.6,922,5201.0
0.029,26.0,0.51,1104,5088.0
0.02,30.0,0.4,1054,4855.0
0.022,21.0,0.45,1085,4320.0
0.021,23.0,0.42,994,5284.0
0.026,25.0,0.42,1029,5998.0
0.012,21.0,0.64,949,4342.0
0.015,20.0,0.42,1057,5831.0
0.027,22.0,0.7,889,5715.0
0.022,27.0,0.59,1121,5643.0
0.012,22.0,0.43,887,4448.0
0.024,29.0,0.52,1039,4582.0
0.028,26.0,0.53,862,4768.0
0.025,25.0,0.45,880,5698.0
0.006,23.0,0.49,980,5056.0
0.025,27.0,0.69,982,4468.0
0.02,29.0,0.46,911,5442.0
0.006,21.0,0.57,907,4317.0
0.029,24.0,0.66,1094,5000.0
0.012,22.0,0.43,1132,5892.0
0.014,29.0,0.7,1089,5737.0
0.016,22.0,0.65,881,5743.0
0.015,27.0,0.59,1120,5961.0
0.013,25.0,0.66,1121,5022.0
0.015,28.0,0.62,1141,4796.0
0.015,30.0,0.5,895,4168.0
0.014,21.0,0.69,1098,5910.0
0.009,28.0,0.4,1192,4318.0
0.007,30.0,0.7,1027,5914.0
0.018,27.0,0.57,978,5033.0
0.006,28.0,0.65,965,5396.0
0.029,29.0,0.4,866,5075.0
0.016,25.0,0.6,990,4656.0
0.022,29.0,0.51,834,4531.0
0.02,23.0,0.67,1115,4532.0
0.015,30.0,0.67,837,4631.0
0.016,25.0,0.49,1067,5058.0
0.022,28.0,0.47,841,5997.0
0.006,29.0,0.42,995,5925.0
0.011,24.0,0.63,1063,4790.0
0.017,24.0,0.55,1104,4329.0
0.027,24.0,0.42,863,5371.0
0.006,24.0,0.62,927,4228.0
0.018,29.0,0.45,1152,4664.0
0.024,29.0,0.69,973,5661.0
0.025,20.0,0.56,1080,5568.0
0.015,27.0,0.55,1085,4609.0
0.025,22.0,0.52,846,5475.0
0.013,22.0,0.58,893,5704.0
0.023,22.0,0.68,942,5745.0
0.009,30.0,0.62,1087,4822.0
0.024,20.0,0.48,1103,5892.0
0.029,22.0,0.46,1058,5084.0
0.027,30.0,0.52,1093,5056.0
0.019,28.0,0.62,974,4410.0
0.013,30.0,0.55,1105,4969.0
0.024,28.0,0.47,849,5688.0
0.014,30.0,0.63,1192,5271.0
0.012,30.0,0.65,830,5443.0
0.016,28.0,0.56,1032,4673.0
0.02,25.0,0.64,1097,4511.0
0.01,28.0,0.53,1081,5778.0
0.015,22.0,0.53,1153,5484.0
0.024,30.0,0.64,823,4393.0
0.027,20.0,0.67,866,5659.0
0.016,20.0,0.68,945,4257.0
0.009,29.0,0.7,1121,4768.0
0.022,20.0,0.6,963,4021.0
0.019,26.0,0.67,882,4971.0
0.026,28.0,0.58,935,5495.0
0.027,29.0,0.45,1139,4884.0
0.015,26.0,0.65,1068,4719.0
0.029,25.0,0.5,954,5759.0
0.011,24.0,0.56,841,5574.0
0.006,24.0,0.4,1102,5849.0
0.019,25.0,0.68,976,4231.0
0.01,24.0,0.4,1109,5795.0
0.02,30.0,0.66,1067,4254.0
0.016,22.0,0.69,1018,5158.0
0.017,20.0,0.49,986,5006.0
0.017,24.0,0.4,994,5663.0
0.017,21.0,0.4,1024,4938.0
0.018,28.0,0.51,938,4860.0
0.02,24.0,0.63,892,4720.0
0.015,28.0,0.41,1179,4754.0
0.013,30.0,0.46,835,4640.0
0.02,21.0,0.54,1073,5457.0
0.007,26.0,0.46,1038,5578.0
0.028,30.0,0.47,880,5960.0
0.009,30.0,0.68,911,4107.0
0.009,21.0,0.67,1176,5498.0
0.006,23.0,0.57,1158,5517.0
0.03,21.0,0.4,846,4038.0
0.008,26.0,0.56,1154,4756.0
0.013,29.0,0.65,859,4213.0
0.006,30.0,0.52,1120,5502.0
0.023,20.0,0.64,996,5041.0
0.026,21.0,0.65,978,5199.0
0.015,26.0,0.41,1012,5651.0
0.016,26.0,0.62,877,5222.0
0.013,26.0,0.51,1014,5456.0
0.023,20.0,0.52,844,4376.0
0.008,25.0,0.61,926,4839.0
0.01,28.0,0.48,842,4966.0
0.026,26.0,0.58,1145,4561.0
0.006,23.0,0.48,911,5496.0
0.024,30.0,0.4,907,4472.0
0.015,29.0,0.6,860,4020.0
0.007,25.0,0.52,902,4706.0
0.028,22.0,0.61,1193,4832.0
0.007,23.0,0.47,878,4735.0
0.022,27.0,0.55,1150,4947.0
0.013,27.0,0.67,928,4443.0
0.022,22.0,0.44,807,5185.0
0.022,20.0,0.55,1029,5356.0
0.018,24.0,0.4,920,5013.0
0.011,27.0,0.63,943,5502.0
0.006,25.0,0.43,1075,5364.0
0.026,25.0,0.54,816,5998.0
0.03,21.0,0.42,1186,4269.0
0.02,24.0,0.68,1066,4552.0
0.018,20.0,0.69,1071,4439.0
0.03,25.0,0.47,986,5292.0
0.02,23.0,0.61,1189,4772.0
0.01,28.0,0.55,832,5473.0
0.006,20.0,0.69,940,5522.0
0.007,29.0,0.58,1068,5756.0
0.03,21.0,0.54,1036,4446.0
0.019,20.0,0.6,1137,4428.0
0.013,22.0,0.4,1157,4065.0
0.023,29.0,0.53,1117,5145.0
0.014,21.0,0.45,1181,4864.0
0.025,29.0,0.6,864,4149.0
0.019,20.0,0.44,911,4504.0
0.018,23.0,0.61,1143,4505.0
0.007,21.0,0.7,894,4822.0
0.026,23.0,0.46,1097,5159.0
0.017,21.0,0.7,967,5522.0
0.021,28.0,0.54,1178,5371.0
0.008,27.0,0.46,921,5029.0
0.006,29.0,0.41,1060,4167.0
0.015,27.0,0.65,860,5881.0
0.012,24.0,0.64,1132,5423.0
0.006,30.0,0.59,933,4811.0
0.016,21.0,0.56,1075,4520.0
0.009,30.0,0.55,915,5550.0
0.005,30.0,0.68,1021,4559.0
0.023,26.0,0.66,1001,4345.0
0.011,23.0,0.56,1018,4008.0
0.015,21.0,0.5,1046,4395.0
0.009,27.0,0.6,1161,4123.0
0.029,24.0,0.56,1025,4942.0
0.018,21.0,0.48,1155,4169.0
0.005,21.0,0.66,910,5746.0
0.01,28.0,0.59,961,4122.0
0.021,24.0,0.52,886,5944.0
0.011,21.0,0.55,828,4393.0
0.017,27.0,0.57,1141,4666.0
0.028,26.0,0.49,891,5840.0
0.009,23.0,0.54,1069,4377.0
0.006,30.0,0.63,823,5830.0
0.025,23.0,0.55,924,4790.0
0.007,22.0,0.53,939,5495.0
0.03,25.0,0.65,1188,4026.0
0.013,21.0,0.44,804,4054.0
0.005,22.0,0.58,1052,5108.0
0.014,20.0,0.68,945,5435.0
0.024,24.0,0.69,1198,5007.0
0.018,25.0,0.41,1119,5252.0
0.02,28.0,0.54,857,4699.0
0.027,22.0,0.57,960,4818.0
0.023,28.0,0.47,1200,5685.0
0.013,20.0,0.7,977,5900.0
0.025,29.0,0.56,1104,5746.0
0.022,27.0,0.46,1044,4306.0
0.012,20.0,0.44,1066,4287.0
0.019,21.0,0.61,1199,4325.0
0.014,29.0,0.41,1018,5351.0
0.02,22.0,0.46,1053,4669.0
0.028,25.0,0.62,1113,4975.0
0.013,26.0,0.57,920,5855.0
0.03,26.0,0.57,1120,5058.0
0.025,22.0,0.48,1059,5134.0
0.02,24.0,0.69,990,5118.0
0.021,22.0,0.64,925,4003.0
0.028,26.0,0.67,936,4712.0
0.006,24.0,0.69,1195,5972.0
0.019,28.0,0.41,956,4671.0
0.008,27.0,0.51,1146,5792.0
0.023,30.0,0.55,964,4931.0
0.029,27.0,0.66,950,4657.0
0.014,23.0,0.66,947,4684.0
0.024,25.0,0.52,1020,4689.0
0.025,30.0,0.55,934,5717.0
0.014,30.0,0.64,834,5008.0
0.026,23.0,0.61,871,5926.0
0.017,23.0,0.55,1123,4108.0
0.022,24.0,0.65,964,4377.0
0.008,24.0,0.55,842,5718.0
0.026,21.0,0.44,830,4851.0
0.008,20.0,0.63,848,4140.0
0.02,24.0,0.43,930,5054.0
0.011,20.0,0.5,916,5611.0
0.013,29.0,0.41,1030,4397.0
0.009,27.0,0.49,848,4334.0
0.016,25.0,0.48,917,4727.0
0.029,20.0,0.47,1054,4036.0
0.022,24.0,0.68,1147,5852.0
0.015,27.0,0.7,983,5707.0
0.018,30.0,0.4,1006,5670.0
0.012,28.0,0.67,984,4884.0
0.015,23.0,0.57,974,5193.0
0.019,28.0,0.48,956,5943.0
0.019,24.0,0.58,1064,4689.0
0.013,28.0,0.61,1070,4698.0
0.02,29.0,0.55,809,5980.0
0.009,21.0,0.56,1150,4937.0
0.017,27.0,0.43,880,4070.0
0.018,29.0,0.42,1057,4808.0
0.008,28.0,0.45,959,5303.0
0.022,23.0,0.53,1187,5213.0
0.005,20.0,0.69,852,5179.0
0.019,21.0,0.65,1059,4796.0
0.024,27.0,0.56,1024,5809.0
0.01,21.0,0.55,1192,4800.0
0.022,21.0,0.58,1077,5460.0
0.03,25.0,0.41,989,5091.0
0.015,28.0,0.56,1089,5535.0
0.025,26.0,0.51,974,5517.0
0.008,23.0,0.49,1079,4526.0
0.014,24.0,0.47,903,4904.0
0.011,30.0,0.63,1063,4353.0
0.027,22.0,0.53,1081,4441.0
0.006,22.0,0.45,963,5562.0
0.025,25.0,0.48,875,4995.0
0.024,29.0,0.5,851,5167.0
0.027,27.0,0.6,1143,4143.0
0.016,23.0,0.69,801,4695.0
0.024,22.0,0.52,1147,4155.0
0.011,21.0,0.41,927,4106.0
0.007,30.0,0.54,954,5318.0
0.011,24.0,0.45,1027,4379.0
0.028,23.0,0.68,961,4477.0
0.007,29.0,0.69,1099,4379.0
0.019,23.0,0.47,937,5030.0
0.007,30.0,0.68,1003,4502.0
0.01,30.0,0.68,988,5810.0
0.011,26.0,0.4,1047,4317.0
0.018,20.0,0.61,830,4531.0
0.018,27.0,0.42,853,4278.0
0.01,21.0,0.67,1121,4301.0
0.01,22.0,0.63,868,4703.0
0.019,23.0,0.42,926,5559.0
0.022,21.0,0.4,805,5473.0
0.012,28.0,0.69,931,5886.0
0.027,24.0,0.4,820,5522.0
0.019,23.0,0.68,1167,5868.0
0.022,29.0,0.4,1170,4222.0
0.028,23.0,0.44,818,5998.0
0.029,22.0,0.69,1086,5008.0
0.023,28.0,0.6,999,4752.0
0.011,27.0,0.55,1020,4048.0
0.028,22.0,0.63,915,5300.0
0.009,29.0,0.53,856,5859.0
0.026,30.0,0.6,973,5996.0
0.01,21.0,0.62,1172,4905.0
0.013,27.0,0.53,874,4037.0
0.008,25.0,0.55,824,4301.0
0.014,24.0,0.66,1041,4080.0
0.011,23.0,0.58,925,5987.0
0.021,28.0,0.58,1116,4368.0
0.013,26.0,0.41,848,4154.0
0.016,26.0,0.52,850,4637.0
0.022,24.0,0.65,995,4883.0
0.006,23.0,0.63,1040,5024.0
0.015,27.0,0.5,1021,5332.0
0.02,27.0,0.68,847,5393.0
0.011,22.0,0.42,1160,4921.0
0.02,30.0,0.54,903,5323.0
0.015,21.0,0.54,1134,4243.0
0.018,27.0,0.45,1121,4211.0
0.02,29.0,0.69,1066,5987.0
0.01,24.0,0.6,1055,4796.0
0.01,23.0,0.69,819,5595.0
0.023,23.0,0.7,1060,4235.0
0.01,30.0,0.65,1168,4898.0
0.024,24.0,0.4,1054,5179.0
0.03,29.0,0.49,847,5803.0
0.013,29.0,0.57,1166,5007.0
0.029,21.0,0.68,1122,4415.0
0.011,30.0,0.57,937,4061.0
0.008,20.0,0.63,870,4960.0
0.028,20.0,0.52,1000,4842.0
0.006,23.0,0.47,1186,4268.0
0.029,30.0,0.42,1198,5471.0
0.012,20.0,0.52,805,4819.0
0.03,29.0,0.64,991,4749.0
0.02,25.0,0.53,1137,5000.0
0.019,20.0,0.61,1079,4240.0
0.009,20.0,0.65,1118,5996.0
0.018,24.0,0.61,895,5293.0
0.023,25.0,0.45,1117,4005.0
0.008,30.0,0.61,1117,4529.0
0.026,28.0,0.51,973,5560.0
0.018,23.0,0.52,1047,4517.0
0.022,28.0,0.49,900,4803.0
0.007,27.0,0.69,1143,5830.0
0.027,28.0,0.47,1166,4299.0
0.012,30.0,0.6,1111,5634.0
0.023,20.0,0.67,860,4122.0
0.009,30.0,0.5,1102,5994.0
0.02,27.0,0.53,1131,4129.0
0.008,29.0,0.56,1113,5076.0
0.014,30.0,0.66,826,5410.0
0.028,27.0,0.5,873,4806.0
0.016,21.0,0.54,801,5916.0
0.027,30.0,0.5,1089,5018.0
0.029,26.0,0.55,895,4433.0
0.019,21.0,0.69,1112,5531.0
0.028,25.0,0.47,908,4580.0
0.005,29.0,0.64,851,5011.0
0.017,21.0,0.45,1050,5490.0
0.015,30.0,0.65,1104,5818.0
0.011,20.0,0.51,910,4817.0
0.018,24.0,0.44,1100,5707.0
0.01,30.0,0.5,1118,4017.0
0.007,20.0,0.66,1006,5970.0
0.025,29.0,0.48,876,4062.0
0.022,22.0,0.57,1110,5814.0
0.009,29.0,0.4,988,4178.0
0.012,29.0,0.53,960,5287.0
0.016,27.0,0.52,1184,4569.0
0.022,20.0,0.41,910,4038.0
0.027,28.0,0.4,1178,4794.0
0.027,27.0,0.65,1146,5813.0
0.008,21.0,0.68,830,4508.0
0.009,28.0,0.51,1197,5917.0
0.019,20.0,0.48,1106,5608.0
0.027,23.0,0.44,1044,5911.0
0.016,24.0,0.47,1099,5012.0
0.007,20.0,0.54,883,4462.0
0.006,24.0,0.67,1161,4127.0
0.019,24.0,0.46,1138,5050.0
0.009,24.0,0.56,873,4892.0
0.018,22.0,0.66,962,5202.0
0.006,21.0,0.47,1150,5432.0
0.007,28.0,0.6,1024,4900.0
0.018,24.0,0.54,1073,5676.0
0.01,20.0,0.62,929,4733.0
0.007,20.0,0.54,831,5159.0
0.012,30.0,0.55,971,4719.0
0.027,24.0,0.51,1169,4416.0
0.013,27.0,0.52,1099,5018.0
0.017,22.0,0.4,819,4264.0
0.013,29.0,0.69,1171,4789.0
0.01,25.0,0.7,905,5201.0
0.017,20.0,0.57,837,4988.0
0.019,21.0,0.53,928,4718.0
0.015,26.0,0.54,1080,5293.0
0.026,27.0,0.69,1073,5249.0
0.008,21.0,0.42,1042,4160.0
0.017,24.0,0.6,1066,5673.0
0.029,29.0,0.54,1198,4311.0
0.016,29.0,0.51,1050,4353.0
0.017,27.0,0.4,907,5524.0
0.026,29.0,0.41,1084,5998.0
0.017,22.0,0.4,972,4044.0
0.025,21.0,0.48,1061,4476.0
0.029,22.0,0.52,1196,5485.0
0.026,25.0,0.55,927,5764.0
0.01,20.0,0.5,997,5684.0
0.028,24.0,0.46,985,4740.0
0.018,20.0,0.6,851,5215.0
0.024,27.0,0.62,880,4816.0
0.015,25.0,0.54,930,5382.0
0.029,20.0,0.7,1079,4324.0
0.026,26.0,0.51,1160,5196.0
0.027,29.0,0.4,1188,5009.0
0.01,22.0,0.62,1160,5427.0
0.012,22.0,0.63,901,4642.0
0.012,30.0,0.65,876,5191.0
0.023,28.0,0.42,901,5772.0
0.024,23.0,0.64,1031,5325.0
0.023,24.0,0.57,1043,4326.0
0.024,21.0,0.43,1003,5740.0
0.01,28.0,0.51,1069,4178.0
0.016,23.0,0.69,881,4421.0
0.025,25.0,0.59,912,5253.0
0.007,25.0,0.53,871,4552.0
0.026,27.0,0.51,967,5312.0
0.016,26.0,0.49,829,5321.0
0.014,20.0,0.56,1200,5241.0
0.015,21.0,0.6,1173,4385.0
0.028,21.0,0.65,971,4199.0
0.013,28.0,0.47,1075,5094.0
0.017,23.0,0.67,848,4900.0
0.029,20.0,0.53,1181,5522.0
0.026,26.0,0.68,884,4445.0
0.024,26.0,0.68,994,5269.0
0.019,30.0,0.63,1186,4095.0
0.015,30.0,0.69,877,4602.0
0.026,23.0,0.66,1077,4013.0
0.022,21.0,0.68,965,4632.0
0.024,24.0,0.51,820,5931.0
0.025,27.0,0.68,968,4648.0
0.029,28.0,0.6,1088,5115.0
0.021,29.0,0.43,1097,5822.0
0.018,22.0,0.48,1148,4662.0
0.013,22.0,0.69,810,4994.0
0.005,21.0,0.48,1152,4093.0
0.025,30.0,0.61,844,4570.0
0.026,24.0,0.63,941,5687.0
0.025,28.0,0.64,1032,5576.0
0.011,23.0,0.43,874,4797.0
0.019,29.0,0.46,806,5642.0
0.028,24.0,0.51,1052,4069.0
0.028,28.0,0.53,1097,5948.0
0.023,29.0,0.46,975,5708.0
0.018,26.0,0.67,1138,5827.0
0.021,30.0,0.47,1084,4355.0
0.015,23.0,0.43,875,5347.0
0.022,29.0,0.6,1007,4141.0
0.021,24.0,0.51,1145,5694.0
0.021,30.0,0.48,915,4338.0
0.027,24.0,0.69,1031,4086.0
0.025,21.0,0.5,882,5144.0
0.012,22.0,0.61,916,4113.0
0.022,29.0,0.67,1125,5466.0
0.012,25.0,0.5,839,4898.0
0.012,21.0,0.66,1014,4931.0
0.024,24.0,0.61,869,5802.0
0.017,23.0,0.54,1021,4096.0
0.026,30.0,0.52,943,4067.0
0.013,29.0,0.45,1200,4277.0
0.007,29.0,0.4,942,5839.0
0.006,22.0,0.64,983,4927.0
0.025,29.0,0.48,1068,5087.0
0.028,26.0,0.62,910,4206.0
0.007,20.0,0.53,1130,5952.0
0.028,25.0,0.54,1191,5191.0
0.01,21.0,0.47,1153,5834.0
0.008,22.0,0.57,941,5584.0
0.014,21.0,0.44,1017,5836.0
0.021,29.0,0.6,958,5505.0
0.025,27.0,0.59,958,4284.0
0.008,24.0,0.61,1168,5352.0
0.006,24.0,0.66,842,5840.0
0.02,26.0,0.66,946,4077.0
0.011,24.0,0.56,1046,5768.0
0.012,23.0,0.47,1053,4086.0
0.014,22.0,0.64,862,5346.0
0.01,24.0,0.58,1183,5904.0
0.013,20.0,0.68,1010,4793.0
0.028,30.0,0.45,938,4602.0
0.015,27.0,0.53,1001,4549.0
0.009,24.0,0.66,1141,5066.0
0.005,29.0,0.6,890,5789.0
0.02,29.0,0.69,908,5303.0
0.012,28.0,0.53,1079,4903.0
0.029,22.0,0.51,945,5507.0
0.011,28.0,0.44,973,4368.0
0.011,26.0,0.69,858,5711.0
0.013,27.0,0.46,1107,4398.0
0.019,30.0,0.56,995,4307.0
0.006,27.0,0.43,1039,4335.0
0.012,30.0,0.4,825,4846.0
0.029,22.0,0.68,828,4655.0
0.026,23.0,0.6,810,4888.0
0.01,26.0,0.7,913,4192.0
0.02,21.0,0.6,1058,5146.0
0.01,24.0,0.67,1158,4822.0
0.029,21.0,0.54,1195,4417.0
0.021,20.0,0.67,1177,5833.0
0.022,22.0,0.46,1164,5261.0
0.027,21.0,0.68,938,4998.0
0.017,20.0,0.68,932,5283.0
0.023,23.0,0.45,920,5183.0
0.017,23.0,0.46,931,5643.0
0.009,30.0,0.55,928,4620.0
0.019,25.0,0.41,1106,4480.0
0.02,20.0,0.44,1091,5485.0
0.021,30.0,0.58,1137,5670.0
0.024,26.0,0.68,881,4833.0
0.016,26.0,0.5,906,4415.0
0.017,23.0,0.59,1077,4848.0
0.028,23.0,0.67,1089,5746.0
0.017,21.0,0.41,1159,4876.0
0.015,27.0,0.65,1141,5034.0
0.027,26.0,0.59,1177,5846.0
0.023,22.0,0.54,1010,4912.0
0.021,24.0,0.64,1009,4625.0
0.026,20.0,0.61,945,5816.0
0.006,26.0,0.44,1190,4186.0
0.016,21.0,0.4,824,5811.0
0.024,21.0,0.55,1019,5306.0
0.007,29.0,0.62,1069,5084.0
0.018,30.0,0.5,875,4186.0
0.008,25.0,0.66,994,4026.0
0.016,24.0,0.5,813,5026.0
0.028,24.0,0.67,822,5437.0
0.02,27.0,0.4,908,5179.0
0.023,22.0,0.42,1026,4953.0
0.008,20.0,0.45,864,5164.0
0.02,22.0,0.68,1064,5556.0
0.025,27.0,0.63,1050,4570.0
0.016,27.0,0.67,848,5304.0
0.029,23.0,0.45,875,5346.0
0.016,25.0,0.55,1091,4070.0
0.015,27.0,0.49,996,4720.0
0.009,29.0,0.69,1036,4166.0
0.018,29.0,0.69,1112,4333.0
0.024,30.0,0.46,839,5673.0
0.007,25.0,0.7,994,5577.0
0.018,24.0,0.48,929,5706.0
0.012,22.0,0.6,950,4074.0
0.025,22.0,0.55,832,4837.0
0.008,28.0,0.58,1075,5977.0
0.024,23.0,0.61,910,5901.0
0.013,26.0,0.44,853,5288.0
0.016,30.0,0.54,982,4298.0
0.006,30.0,0.65,955,4475.0
0.03,26.0,0.6,1021,5385.0
0.021,30.0,0.54,896,5551.0
0.019,29.0,0.49,1018,5539.0
0.009,25.0,0.42,888,5974.0
0.028,20.0,0.65,952,5010.0
0.024,28.0,0.46,951,5040.0
0.007,29.0,0.4,946,5158.0
0.008,28.0,0.44,860,5176.0
0.009,26.0,0.68,905,4931.0
0.02,21.0,0.57,1057,4559.0
0.019,23.0,0.67,814,5033.0
0.013,24.0,0.59,1149,4615.0
0.021,20.0,0.55,858,4498.0
0.029,29.0,0.61,1182,5574.0
0.028,21.0,0.6,803,4137.0
0.016,24.0,0.46,1048,5726.0
0.009,22.0,0.68,852,4169.0
0.01,28.0,0.64,1145,4769.0
0.015,27.0,0.56,1110,4880.0
0.01,30.0,0.42,1135,4201.0
0.008,22.0,0.51,960,5970.0
0.026,27.0,0.49,842,4830.0
0.013,26.0,0.69,1072,5908.0
0.009,27.0,0.69,818,5764.0
0.013,30.0,0.43,1001,4563.0
0.024,29.0,0.62,919,5311.0
0.006,25.0,0.49,1071,5060.0
0.006,22.0,0.67,1136,4924.0
0.026,26.0,0.61,1181,4316.0
0.014,29.0,0.7,1139,5260.0
0.006,30.0,0.42,1061,4759.0
0.008,20.0,0.66,840,4674.0
0.01,30.0,0.61,1180,4904.0
0.017,22.0,0.58,1066,5944.0
0.019,23.0,0.41,1015,4005.0
0.015,26.0,0.65,1195,5892.0
0.018,26.0,0.49,963,4028.0
0.008,25.0,0.7,1057,5137.0
0.026,26.0,0.55,866,4342.0
0.014,26.0,0.42,1062,4749.0
0.016,23.0,0.5,1104,4452.0
0.024,21.0,0.55,1021,5938.0
0.01,24.0,0.45,1161,4627.0
0.006,27.0,0.45,1163,4923.0
0.012,22.0,0.47,1020,4079.0
0.009,21.0,0.49,836,5489.0
0.02,26.0,0.42,1075,5534.0
0.023,21.0,0.49,891,4371.0
0.026,24.0,0.7,956,5987.0
0.016,22.0,0.54,1179,5112.0
0.009,20.0,0.69,829,5141.0
0.02,27.0,0.44,1039,4505.0
0.027,26.0,0.43,1189,4077.0
0.021,29.0,0.54,926,4059.0
0.006,30.0,0.42,1029,4171.0
0.027,26.0,0.53,1042,5920.0
0.021,28.0,0.61,1015,5278.0
0.024,23.0,0.48,838,5197.0
0.014,24.0,0.66,997,5466.0
0.016,25.0,0.57,1117,4113.0
0.009,22.0,0.47,1193,4369.0
0.028,23.0,0.47,1018,4015.0
0.019,20.0,0.69,839,4077.0
0.015,29.0,0.68,1174,5929.0
0.027,24.0,0.42,823,4157.0
0.025,20.0,0.67,1126,5356.0
0.029,24.0,0.54,846,5540.0
0.026,25.0,0.47,842,4555.0
0.027,24.0,0.6,1184,4288.0
0.024,28.0,0.53,1152,5586.0
0.024,27.0,0.45,988,4652.0
0.01,25.0,0.41,865,5828.0
0.014,29.0,0.41,1110,5256.0
0.028,29.0,0.54,1023,5578.0
0.018,21.0,0.55,952,5247.0
0.011,21.0,0.53,1098,5726.0
0.006,20.0,0.42,1026,5830.0
0.023,20.0,0.67,953,4142.0
0.025,22.0,0.62,928,5872.0
0.008,25.0,0.53,921,5221.0
0.028,28.0,0.7,1078,5311.0
0.026,24.0,0.59,1063,4637.0
0.023,24.0,0.46,1190,5505.0
0.023,26.0,0.43,1004,5203.0
0.021,24.0,0.44,813,5074.0
0.012,24.0,0.66,1129,5669.0
0.007,24.0,0.67,933,4126.0
0.025,25.0,0.43,1153,4674.0
0.024,21.0,0.5,866,5058.0
0.022,28.0,0.46,1036,4345.0
0.029,24.0,0.46,833,4748.0
0.008,27.0,0.49,1161,5587.0
0.026,21.0,0.52,875,4200.0
0.009,22.0,0.63,1077,4052.0
0.03,21.0,0.68,1076,5243.0
0.011,27.0,0.69,896,4153.0
0.029,28.0,0.68,967,5338.0
0.025,20.0,0.66,1110,4007.0
0.028,22.0,0.46,1026,4231.0
0.006,23.0,0.57,1088,5237.0
0.026,23.0,0.69,808,4401.0
0.02,20.0,0.42,1182,4703.0
0.014,25.0,0.67,997,4392.0
0.01,21.0,0.53,835,5985.0
0.029,22.0,0.68,951,4767.0
0.027,25.0,0.49,908,4394.0
0.009,28.0,0.45,1135,5610.0
0.02,26.0,0.5,974,5329.0
0.007,30.0,0.53,1196,4607.0
0.024,24.0,0.63,819,5070.0
0.01,26.0,0.41,908,4933.0
0.029,21.0,0.69,925,4090.0
0.029,30.0,0.43,933,5236.0
0.022,28.0,0.52,880,4305.0
0.028,25.0,0.52,1032,5748.0
0.022,30.0,0.65,987,4086.0
0.022,24.0,0.61,1168,5804.0
0.024,25.0,0.46,1191,5688.0
0.019,22.0,0.61,917,4117.0
0.006,30.0,0.41,926,5810.0
0.017,28.0,0.43,869,5268.0
0.006,26.0,0.65,992,5258.0
0.029,29.0,0.44,1147,4218.0
0.012,29.0,0.41,917,4307.0
0.011,26.0,0.66,1076,5354.0
0.011,29.0,0.51,1192,4956.0
0.007,29.0,0.5,1150,5139.0
0.025,26.0,0.64,965,5869.0
0.022,22.0,0.69,870,4133.0
0.024,20.0,0.51,843,5836.0
0.008,27.0,0.68,1073,4586.0
0.005,21.0,0.53,849,4829.0
0.008,26.0,0.42,991,4984.0
0.013,28.0,0.4,926,4596.0
0.018,23.0,0.7,1198,4183.0
0.015,24.0,0.58,1012,5922.0
0.027,22.0,0.7,1162,5560.0
0.015,21.0,0.68,991,5652.0
0.013,28.0,0.59,1008,5345.0
0.006,28.0,0.55,871,5376.0
0.029,21.0,0.42,842,4985.0
0.022,20.0,0.57,934,5281.0
0.029,23.0,0.61,912,4978.0
0.029,29.0,0.62,1185,5056.0
0.019,30.0,0.53,1087,5541.0
0.007,26.0,0.57,873,4087.0
0.01,26.0,0.61,946,4195.0
0.01,29.0,0.68,1002,5018.0
0.006,20.0,0.45,960,5900.0
0.005,26.0,0.48,1068,4323.0
0.02,29.0,0.52,953,5781.0
0.016,21.0,0.65,904,5425.0
0.017,28.0,0.6,845,5393.0
0.005,26.0,0.59,843,5947.0
0.026,30.0,0.67,1059,5215.0
0.016,28.0,0.44,869,5397.0
0.013,27.0,0.6,888,5584.0
0.009,22.0,0.46,879,5541.0
0.02,29.0,0.65,989,4520.0
0.025,24.0,0.55,1050,5552.0
0.026,28.0,0.6,871,5876.0
0.017,26.0,0.41,1031,5282.0
0.03,20.0,0.4,967,4898.0
0.006,23.0,0.4,1079,4428.0
0.028,30.0,0.65,1190,5675.0
0.016,26.0,0.66,1038,5903.0
0.022,30.0,0.63,1076,5892.0
0.03,29.0,0.43,877,5297.0
0.011,29.0,0.53,938,5274.0
0.018,23.0,0.49,1103,5894.0
0.028,26.0,0.51,1196,5642.0
0.009,30.0,0.55,880,4975.0
0.01,27.0,0.54,1127,4585.0
0.014,21.0,0.47,979,4767.0
0.023,27.0,0.69,957,4621.0
0.007,20.0,0.57,844,4094.0
0.028,26.0,0.45,1166,5551.0
0.022,28.0,0.55,1108,4151.0
0.019,28.0,0.52,1136,5586.0
0.028,24.0,0.49,839,4175.0
0.026,24.0,0.6,998,4016.0
0.025,20.0,0.7,1105,4432.0
0.017,26.0,0.51,826,5487.0
0.013,21.0,0.6,1096,4926.0
0.014,28.0,0.49,901,5542.0
0.015,20.0,0.69,972,5964.0
0.011,29.0,0.56,947,5529.0
0.008,20.0,0.51,1178,5278.0
0.029,21.0,0.45,874,4297.0
0.028,26.0,0.45,809,4458.0
0.018,26.0,0.57,866,4251.0
0.019,29.0,0.56,1050,5961.0
0.021,26.0,0.58,830,4210.0
0.028,23.0,0.69,996,5013.0
0.007,23.0,0.49,986,4722.0
0.013,24.0,0.64,1015,5497.0
0.012,21.0,0.43,1028,5943.0
0.02,21.0,0.47,1187,5392.0
0.007,21.0,0.44,1096,5955.0
0.014,24.0,0.56,925,4393.0
0.014,27.0,0.43,1066,5732.0
0.009,29.0,0.52,894,5886.0
0.027,25.0,0.67,1163,5114.0
0.02,26.0,0.7,917,5218.0
0.008,23.0,0.58,945,4385.0
0.017,25.0,0.66,1188,5382.0
0.012,21.0,0.45,828,5640.0
0.019,21.0,0.58,852,4275.0
0.023,29.0,0.41,1041,4434.0
0.014,20.0,0.52,1175,5462.0
0.021,22.0,0.57,1048,5791.0
0.012,23.0,0.62,1186,4363.0
0.029,30.0,0.52,857,4809.0
0.021,26.0,0.5,1188,5613.0
0.008,30.0,0.67,1096,5631.0
0.012,30.0,0.56,990,4674.0
0.027,23.0,0.51,1080,5830.0
0.02,20.0,0.42,1129,5838.0
0.029,22.0,0.42,1040,5584.0
0.015,20.0,0.48,1138,5402.0
0.01,21.0,0.49,916,4849.0
0.016,27.0,0.59,1055,5898.0
0.006,30.0,0.56,1028,5919.0
0.02,22.0,0.45,1058,4617.0
0.011,25.0,0.42,1096,5053.0
0.015,24.0,0.62,1067,5372.0
0.028,30.0,0.58,1054,5224.0
0.009,21.0,0.64,1104,4938.0
0.017,21.0,0.56,818,4497.0
0.026,24.0,0.45,960,5616.0
0.019,24.0,0.4,814,4665.0
0.012,24.0,0.58,1057,5166.0
0.028,20.0,0.44,1183,4637.0
0.01,29.0,0.66,998,4606.0
0.008,27.0,0.61,921,5139.0
0.027,21.0,0.62,843,5452.0
0.012,28.0,0.49,1195,5791.0
0.021,26.0,0.67,1013,5544.0
0.007,20.0,0.57,978,5592.0
0.02,27.0,0.61,1103,5094.0
0.006,28.0,0.43,1102,4964.0
0.028,22.0,0.58,1192,4185.0
0.012,27.0,0.43,1030,4180.0
0.022,24.0,0.63,1032,4835.0
0.008,23.0,0.66,1008,5281.0
0.02,25.0,0.63,1132,4412.0
0.019,27.0,0.46,1196,5476.0
0.017,25.0,0.51,1146,4373.0
0.026,27.0,0.41,1071,5781.0
0.008,20.0,0.6,945,5315.0
0.008,29.0,0.58,856,5212.0
0.015,24.0,0.42,901,5216.0
0.029,26.0,0.63,1031,5750.0
0.016,27.0,0.56,984,5098.0
0.005,21.0,0.69,1112,4257.0
0.02,28.0,0.57,894,4578.0
0.016,24.0,0.42,1044,4100.0
0.013,26.0,0.6,1108,5208.0
0.007,23.0,0.4,813,4547.0
0.027,24.0,0.57,1122,5192.0
0.009,26.0,0.53,807,5432.0
0.018,28.0,0.65,1003,4229.0
0.009,20.0,0.51,1200,4902.0
0.03,26.0,0.56,1145,5886.0
0.017,25.0,0.56,849,5252.0
0.022,27.0,0.65,1172,4177.0
0.017,29.0,0.51,880,4342.0
0.013,25.0,0.5,1156,4899.0
0.005,21.0,0.7,973,4474.0
0.026,23.0,0.43,1006,4257.0
0.01,29.0,0.66,836,5821.0
0.024,28.0,0.58,1155,4207.0
0.017,27.0,0.6,862,5058.0
0.023,29.0,0.58,1171,5827.0
0.013,27.0,0.65,925,5915.0
0.008,20.0,0.64,1122,4964.0
0.009,23.0,0.66,920,5155.0
0.028,28.0,0.55,1009,4440.0
0.028,28.0,0.56,1171,5449.0
0.017,26.0,0.6,1125,4362.0
0.012,23.0,0.62,1008,5534.0
0.023,24.0,0.6,1166,4218.0
0.026,30.0,0.67,1116,4216.0
0.007,20.0,0.67,982,4933.0
0.006,29.0,0.52,845,4357.0
0.026,21.0,0.41,935,5252.0
0.025,24.0,0.59,896,4808.0
0.007,24.0,0.59,1004,4349.0
0.018,30.0,0.66,1165,4480.0
0.008,23.0,0.57,846,4714.0
0.025,21.0,0.59,1019,5706.0
0.021,20.0,0.6,1160,5051.0
0.029,26.0,0.61,1123,5146.0
0.009,21.0,0.44,1140,4626.0
0.028,22.0,0.62,870,4400.0
0.012,20.0,0.64,1121,4885.0
0.016,28.0,0.47,1046,5919.0
0.025,22.0,0.57,939,4132.0
0.023,30.0,0.53,983,5083.0
0.019,25.0,0.59,1037,4063.0
0.011,26.0,0.68,840,4328.0
0.021,21.0,0.49,1116,4456.0
0.009,23.0,0.45,1031,5196.0
0.024,29.0,0.62,1173,4908.0
0.008,23.0,0.46,1083,4472.0
0.009,21.0,0.53,932,5138.0
0.024,23.0,0.63,1128,5984.0
0.015,24.0,0.47,1049,5997.0
0.008,20.0,0.69,1005,4118.0
0.023,20.0,0.62,886,4511.0
0.021,30.0,0.52,1165,4955.0
0.025,23.0,0.59,923,4559.0
0.023,23.0,0.68,1152,4125.0
0.009,28.0,0.63,921,4428.0
0.013,27.0,0.62,867,4653.0
0.013,26.0,0.57,918,5813.0
0.009,20.0,0.54,890,4817.0
0.025,22.0,0.43,1004,5946.0
0.007,27.0,0.55,1022,4934.0
0.011,30.0,0.48,988,4168.0
0.029,28.0,0.4,1155,5761.0
0.027,20.0,0.7,884,5442.0
0.006,25.0,0.46,867,4235.0
0.015,30.0,0.53,1045,5768.0
0.029,24.0,0.62,928,4107.0
0.023,28.0,0.43,1144,4690.0
0.008,25.0,0.5,984,4402.0
0.024,25.0,0.5,800,5840.0
0.015,23.0,0.49,814,4493.0
0.008,24.0,0.68,1144,4476.0
0.018,29.0,0.65,1009,5389.0
0.006,30.0,0.52,1022,5384.0
0.017,21.0,0.69,972,5507.0
0.011,22.0,0.57,1173,5452.0
0.027,29.0,0.6,825,5213.0
0.006,25.0,0.58,946,4612.0
0.021,29.0,0.44,1109,4762.0
0.016,30.0,0.59,863,4212.0
0.006,27.0,0.42,906,5876.0
0.006,30.0,0.68,1094,5338.0
0.015,24.0,0.52,1114,5890.0
0.022,24.0,0.43,1115,4067.0
0.019,27.0,0.49,888,5703.0
0.011,21.0,0.68,1167,4027.0
0.012,20.0,0.52,814,5345.0
0.019,22.0,0.57,911,4109.0
0.025,25.0,0.66,882,5216.0
0.017,23.0,0.49,904,5277.0
0.008,30.0,0.43,809,5831.0
0.028,30.0,0.6,903,5952.0
0.015,20.0,0.66,910,5526.0
0.029,20.0,0.49,1176,5893.0
0.019,28.0,0.69,1011,4772.0
0.012,27.0,0.54,952,4714.0
0.026,25.0,0.54,1054,5062.0
0.011,26.0,0.53,888,5884.0
0.014,21.0,0.55,877,5737.0
0.028,26.0,0.44,812,5360.0
0.026,20.0,0.41,1088,5665.0
0.017,22.0,0.53,983,5840.0
0.02,30.0,0.66,1070,4632.0
0.014,21.0,0.57,1045,5737.0
0.01,20.0,0.64,899,4861.0
0.012,25.0,0.45,1005,5228.0
0.017,21.0,0.68,858,5367.0
0.008,24.0,0.44,1033,4538.0
0.021,26.0,0.49,1083,5340.0
0.013,23.0,0.52,903,5143.0
0.017,21.0,0.68,954,5609.0
0.017,26.0,0.64,1023,4154.0
0.007,27.0,0.53,1080,5880.0
0.022,26.0,0.61,984,5138.0
0.019,27.0,0.42,949,4248.0
0.015,28.0,0.57,1157,4035.0
0.025,22.0,0.5,855,4141.0
0.028,20.0,0.46,879,5944.0
0.012,28.0,0.41,1144,5647.0
0.02,23.0,0.57,1125,5643.0
0.02,29.0,0.67,1023,5645.0
0.018,27.0,0.4,1050,5154.0
0.014,25.0,0.48,828,4545.0
0.021,24.0,0.59,925,4397.0
0.017,26.0,0.5,956,5436.0
0.006,29.0,0.46,965,4418.0
0.009,24.0,0.63,1119,4621.0
0.005,25.0,0.42,1195,5921.0
0.016,29.0,0.63,924,4573.0
0.022,25.0,0.66,927,4498.0
0.007,22.0,0.43,812,5896.0
0.023,23.0,0.42,1066,5619.0
0.017,30.0,0.52,1175,5939.0
0.023,22.0,0.68,844,5065.0
0.009,30.0,0.55,987,5489.0
0.012,23.0,0.53,843,5056.0
0.017,22.0,0.45,811,5890.0
0.011,29.0,0.44,1115,4264.0
0.011,29.0,0.54,841,5937.0
0.012,26.0,0.4,909,4719.0
0.018,23.0,0.58,954,5339.0
0.012,26.0,0.47,978,4743.0
0.017,20.0,0.5,869,5203.0
0.025,27.0,0.64,854,4343.0
0.029,22.0,0.69,1012,4657.0
0.01,25.0,0.44,810,4321.0
0.023,26.0,0.57,866,5894.0
0.008,21.0,0.57,907,4938.0
0.006,27.0,0.43,906,4744.0
0.013,23.0,0.69,955,5102.0
0.022,21.0,0.57,1177,5657.0
0.008,23.0,0.55,1036,5807.0
0.008,23.0,0.59,889,4506.0
0.022,22.0,0.62,1127,5986.0
0.028,26.0,0.64,910,5048.0
0.006,28.0,0.62,1014,5710.0
0.024,28.0,0.51,978,4299.0
0.007,28.0,0.45,1075,5781.0
0.022,26.0,0.67,939,5618.0
0.015,20.0,0.62,895,4654.0
0.019,29.0,0.6,872,5692.0
0.016,26.0,0.7,928,5234.0
0.018,26.0,0.63,1165,5605.0
0.007,23.0,0.46,1188,4413.0
0.012,27.0,0.5,1086,5597.0
0.03,26.0,0.55,982,4386.0
0.006,20.0,0.52,1021,4433.0
0.015,21.0,0.49,912,5240.0
0.026,24.0,0.48,900,4221.0
0.013,28.0,0.55,1140,5610.0
0.022,20.0,0.43,852,4765.0
0.027,27.0,0.43,955,5285.0
0.027,24.0,0.62,809,5233.0
0.011,28.0,0.43,1079,5111.0
0.012,23.0,0.69,821,5694.0
0.028,21.0,0.62,913,4746.0
0.008,25.0,0.63,1024,4148.0
0.017,25.0,0.54,921,5922.0
0.01,25.0,0.6,949,4417.0
0.007,24.0,0.66,928,4995.0
0.029,28.0,0.66,989,4083.0
0.022,20.0,0.58,807,5840.0
0.018,23.0,0.4,886,4747.0
0.014,21.0,0.5,963,5027.0
0.014,24.0,0.46,1172,4306.0
0.015,24.0,0.53,873,5285.0
0.03,30.0,0.65,848,5485.0
0.022,21.0,0.67,1017,5544.0
0.011,28.0,0.41,876,4026.0
0.029,21.0,0.42,1091,4503.0
0.013,25.0,0.6,827,4547.0
0.009,29.0,0.58,968,4407.0
0.017,22.0,0.63,1176,4346.0
0.009,27.0,0.46,1014,4946.0
0.021,30.0,0.43,1088,4276.0
0.02,24.0,0.63,1003,4094.0
0.012,29.0,0.59,999,4731.0
0.016,22.0,0.55,986,5136.0
0.015,26.0,0.6,1175,5822.0
0.028,29.0,0.42,834,5776.0
0.024,22.0,0.65,1003,4962.0
0.015,30.0,0.65,1137,4435.0
0.023,29.0,0.6,1161,4722.0
0.006,21.0,0.52,890,4443.0
0.023,26.0,0.45,1017,5173.0
0.02,27.0,0.65,1153,4109.0
0.026,25.0,0.57,1014,5851.0
0.027,20.0,0.41,1008,5416.0
0.026,22.0,0.69,1072,5515.0
0.021,27.0,0.66,861,5899.0
0.01,20.0,0.58,1175,5959.0
0.007,23.0,0.63,841,5500.0
0.019,26.0,0.64,898,5610.0
0.021,25.0,0.46,1034,5343.0
0.021,30.0,0.49,964,5168.0
0.024,20.0,0.6,926,5954.0
0.023,27.0,0.65,990,4428.0
0.03,27.0,0.5,1041,5520.0
0.024,23.0,0.51,999,4149.0
0.028,25.0,0.51,849,5832.0
0.02,23.0,0.41,933,4391.0
0.005,22.0,0.61,1000,4066.0
0.012,28.0,0.63,1068,5883.0
0.027,25.0,0.64,825,4164.0
0.022,21.0,0.57,1109,5012.0
0.011,28.0,0.4,1174,4262.0
0.005,22.0,0.42,1063,4496.0
0.009,24.0,0.64,838,5212.0
0.029,27.0,0.66,950,4937.0
0.029,22.0,0.68,1194,4825.0
0.005,27.0,0.51,850,4404.0
0.02,25.0,0.7,874,5432.0
0.03,21.0,0.4,932,4050.0
0.014,25.0,0.5,1016,4099.0
0.024,20.0,0.41,917,4030.0
0.013,23.0,0.61,1068,5542.0
0.028,25.0,0.41,1105,4886.0
0.03,30.0,0.53,1186,5409.0
0.014,26.0,0.63,1047,4012.0
0.029,22.0,0.67,903,4636.0
0.02,24.0,0.49,824,4037.0
0.028,27.0,0.46,1138,4139.0
0.02,28.0,0.49,834,5883.0
0.009,23.0,0.55,1141,5327.0
0.016,23.0,0.62,894,4717.0
0.015,25.0,0.69,1134,4827.0
0.026,21.0,0.69,929,5342.0
0.024,24.0,0.53,890,5096.0
0.021,28.0,0.43,835,4460.0
0.026,30.0,0.45,995,5301.0
0.027,23.0,0.7,1156,5918.0
0.007,21.0,0.42,810,5482.0
0.016,25.0,0.43,1198,4544.0
0.022,29.0,0.58,988,4712.0
0.026,24.0,0.64,888,4844.0
0.029,20.0,0.66,1102,4108.0
0.024,22.0,0.49,928,4261.0
0.008,24.0,0.63,916,4906.0
0.026,23.0,0.63,1151,4322.0
0.023,22.0,0.6,918,4691.0
0.016,22.0,0.49,1141,5742.0
0.008,25.0,0.46,1183,5985.0
0.009,21.0,0.48,989,5032.0
0.017,27.0,0.46,825,4947.0
0.015,30.0,0.43,858,4737.0
0.027,29.0,0.47,830,5468.0
0.024,24.0,0.57,909,5856.0
0.005,25.0,0.59,852,5647.0
0.019,22.0,0.67,1113,4929.0
0.027,21.0,0.4,1013,5891.0
0.015,28.0,0.64,1106,5727.0
0.025,24.0,0.47,1095,5798.0
0.009,26.0,0.51,1058,4455.0
0.022,24.0,0.7,1162,5658.0
0.006,22.0,0.5,917,4697.0
0.016,27.0,0.67,1050,4312.0
0.023,29.0,0.6,1113,5089.0
0.016,25.0,0.42,1006,4266.0
0.023,24.0,0.48,1023,5623.0
0.022,25.0,0.57,1171,4623.0
0.026,20.0,0.56,864,5334.0
0.027,22.0,0.57,1172,5966.0
0.029,25.0,0.57,1161,4332.0
0.017,23.0,0.67,976,4133.0
0.008,22.0,0.47,1095,4580.0
0.027,26.0,0.64,1125,4908.0
0.017,27.0,0.63,967,5119.0
0.017,28.0,0.42,949,5359.0
0.005,27.0,0.48,966,5710.0
0.007,25.0,0.69,872,4811.0
0.022,25.0,0.4,1151,4903.0
0.02,24.0,0.64,860,4728.0
0.005,24.0,0.62,909,4846.0
0.028,24.0,0.69,1035,4909.0
0.021,27.0,0.7,1178,5781.0
0.026,21.0,0.65,919,5673.0
0.014,24.0,0.61,844,4174.0
0.027,26.0,0.41,883,4616.0
0.025,20.0,0.41,1001,4137.0
0.015,27.0,0.55,995,5748.0
0.02,22.0,0.68,967,4075.0
0.008,23.0,0.52,939,4844.0
0.011,27.0,0.49,1067,5037.0
0.028,28.0,0.45,1057,4598.0
0.019,27.0,0.7,920,4324.0
0.019,21.0,0.51,990,5894.0
0.011,28.0,0.48,848,4250.0
0.007,24.0,0.53,1175,5457.0
0.006,23.0,0.64,1019,4860.0
0.008,30.0,0.54,1063,5860.0
0.029,21.0,0.53,1106,4221.0
0.02,29.0,0.45,1140,4071.0
0.012,30.0,0.43,1001,5508.0
0.016,26.0,0.47,1079,5224.0
0.026,22.0,0.59,816,4991.0
0.022,20.0,0.54,1002,5837.0
0.028,22.0,0.5,994,5154.0
0.009,20.0,0.41,1091,5966.0
0.024,23.0,0.6,1142,5876.0
0.016,29.0,0.61,827,4465.0
0.008,21.0,0.53,933,5862.0
0.029,20.0,0.51,1049,4457.0
0.026,29.0,0.69,1190,4889.0
0.018,21.0,0.46,1159,5287.0
0.025,25.0,0.68,1007,5904.0
0.013,25.0,0.52,981,5897.0
0.03,20.0,0.54,1017,5199.0
0.009,25.0,0.6,1181,5246.0
0.008,26.0,0.54,1128,5494.0
0.029,25.0,0.69,1087,5332.0
0.02,22.0,0.7,845,4453.0
0.018,27.0,0.44,990,5142.0
0.009,30.0,0.62,1138,4412.0
0.024,30.0,0.57,1191,4180.0
0.022,28.0,0.45,951,5924.0
0.019,28.0,0.44,1147,4207.0
0.014,21.0,0.55,1180,5438.0
0.023,25.0,0.54,884,5429.0
0.009,30.0,0.52,1088,4373.0
0.016,28.0,0.57,907,5130.0
0.01,24.0,0.42,1097,5944.0
0.017,22.0,0.44,979,5738.0
0.019,21.0,0.61,993,4959.0
0.011,21.0,0.67,812,4284.0
0.029,26.0,0.58,1130,5039.0
0.009,24.0,0.65,1038,4254.0
0.027,21.0,0.45,1066,4324.0
0.028,27.0,0.68,1053,5124.0
0.012,28.0,0.4,1026,4035.0
0.008,22.0,0.48,1061,5717.0
0.021,21.0,0.6,1072,4113.0
0.03,22.0,0.47,858,5452.0
0.015,23.0,0.4,982,4251.0
0.015,21.0,0.47,881,5278.0
0.016,21.0,0.5,888,5508.0
0.02,28.0,0.53,1153,4826.0
0.016,27.0,0.65,851,5436.0
0.011,29.0,0.6,850,5863.0
0.021,29.0,0.64,1124,5256.0
0.014,29.0,0.47,865,5037.0
0.012,27.0,0.48,1124,5200.0
0.012,24.0,0.56,861,5836.0
0.018,30.0,0.45,916,5697.0
0.025,27.0,0.67,1122,4555.0
0.016,20.0,0.47,1167,5531.0
0.022,21.0,0.63,827,4560.0
0.011,25.0,0.51,1188,4483.0
0.01,20.0,0.47,947,5982.0
0.014,29.0,0.7,966,4306.0
0.016,26.0,0.59,1096,4926.0
0.009,29.0,0.6,1064,4993.0
0.029,25.0,0.68,825,4206.0
0.01,21.0,0.59,1043,5196.0
0.009,29.0,0.63,822,4372.0
0.007,25.0,0.41,981,4607.0
0.007,24.0,0.57,1146,5667.0
0.025,23.0,0.5,1088,5377.0
0.018,24.0,0.59,969,4253.0
0.007,26.0,0.44,1156,4323.0
0.013,27.0,0.42,1020,4871.0
0.023,22.0,0.68,828,4659.0
0.006,30.0,0.6,1054,5958.0
0.028,21.0,0.68,1032,4492.0
0.014,21.0,0.47,1170,4016.0
0.02,21.0,0.45,872,5597.0
0.009,30.0,0.51,1119,5507.0
0.018,28.0,0.69,1153,5649.0
0.007,30.0,0.43,910,5174.0
0.021,22.0,0.65,1177,5276.0
0.015,26.0,0.44,1177,5901.0
0.009,29.0,0.68,1177,4267.0
0.013,24.0,0.54,1149,5971.0
0.024,21.0,0.65,969,5770.0
0.006,24.0,0.67,1064,5985.0
0.028,29.0,0.48,861,4624.0
0.005,24.0,0.49,1133,5561.0
0.012,22.0,0.4,940,4197.0
0.019,28.0,0.65,831,4657.0
0.014,20.0,0.63,861,5312.0
0.014,27.0,0.6,1000,4190.0
0.014,30.0,0.58,1051,4028.0
0.018,21.0,0.67,1076,5509.0
0.015,20.0,0.52,964,5116.0
0.023,27.0,0.59,960,5683.0
0.02,27.0,0.7,1000,5969.0
0.008,24.0,0.43,993,5141.0
0.018,25.0,0.68,888,5537.0
0.018,22.0,0.65,1070,4106.0
0.019,29.0,0.46,1120,5774.0
0.011,22.0,0.46,1113,5947.0
0.021,21.0,0.68,1093,4612.0
0.005,24.0,0.4,886,5417.0
0.016,22.0,0.66,963,5630.0
0.016,22.0,0.57,1176,5789.0
0.02,29.0,0.44,1013,5418.0
0.008,20.0,0.44,1192,5708.0
0.012,26.0,0.61,1102,5138.0
0.02,25.0,0.69,1130,4176.0
0.018,21.0,0.46,932,4840.0
0.014,24.0,0.56,910,5345.0
0.005,21.0,0.6,880,4624.0
0.028,23.0,0.69,843,4800.0
0.017,29.0,0.52,989,4902.0
0.009,29.0,0.45,982,5375.0
0.006,30.0,0.51,884,5229.0
0.015,21.0,0.4,1039,4861.0
0.029,23.0,0.45,906,5327.0
0.014,22.0,0.64,1078,4288.0
0.006,21.0,0.42,934,4212.0
0.017,25.0,0.63,840,5072.0
0.008,27.0,0.59,984,4657.0
0.008,22.0,0.45,849,5321.0
0.009,20.0,0.42,807,4375.0
0.024,27.0,0.51,875,5294.0
0.009,26.0,0.65,1044,5828.0
0.015,29.0,0.46,1103,4044.0
0.027,27.0,0.69,1031,5158.0
0.026,25.0,0.54,1197,4748.0
0.027,27.0,0.45,1192,4391.0
0.008,21.0,0.59,917,4508.0
0.029,20.0,0.4,836,5863.0
0.027,29.0,0.42,1060,4007.0
0.018,24.0,0.63,1176,4325.0
0.03,30.0,0.5,881,5352.0
0.024,24.0,0.59,1053,5669.0
0.023,30.0,0.51,897,4940.0
0.017,22.0,0.62,893,5034.0
0.016,21.0,0.67,1080,4950.0
0.029,22.0,0.69,1077,4588.0
0.027,20.0,0.4,997,5179.0
0.01,27.0,0.58,940,4565.0
0.007,21.0,0.63,841,4878.0
0.03,29.0,0.43,896,5325.0
0.01,22.0,0.47,1026,5853.0
0.005,24.0,0.45,990,4471.0
0.03,20.0,0.61,1103,4542.0
0.007,25.0,0.51,869,5474.0
0.026,25.0,0.42,867,5296.0
0.021,29.0,0.52,1192,4969.0
0.021,29.0,0.47,1131,4430.0
0.014,28.0,0.48,854,5321.0
0.022,25.0,0.7,1095,5576.0
0.012,22.0,0.59,875,5030.0
0.025,29.0,0.53,1112,4646.0
0.006,25.0,0.5,829,4753.0
0.006,25.0,0.57,971,5698.0
0.005,24.0,0.56,1097,5506.0
0.019,22.0,0.66,976,5010.0
0.028,28.0,0.5,928,5518.0
0.019,22.0,0.47,928,4760.0
0.021,22.0,0.47,1155,5521.0
0.027,26.0,0.57,816,5421.0
0.008,29.0,0.54,1182,4511.0
0.015,21.0,0.42,958,4487.0
0.023,25.0,0.57,958,4345.0
0.017,26.0,0.51,1050,4934.0
0.007,29.0,0.48,833,5489.0
0.015,20.0,0.53,980,4409.0
0.025,25.0,0.53,1140,4046.0
0.018,26.0,0.57,1139,4054.0
0.03,28.0,0.57,838,5036.0
0.03,27.0,0.4,947,4305.0
0.007,26.0,0.65,989,4429.0
0.016,25.0,0.47,964,4108.0
0.021,28.0,0.5,1076,5657.0
0.028,30.0,0.58,807,5416.0
0.029,30.0,0.5,1150,4101.0
0.014,30.0,0.52,948,5437.0
0.006,24.0,0.49,869,4150.0
0.027,28.0,0.51,994,5622.0
0.024,26.0,0.59,1096,4411.0
0.018,30.0,0.61,893,4497.0
0.029,24.0,0.56,1012,5730.0
0.021,22.0,0.52,1086,5753.0
0.022,25.0,0.65,1190,5019.0
0.025,27.0,0.41,1112,5038.0
0.01,30.0,0.47,844,5787.0
0.022,28.0,0.44,1079,5330.0
0.024,28.0,0.63,948,4931.0
0.007,30.0,0.6,877,5053.0
0.024,28.0,0.63,1009,4303.0
0.013,25.0,0.63,824,4184.0
0.019,22.0,0.69,991,4305.0
0.027,22.0,0.51,1001,5154.0
0.021,30.0,0.55,983,5442.0
0.01,22.0,0.54,1020,4927.0
0.006,29.0,0.65,1009,4074.0
0.028,20.0,0.49,881,5219.0
0.026,24.0,0.63,920,5390.0
0.012,28.0,0.48,819,4998.0
0.013,20.0,0.49,1142,5917.0
0.025,29.0,0.69,1196,5133.0
0.018,25.0,0.53,865,4056.0
0.023,25.0,0.45,887,5755.0
0.008,20.0,0.64,1070,5273.0
0.024,30.0,0.65,1142,4865.0
0.006,29.0,0.48,858,5671.0
0.011,27.0,0.56,1051,4435.0
0.028,29.0,0.63,1059,5227.0
0.019,26.0,0.61,803,5501.0
0.025,20.0,0.4,889,4735.0
0.015,27.0,0.66,1102,5677.0
0.01,29.0,0.51,1172,5654.0
0.02,20.0,0.63,920,5587.0
0.006,29.0,0.63,902,4120.0
0.027,24.0,0.6,1008,5117.0
0.017,24.0,0.66,1034,5412.0
0.019,28.0,0.58,961,5802.0
0.026,29.0,0.58,967,5534.0
0.008,28.0,0.65,1121,5165.0
0.012,22.0,0.7,1025,5940.0
0.019,21.0,0.65,951,4373.0
0.022,23.0,0.7,1157,5221.0
0.019,20.0,0.47,1106,5383.0
0.018,26.0,0.54,810,4569.0
0.025,23.0,0.49,965,4521.0
0.009,20.0,0.47,812,5279.0
0.025,28.0,0.42,925,4891.0
0.013,24.0,0.68,1074,5558.0
0.027,25.0,0.7,930,5820.0
0.011,25.0,0.59,1034,4151.0
0.013,22.0,0.41,1076,4446.0
0.022,20.0,0.4,830,5409.0
0.015,27.0,0.45,898,4834.0
0.028,21.0,0.45,991,4015.0
0.019,24.0,0.44,1179,5094.0
0.019,24.0,0.53,874,4320.0
0.005,20.0,0.53,879,4124.0
0.022,25.0,0.44,971,4266.0
0.018,28.0,0.45,898,5890.0
0.011,29.0,0.41,845,5997.0
0.017,30.0,0.45,1005,5328.0
0.005,30.0,0.63,1045,5184.0
0.012,24.0,0.53,976,5102.0
0.005,30.0,0.48,1002,4667.0
0.02,23.0,0.41,1123,5360.0
0.026,25.0,0.69,886,5953.0
0.025,29.0,0.61,1176,4351.0
0.026,30.0,0.43,1080,5428.0
0.022,29.0,0.68,839,4051.0
0.015,21.0,0.69,815,4233.0
0.021,21.0,0.7,947,5261.0
0.012,30.0,0.58,951,5955.0
0.013,27.0,0.49,1113,4848.0
0.007,23.0,0.65,892,5095.0
0.012,26.0,0.44,807,5331.0
0.016,30.0,0.46,920,5504.0
0.018,26.0,0.66,1150,4883.0
0.027,24.0,0.68,1000,5282.0
0.022,25.0,0.56,801,4767.0
0.009,27.0,0.68,1158,4735.0
0.028,30.0,0.45,930,5441.0
0.02,20.0,0.44,940,4289.0
0.008,23.0,0.48,979,5556.0
0.016,22.0,0.5,914,5221.0
0.023,20.0,0.4,1113,4349.0
0.022,29.0,0.45,833,5112.0
0.013,26.0,0.67,1196,5756.0
0.01,26.0,0.42,1147,5911.0
0.01,20.0,0.51,1078,4517.0
0.021,29.0,0.65,880,4815.0
0.017,27.0,0.45,825,4072.0
0.015,28.0,0.45,1157,4468.0
0.024,28.0,0.57,912,4535.0
0.015,29.0,0.68,1197,5019.0
0.007,26.0,0.65,802,4997.0
0.009,24.0,0.54,1102,5812.0
0.008,24.0,0.45,934,4927.0
0.024,23.0,0.47,1147,5847.0
0.008,24.0,0.64,905,4815.0
0.016,30.0,0.65,1051,4269.0
0.012,24.0,0.4,1065,5098.0
0.012,26.0,0.66,897,4006.0
0.023,25.0,0.7,804,4715.0
0.022,20.0,0.6,976,5391.0
0.023,25.0,0.67,1047,4909.0
0.011,23.0,0.7,802,4994.0
0.015,30.0,0.68,1064,4061.0
0.028,27.0,0.41,1024,5339.0
0.024,30.0,0.61,956,4640.0
0.025,20.0,0.51,1085,5644.0
0.029,29.0,0.41,835,4236.0
0.026,30.0,0.6,926,5775.0
0.025,26.0,0.6,963,4303.0
0.007,23.0,0.45,815,5776.0
0.006,21.0,0.54,1062,5343.0
0.011,26.0,0.58,1125,5563.0
0.016,21.0,0.56,1082,4451.0
0.009,22.0,0.64,989,4618.0
0.017,29.0,0.49,960,4766.0
0.02,26.0,0.49,1062,5394.0
0.009,26.0,0.59,1115,5813.0
0.02,25.0,0.64,806,4760.0
0.019,29.0,0.56,1054,4010.0
0.024,22.0,0.41,804,4216.0
0.006,23.0,0.41,990,5490.0
0.022,21.0,0.42,994,4257.0
0.023,25.0,0.66,962,5132.0
0.006,29.0,0.54,902,4997.0
0.017,24.0,0.4,990,4338.0
0.027,28.0,0.64,1194,5541.0
0.026,20.0,0.7,847,5017.0
0.011,22.0,0.53,1119,4840.0
0.024,22.0,0.4,1103,5263.0
0.009,27.0,0.69,1129,5117.0
0.017,29.0,0.54,1197,5827.0
0.017,23.0,0.65,913,5937.0
0.024,24.0,0.55,1085,5320.0
0.016,21.0,0.54,1126,5248.0
0.028,28.0,0.67,893,5940.0
0.011,29.0,0.65,1091,5148.0
0.028,25.0,0.58,1126,4716.0
0.009,22.0,0.57,883,4349.0
0.006,25.0,0.62,928,5450.0
0.024,21.0,0.55,1025,4436.0
0.022,22.0,0.41,1019,5480.0
0.017,30.0,0.47,1085,5712.0
0.009,30.0,0.61,1086,4451.0
0.008,29.0,0.45,931,4034.0
0.02,24.0,0.61,1039,5715.0
0.025,22.0,0.55,1040,5352.0
0.024,24.0,0.46,1021,5762.0
0.017,26.0,0.49,1083,4150.0
0.013,21.0,0.6,1062,5400.0
0.029,21.0,0.44,936,4862.0
0.014,24.0,0.55,1004,5849.0
0.03,22.0,0.57,1041,5371.0
0.018,22.0,0.57,837,5961.0
0.017,26.0,0.65,1172,4917.0
0.013,28.0,0.63,989,4037.0
0.007,30.0,0.56,1091,4977.0
0.015,23.0,0.51,1112,5741.0
0.02,30.0,0.57,839,5022.0
0.026,22.0,0.5,925,5474.0
0.017,29.0,0.52,906,5796.0
0.022,23.0,0.56,1021,4600.0
0.029,21.0,0.46,1097,5625.0
0.012,27.0,0.5,1058,4049.0
0.015,28.0,0.46,843,4703.0
0.012,24.0,0.4,1019,4587.0
0.021,22.0,0.59,964,5454.0
0.023,21.0,0.44,917,5216.0
0.016,30.0,0.49,930,5908.0
0.009,25.0,0.58,1142,4266.0
0.007,30.0,0.47,1034,5520.0
0.027,29.0,0.43,975,5631.0
0.017,25.0,0.6,813,4587.0
0.024,24.0,0.65,906,5031.0
0.023,25.0,0.53,949,5962.0
0.021,28.0,0.7,946,5563.0
0.029,25.0,0.46,973,5489.0
0.022,30.0,0.64,813,4717.0
0.028,28.0,0.48,934,5322.0
0.013,23.0,0.56,1194,4820.0
0.025,21.0,0.58,843,5318.0
0.012,20.0,0.62,844,4587.0
0.011,27.0,0.43,833,4470.0
0.028,22.0,0.62,899,5751.0
0.006,22.0,0.53,848,4705.0
0.012,21.0,0.55,988,4502.0
0.023,27.0,0.45,1050,5392.0
0.006,26.0,0.54,1132,5872.0
0.016,24.0,0.41,1017,4647.0
0.012,29.0,0.61,983,4372.0
0.015,24.0,0.48,1172,5101.0
0.025,25.0,0.61,807,4377.0
0.014,25.0,0.52,832,4175.0
0.029,28.0,0.69,1163,5599.0
0.006,20.0,0.64,1101,5622.0
0.019,30.0,0.44,979,5125.0
0.024,21.0,0.56,960,4862.0
0.017,24.0,0.65,881,5611.0
0.023,20.0,0.59,984,5022.0
0.01,24.0,0.54,1129,4422.0
0.006,27.0,0.65,988,4344.0
0.016,26.0,0.59,910,4182.0
0.02,30.0,0.6,885,5905.0
0.009,23.0,0.69,918,5240.0
0.01,30.0,0.69,1088,4542.0
0.025,29.0,0.59,1096,5613.0
0.006,22.0,0.49,1081,5869.0
0.018,25.0,0.51,806,5784.0
0.022,28.0,0.64,800,5269.0
0.012,26.0,0.7,1012,5759.0
0.009,27.0,0.59,852,4569.0
0.024,26.0,0.65,883,4263.0
0.028,22.0,0.57,817,5873.0
0.029,23.0,0.57,835,5565.0
0.028,29.0,0.7,1103,4094.0
0.008,23.0,0.65,959,4450.0
0.023,30.0,0.5,1140,5761.0
0.018,29.0,0.69,1039,5909.0
0.029,23.0,0.45,1143,4594.0
0.02,26.0,0.4,1094,4930.0
0.017,20.0,0.45,988,4293.0
0.014,25.0,0.57,1150,5793.0
0.009,29.0,0.48,953,4716.0
0.01,29.0,0.58,1194,4622.0
0.026,29.0,0.49,829,4621.0
0.02,26.0,0.62,994,5014.0
0.008,30.0,0.59,1007,5317.0
0.008,26.0,0.45,1015,5626.0
0.017,29.0,0.55,849,5792.0
0.012,23.0,0.54,954,4349.0
0.024,24.0,0.64,1169,4218.0
0.025,22.0,0.6,1061,4492.0
0.011,23.0,0.4,1169,5712.0
0.009,23.0,0.55,899,4744.0
0.009,23.0,0.41,1151,5478.0
0.015,20.0,0.62,1138,5790.0
0.025,21.0,0.51,1052,5990.0
0.022,26.0,0.55,1172,5959.0
0.012,24.0,0.54,996,5146.0
0.028,29.0,0.68,959,4907.0
0.025,28.0,0.44,806,5501.0
0.01,24.0,0.42,929,4902.0
0.018,26.0,0.66,915,4859.0
0.015,21.0,0.42,1156,5532.0
0.022,28.0,0.67,940,5393.0
0.02,27.0,0.5,872,5072.0
0.022,24.0,0.6,1164,4276.0
0.019,20.0,0.61,928,4538.0
0.016,25.0,0.47,987,5069.0
0.026,29.0,0.46,814,4514.0
0.006,22.0,0.51,1054,5642.0
0.019,27.0,0.54,850,5071.0
0.022,22.0,0.61,817,5393.0
0.019,20.0,0.48,1105,5288.0
0.025,22.0,0.5,828,5505.0
0.022,25.0,0.49,1020,4690.0
0.019,21.0,0.68,932,5103.0
0.007,20.0,0.52,894,5009.0
0.009,30.0,0.47,975,5267.0
0.028,23.0,0.59,907,4198.0
0.027,28.0,0.49,946,4852.0
0.01,29.0,0.69,894,5200.0
0.008,29.0,0.57,985,4485.0
0.008,29.0,0.53,980,5567.0
0.014,22.0,0.58,859,5941.0
0.013,23.0,0.7,1069,4140.0
0.01,26.0,0.69,1141,4759.0
0.014,27.0,0.43,814,5304.0
0.026,28.0,0.67,1010,5685.0
0.013,26.0,0.43,1047,4986.0
0.027,28.0,0.58,1096,5802.0
0.006,24.0,0.47,864,4023.0
0.007,21.0,0.63,915,4905.0
0.01,25.0,0.54,1064,4778.0
0.025,24.0,0.51,1086,4254.0
0.017,25.0,0.44,1157,4330.0
0.008,22.0,0.57,907,5362.0
0.03,30.0,0.5,827,4780.0
0.026,22.0,0.51,1038,4745.0
0.005,28.0,0.5,915,5973.0
0.013,28.0,0.4,1138,4835.0
0.019,25.0,0.49,870,4494.0
0.02,24.0,0.68,873,4824.0
0.006,22.0,0.67,1135,4609.0
0.016,30.0,0.58,1168,5928.0
0.026,28.0,0.57,1123,5047.0
0.007,26.0,0.49,1049,4929.0
0.013,21.0,0.67,1134,4146.0
0.027,29.0,0.5,939,5984.0
0.006,28.0,0.54,872,4467.0
0.027,22.0,0.47,1046,5555.0
0.015,27.0,0.62,979,4586.0
0.006,27.0,0.68,1004,4608.0
0.02,21.0,0.46,812,4220.0
0.008,24.0,0.6,1070,4469.0
0.027,30.0,0.44,1054,5640.0
0.01,27.0,0.49,1100,5363.0
0.015,30.0,0.59,889,5738.0
0.017,22.0,0.62,908,4935.0
0.022,30.0,0.62,1023,5971.0
0.026,21.0,0.52,962,4979.0
0.027,23.0,0.61,1037,5726.0
0.028,24.0,0.43,1107,4024.0
0.017,28.0,0.7,887,5347.0
0.028,26.0,0.45,1028,5640.0
0.025,24.0,0.47,1010,5447.0
0.017,25.0,0.58,1150,5136.0
0.017,23.0,0.69,840,5014.0
0.011,24.0,0.47,1094,5366.0
0.027,29.0,0.54,1110,4319.0
0.016,26.0,0.61,1176,4178.0
0.016,25.0,0.68,1131,5478.0
0.005,25.0,0.63,975,4755.0
0.007,28.0,0.55,1163,4739.0
0.019,22.0,0.6,1144,5961.0
0.013,26.0,0.49,951,5550.0
0.027,25.0,0.65,977,5135.0
0.012,30.0,0.43,1121,4430.0
0.026,25.0,0.45,985,5809.0
0.006,26.0,0.45,909,4040.0
0.027,23.0,0.61,999,4149.0
0.015,20.0,0.56,844,5516.0
0.019,27.0,0.6,982,5449.0
0.012,22.0,0.69,824,5801.0
0.007,23.0,0.4,1128,5084.0
0.011,25.0,0.53,1138,4592.0
0.007,25.0,0.48,866,4159.0
0.022,21.0,0.65,1129,5334.0
0.016,26.0,0.67,800,5544.0
0.024,24.0,0.57,932,5026.0
0.006,21.0,0.57,929,4592.0
0.019,26.0,0.48,1048,4648.0
0.007,24.0,0.62,1151,4012.0
0.018,22.0,0.61,890,4687.0
0.027,24.0,0.42,830,5811.0
0.016,29.0,0.48,935,4370.0
0.009,26.0,0.68,1140,5871.0
0.029,26.0,0.67,1040,5910.0
0.017,22.0,0.67,890,4232.0
0.01,30.0,0.4,1136,4315.0
0.008,29.0,0.58,1193,5221.0
0.005,20.0,0.63,907,5921.0
0.005,21.0,0.64,871,5868.0
0.011,24.0,0.44,1046,4489.0
0.029,21.0,0.44,1034,4269.0
0.011,28.0,0.55,936,4469.0
0.026,27.0,0.58,1068,5290.0
0.026,25.0,0.61,1186,4977.0
0.019,29.0,0.52,810,5070.0
0.006,27.0,0.41,1170,5552.0
0.026,28.0,0.52,831,5989.0
0.027,30.0,0.69,1191,4994.0
0.006,22.0,0.63,1048,4702.0
0.011,30.0,0.47,1131,4202.0
0.02,29.0,0.4,919,4672.0
0.028,24.0,0.66,822,5501.0
0.01,21.0,0.47,817,5982.0
0.024,22.0,0.7,1029,4691.0
0.016,26.0,0.42,1131,4763.0
0.026,21.0,0.42,1138,5164.0
0.005,26.0,0.54,1200,4910.0
0.006,30.0,0.58,1100,5506.0
0.011,20.0,0.58,1054,5064.0
0.017,30.0,0.59,1043,5160.0
0.025,20.0,0.65,1178,4571.0
0.006,20.0,0.42,994,5140.0
0.02,21.0,0.51,1079,5404.0
0.03,26.0,0.58,1067,5132.0
0.012,27.0,0.62,1035,5682.0
0.009,22.0,0.63,832,4118.0
0.005,29.0,0.54,950,5955.0
0.021,20.0,0.61,1200,5000.0
0.028,30.0,0.58,1045,4136.0
0.03,25.0,0.69,967,5088.0
0.028,20.0,0.57,1169,5241.0
0.016,30.0,0.65,1038,4634.0
0.013,27.0,0.51,928,5367.0
0.016,26.0,0.52,958,5271.0
0.025,20.0,0.66,1174,5280.0
0.021,25.0,0.52,858,4708.0
0.018,30.0,0.67,1063,4870.0
0.021,25.0,0.52,1182,4374.0
0.029,28.0,0.4,1022,5301.0
0.015,26.0,0.41,1087,5480.0
0.028,22.0,0.59,905,5590.0
0.027,30.0,0.5,1006,4988.0
0.023,23.0,0.67,1114,5004.0
0.023,26.0,0.66,1197,5627.0
0.03,29.0,0.62,1004,4043.0
0.029,29.0,0.45,1031,5200.0
0.007,20.0,0.6,835,5408.0
0.011,27.0,0.47,1041,4273.0
0.016,25.0,0.44,1017,5032.0
0.022,21.0,0.63,1198,4291.0
0.009,26.0,0.61,1096,5302.0
0.025,26.0,0.53,1195,5466.0
0.009,28.0,0.6,1087,5387.0
0.019,22.0,0.47,1126,5285.0
0.027,22.0,0.46,1033,4187.0
0.012,27.0,0.4,903,4014.0
0.014,23.0,0.57,1123,5227.0
0.012,25.0,0.66,935,5190.0
0.009,20.0,0.65,1139,4743.0
0.009,21.0,0.61,1183,4506.0
0.026,21.0,0.5,911,5090.0
0.025,24.0,0.43,837,5364.0
0.018,23.0,0.49,932,5573.0
0.024,21.0,0.55,930,5305.0
0.027,20.0,0.64,844,4081.0
0.018,27.0,0.43,993,4350.0
0.013,30.0,0.45,853,4727.0
0.028,27.0,0.53,984,4703.0
0.015,21.0,0.45,1035,5089.0
0.017,29.0,0.53,1113,4978.0
0.022,28.0,0.61,1046,5970.0
0.01,28.0,0.41,1156,5051.0
0.013,27.0,0.65,1039,5908.0
0.026,22.0,0.47,1077,4751.0
0.016,27.0,0.44,998,5945.0
0.012,30.0,0.57,877,4918.0
0.019,24.0,0.43,823,4122.0
0.028,26.0,0.69,1047,5536.0
0.012,28.0,0.45,906,5183.0
0.022,25.0,0.67,1079,5165.0
0.011,21.0,0.49,1171,4417.0
0.027,25.0,0.53,971,4435.0
0.014,21.0,0.68,949,4928.0
0.02,25.0,0.59,1169,5530.0
0.03,26.0,0.53,1063,5071.0
0.007,30.0,0.41,991,4624.0
0.025,30.0,0.64,825,5966.0
0.025,25.0,0.63,916,4443.0
0.008,22.0,0.5,1126,4761.0
0.013,30.0,0.54,883,4111.0
0.029,22.0,0.54,1002,4898.0
0.028,20.0,0.66,858,4685.0
0.028,24.0,0.63,1162,4925.0
0.029,28.0,0.47,1111,4766.0
0.009,28.0,0.61,1089,4203.0
0.025,26.0,0.56,834,4080.0
0.01,25.0,0.6,829,5839.0
0.014,24.0,0.4,1067,5030.0
0.013,22.0,0.4,921,5323.0
0.023,20.0,0.45,804,5440.0
0.01,24.0,0.68,927,5351.0
0.011,26.0,0.47,956,4311.0
0.026,27.0,0.55,1102,4726.0
0.029,21.0,0.59,1019,4299.0
0.006,28.0,0.59,925,4814.0
0.012,26.0,0.7,1050,5441.0
0.005,30.0,0.68,1092,4178.0
0.021,22.0,0.56,810,5275.0
0.027,24.0,0.61,1023,5757.0
0.007,21.0,0.64,1123,5760.0
0.018,23.0,0.54,1101,4615.0
0.02,27.0,0.44,1096,4489.0
0.008,21.0,0.64,801,4534.0
0.026,20.0,0.7,1151,4527.0
0.021,30.0,0.45,1177,4400.0
0.018,26.0,0.54,1180,4871.0
0.02,28.0,0.64,1182,4881.0
0.024,23.0,0.6,1158,5388.0
0.005,24.0,0.56,1176,5539.0
0.013,25.0,0.64,977,5598.0
0.028,20.0,0.67,823,4372.0
0.009,25.0,0.46,871,4969.0
0.018,23.0,0.64,1174,4941.0
0.025,25.0,0.61,977,5407.0
0.027,20.0,0.5,1036,5640.0
0.027,22.0,0.54,807,5096.0
0.006,20.0,0.42,846,4931.0
0.019,30.0,0.63,1096,5973.0
0.015,23.0,0.59,1113,4605.0
0.023,20.0,0.44,897,4690.0
0.029,30.0,0.47,951,4257.0
0.023,23.0,0.67,1182,5575.0
0.022,26.0,0.45,860,5704.0
0.008,26.0,0.53,836,4870.0
0.011,29.0,0.48,1127,4670.0
0.016,30.0,0.57,943,4855.0
0.022,24.0,0.65,954,5443.0
0.023,28.0,0.64,1021,4848.0
0.013,23.0,0.48,865,5863.0
0.007,20.0,0.45,953,4539.0
0.021,30.0,0.59,1182,5030.0
0.015,23.0,0.7,1087,5664.0
0.028,22.0,0.41,955,5905.0
0.013,20.0,0.56,971,4128.0
0.01,30.0,0.57,870,4076.0
0.02,28.0,0.54,1168,5660.0
0.018,20.0,0.6,1131,5008.0
0.016,27.0,0.52,868,5726.0
0.02,26.0,0.57,1174,5877.0
0.023,23.0,0.4,1184,5143.0
0.019,25.0,0.43,949,5059.0
0.008,24.0,0.56,998,5648.0
0.016,27.0,0.68,870,4182.0
0.029,24.0,0.61,872,5964.0
0.007,30.0,0.46,917,4454.0
0.023,21.0,0.64,826,4707.0
0.016,22.0,0.66,995,4775.0
0.026,28.0,0.6,1172,5801.0
0.019,28.0,0.4,1017,4558.0
0.009,29.0,0.62,1083,4413.0
0.029,25.0,0.49,1006,4932.0
0.029,26.0,0.56,931,5683.0
0.01,21.0,0.43,856,5753.0
0.013,20.0,0.43,1125,4297.0
0.021,25.0,0.7,1176,5595.0
0.021,22.0,0.48,832,5968.0
0.024,29.0,0.42,984,4868.0
0.008,20.0,0.4,1076,5985.0
0.019,29.0,0.62,961,4595.0
0.01,26.0,0.65,1125,4143.0
0.024,22.0,0.49,1155,5973.0
0.014,30.0,0.68,1151,4797.0
0.01,27.0,0.61,1088,4694.0
0.022,24.0,0.59,1041,4028.0
0.017,20.0,0.59,1041,5976.0
0.02,23.0,0.66,938,4114.0
0.02,22.0,0.45,1005,4133.0
0.021,21.0,0.46,1088,5575.0
0.024,29.0,0.65,844,4000.0
0.012,29.0,0.4,1196,4581.0
0.015,29.0,0.52,937,5819.0
0.02,26.0,0.55,1051,4355.0
0.015,28.0,0.69,866,5456.0
0.011,26.0,0.48,1056,4991.0
0.008,20.0,0.54,1042,4081.0
0.021,30.0,0.58,926,5512.0
0.02,20.0,0.41,1182,5293.0
0.025,29.0,0.47,1170,5598.0
0.026,25.0,0.7,1010,5101.0
0.006,25.0,0.45,1071,5623.0
0.029,28.0,0.41,1167,5222.0
0.027,24.0,0.54,915,5892.0
0.029,22.0,0.48,960,4979.0
0.015,25.0,0.4,1127,4664.0
0.028,29.0,0.67,1053,4778.0
0.006,30.0,0.46,1162,4581.0
0.025,27.0,0.55,1015,5331.0
0.01,21.0,0.5,957,5801.0
0.006,23.0,0.7,1039,5604.0
0.03,21.0,0.43,971,5102.0
0.011,22.0,0.55,1125,5388.0
0.013,22.0,0.49,1142,4528.0
0.008,30.0,0.52,1105,5963.0
0.011,27.0,0.51,976,4824.0
0.021,29.0,0.55,1033,4279.0
0.011,30.0,0.46,898,5984.0
0.024,26.0,0.42,937,5406.0
0.011,21.0,0.52,918,5720.0
0.025,21.0,0.69,1128,4332.0
0.026,27.0,0.43,1194,4201.0
0.006,20.0,0.69,1003,4160.0
0.025,24.0,0.47,1055,5146.0
0.025,25.0,0.42,896,5759.0
0.009,24.0,0.58,840,5428.0
0.024,29.0,0.61,1164,4372.0
0.02,20.0,0.61,995,4785.0
0.029,23.0,0.64,1121,5470.0
0.021,24.0,0.4,1076,5615.0
0.005,27.0,0.64,814,5999.0
0.018,24.0,0.66,916,4298.0
0.024,23.0,0.54,1132,5970.0
0.011,25.0,0.68,846,4983.0
0.015,27.0,0.51,1097,5980.0
0.026,22.0,0.51,810,5436.0
0.009,29.0,0.62,1102,4015.0
0.007,24.0,0.67,1016,5702.0
0.024,28.0,0.53,1002,5164.0
0.029,22.0,0.54,899,5337.0
0.006,29.0,0.59,801,5279.0
0.028,22.0,0.53,956,4769.0
0.022,29.0,0.68,957,4162.0
0.005,29.0,0.65,1188,5127.0
0.028,22.0,0.4,1192,4034.0
0.014,22.0,0.52,1111,5270.0
0.028,22.0,0.52,1196,4862.0
0.012,20.0,0.69,852,5225.0
0.01,25.0,0.63,897,4345.0
0.026,28.0,0.5,867,4857.0
0.022,22.0,0.5,882,4234.0
0.018,27.0,0.61,826,5698.0
0.016,28.0,0.61,996,4805.0
0.027,30.0,0.6,903,4394.0
0.012,29.0,0.7,1081,4473.0
0.028,23.0,0.68,890,5206.0
0.014,26.0,0.48,965,5129.0
0.015,21.0,0.7,836,4189.0
0.012,20.0,0.67,1041,5927.0
0.009,23.0,0.64,1081,4586.0
0.014,27.0,0.59,967,5488.0
0.018,23.0,0.4,967,5662.0
0.026,27.0,0.53,1023,5348.0
0.025,25.0,0.6,1021,4579.0
0.013,27.0,0.58,1190,4236.0
0.026,27.0,0.56,972,5918.0
0.02,21.0,0.45,1097,4120.0
0.022,26.0,0.7,1007,5036.0
0.022,28.0,0.62,815,5547.0
0.03,26.0,0.48,883,4344.0
0.023,26.0,0.43,808,4954.0
0.007,25.0,0.66,978,4321.0
0.015,24.0,0.51,1043,5629.0
0.028,24.0,0.44,1045,5374.0
0.022,28.0,0.51,1087,4367.0
0.029,28.0,0.41,968,5431.0
0.006,28.0,0.47,800,4007.0
0.014,20.0,0.65,1081,5591.0
0.015,25.0,0.52,973,4016.0
0.006,29.0,0.46,996,5854.0
0.014,21.0,0.63,1014,4362.0
0.027,25.0,0.41,935,5398.0
0.007,20.0,0.69,1060,5137.0
0.027,25.0,0.43,1036,5217.0
0.012,24.0,0.49,844,5782.0
0.026,25.0,0.51,889,4727.0
0.016,28.0,0.55,866,5127.0
0.019,22.0,0.41,895,5589.0
0.017,30.0,0.61,862,4954.0
0.014,26.0,0.65,1114,5408.0
0.009,30.0,0.48,1164,4900.0
0.02,29.0,0.47,876,5644.0
0.022,29.0,0.44,995,5876.0
0.013,26.0,0.55,1086,4826.0
0.019,27.0,0.41,873,4315.0
0.026,30.0,0.57,1039,5747.0
0.02,20.0,0.61,859,5456.0
0.014,26.0,0.69,1173,4248.0
0.007,24.0,0.66,1061,4332.0
0.007,26.0,0.65,882,4470.0
0.026,20.0,0.57,954,4639.0
0.03,23.0,0.7,852,5142.0
0.016,21.0,0.68,1148,5045.0
0.019,21.0,0.46,832,4237.0
0.021,26.0,0.7,1138,5679.0
0.025,20.0,0.59,1143,4373.0
0.025,21.0,0.7,921,4390.0
0.03,21.0,0.68,1139,4145.0
0.009,23.0,0.58,1141,5400.0
0.012,26.0,0.44,1134,4217.0
0.023,23.0,0.63,844,5840.0
0.028,29.0,0.54,1032,5170.0
0.024,28.0,0.62,905,5874.0
0.021,27.0,0.65,1097,4249.0
0.027,29.0,0.55,1117,5910.0
0.014,26.0,0.66,1110,4296.0
0.028,30.0,0.63,1016,4355.0
0.028,25.0,0.67,830,5975.0
0.024,28.0,0.45,1128,5315.0
0.022,21.0,0.52,1047,4556.0
0.011,22.0,0.57,930,5145.0
0.019,21.0,0.4,1108,5392.0
0.027,23.0,0.44,1039,4754.0
0.015,25.0,0.64,1048,5659.0
0.021,23.0,0.47,1050,4079.0
0.015,26.0,0.58,975,5077.0
0.007,23.0,0.65,1142,5061.0
0.014,23.0,0.55,903,4356.0
0.006,21.0,0.52,875,4209.0
0.008,22.0,0.52,1133,5436.0
0.018,23.0,0.41,1069,4366.0
0.014,25.0,0.66,1139,4630.0
0.01,30.0,0.54,1164,4026.0
0.011,26.0,0.48,1133,5351.0
0.006,22.0,0.66,1116,4522.0
0.026,20.0,0.54,1200,5653.0
0.029,23.0,0.48,872,5069.0
0.019,25.0,0.43,881,4542.0
0.02,25.0,0.4,956,5873.0
0.026,21.0,0.45,924,5206.0
0.023,21.0,0.67,864,4652.0
0.026,21.0,0.43,866,5737.0
0.026,28.0,0.69,1052,5369.0
0.011,25.0,0.45,951,4816.0
0.015,26.0,0.4,859,5323.0
0.014,30.0,0.66,980,5214.0
0.007,22.0,0.52,874,4700.0
0.026,29.0,0.4,1125,5021.0
0.014,20.0,0.6,1100,5532.0
0.011,26.0,0.6,875,4818.0
0.025,30.0,0.62,844,5554.0
0.011,23.0,0.67,1172,5986.0
0.028,29.0,0.61,1162,4077.0
0.028,25.0,0.57,892,4011.0
0.013,25.0,0.41,1177,4986.0
0.022,29.0,0.51,1073,4996.0
0.017,27.0,0.63,1142,5875.0
0.027,27.0,0.41,808,5206.0
0.028,20.0,0.44,819,4601.0
0.012,24.0,0.65,1127,4789.0
0.014,25.0,0.66,1046,5258.0
0.016,30.0,0.47,1106,4230.0
0.021,25.0,0.41,826,4893.0
0.012,30.0,0.51,1027,4093.0
0.028,28.0,0.64,823,5032.0
0.027,29.0,0.53,1168,4600.0
0.007,30.0,0.55,958,5061.0
0.01,26.0,0.64,800,5632.0
0.011,28.0,0.48,1192,5074.0
0.018,22.0,0.54,855,5483.0
0.028,28.0,0.61,1175,5809.0
0.026,25.0,0.41,934,5383.0
0.023,22.0,0.7,962,4267.0
0.017,21.0,0.45,892,4247.0
0.02,29.0,0.58,1138,5622.0
0.028,26.0,0.48,1143,4608.0
0.024,27.0,0.42,1121,4689.0
0.028,30.0,0.45,1008,4754.0
0.021,27.0,0.59,1174,4778.0
0.007,30.0,0.55,881,5987.0
0.028,26.0,0.46,909,4510.0
0.011,23.0,0.42,1146,5803.0
0.013,28.0,0.57,1098,4624.0
0.02,20.0,0.64,994,5812.0
0.011,29.0,0.68,892,5331.0
0.018,29.0,0.41,1148,5341.0
0.023,30.0,0.56,1187,4728.0
0.023,25.0,0.55,860,4305.0
0.024,22.0,0.55,1030,5546.0
0.01,23.0,0.59,914,4340.0
0.027,23.0,0.52,885,4044.0
0.03,23.0,0.53,1109,4610.0
0.015,28.0,0.57,941,4468.0
0.022,24.0,0.53,835,5465.0
0.018,29.0,0.57,813,5975.0
0.006,28.0,0.44,922,4771.0
0.02,21.0,0.55,1098,4591.0
0.024,29.0,0.51,881,4873.0
0.016,28.0,0.69,1145,4416.0
0.007,24.0,0.52,941,4111.0
0.006,30.0,0.45,832,5149.0
0.012,23.0,0.49,1113,4770.0
0.017,20.0,0.55,989,5541.0
0.024,26.0,0.53,1118,4698.0
0.011,28.0,0.49,1027,4505.0
0.017,29.0,0.64,1004,5738.0
0.011,30.0,0.46,1019,5149.0
0.023,22.0,0.57,1078,4681.0
0.018,27.0,0.53,817,4629.0
0.024,25.0,0.56,1095,4502.0
0.007,30.0,0.41,1092,4813.0
0.022,29.0,0.41,1045,4576.0
0.011,24.0,0.65,930,5696.0
0.028,30.0,0.58,966,4021.0
0.011,30.0,0.4,1161,4657.0
0.029,27.0,0.55,1130,5490.0
0.022,21.0,0.48,951,4687.0
0.024,25.0,0.41,836,4245.0
0.014,20.0,0.68,1095,4616.0
0.023,23.0,0.53,950,4313.0
0.014,26.0,0.43,805,4008.0
0.021,23.0,0.47,950,4015.0
0.006,24.0,0.61,950,5727.0
0.022,23.0,0.43,1053,4051.0
0.011,25.0,0.62,1101,5739.0
0.027,30.0,0.44,832,5056.0
0.022,20.0,0.55,988,5935.0
0.024,21.0,0.66,1029,5354.0
0.007,29.0,0.55,839,4592.0
0.029,22.0,0.5,1135,5229.0
0.021,20.0,0.41,988,4767.0
0.013,22.0,0.44,1010,5744.0
0.022,21.0,0.52,959,5732.0
0.013,28.0,0.45,884,5675.0
0.013,26.0,0.42,936,4758.0
0.015,25.0,0.59,907,5935.0
0.013,26.0,0.65,1102,5669.0
0.015,20.0,0.61,1040,4639.0
0.019,30.0,0.58,1200,4593.0
0.008,27.0,0.49,856,5497.0
0.019,25.0,0.66,1088,5853.0
0.029,23.0,0.68,981,5361.0
0.007,23.0,0.59,1040,5973.0
0.009,26.0,0.59,929,5552.0
0.03,29.0,0.61,919,5098.0
0.012,24.0,0.64,937,5120.0
0.023,29.0,0.48,1200,4114.0
0.029,23.0,0.67,936,4158.0
0.026,24.0,0.43,1018,5220.0
0.011,27.0,0.46,1014,5070.0
0.027,20.0,0.47,995,5753.0
0.011,22.0,0.55,1072,4829.0
0.028,24.0,0.49,1070,4048.0
0.029,28.0,0.43,1036,4143.0
0.016,20.0,0.4,983,5738.0
0.013,23.0,0.6,944,5211.0
0.03,25.0,0.6,1175,5326.0
0.006,22.0,0.42,967,4360.0
0.02,23.0,0.55,1132,4412.0
0.006,27.0,0.67,815,5924.0
0.02,21.0,0.6,885,4393.0
0.022,26.0,0.48,1079,5896.0
0.018,24.0,0.67,951,4202.0
0.018,23.0,0.65,823,5949.0
0.015,24.0,0.48,852,5528.0
0.023,20.0,0.7,1147,5109.0
0.011,30.0,0.66,861,5188.0
0.016,24.0,0.69,1030,4544.0
0.018,26.0,0.56,1019,4854.0
0.015,22.0,0.49,944,5513.0
0.021,29.0,0.44,871,5517.0
0.015,28.0,0.67,1191,5090.0
0.022,20.0,0.46,960,4500.0
0.005,23.0,0.54,966,4041.0
0.025,27.0,0.47,1072,4287.0
0.009,30.0,0.48,872,4306.0
0.03,22.0,0.68,1033,4761.0
0.014,23.0,0.62,1166,5777.0
0.025,22.0,0.43,883,5932.0
0.019,25.0,0.7,1176,5357.0
0.015,23.0,0.46,1154,4667.0
0.018,21.0,0.51,1040,4080.0
0.026,20.0,0.43,968,5814.0
0.014,26.0,0.57,825,4273.0
0.029,23.0,0.67,828,5501.0
0.017,23.0,0.4,1048,4610.0
0.009,29.0,0.41,812,4480.0
0.025,30.0,0.65,1200,4401.0
0.023,23.0,0.47,1164,4995.0
0.019,20.0,0.61,961,4277.0
0.014,28.0,0.58,1195,4922.0
0.011,27.0,0.67,979,5331.0
0.016,22.0,0.57,1057,4049.0
0.027,30.0,0.55,1099,5327.0
0.015,28.0,0.58,829,5600.0
0.02,29.0,0.63,979,5674.0
0.011,29.0,0.64,1065,5906.0
0.008,30.0,0.44,1035,4259.0
0.013,25.0,0.51,1173,4028.0
0.014,20.0,0.47,805,4838.0
0.018,22.0,0.47,1112,5690.0
0.012,23.0,0.56,904,4664.0
0.016,21.0,0.49,949,5023.0
0.029,25.0,0.52,1127,5998.0
0.015,27.0,0.44,1000,4431.0
0.014,24.0,0.53,1057,5666.0
0.023,30.0,0.45,1048,4056.0
0.006,26.0,0.67,909,5349.0
0.007,24.0,0.69,851,5565.0
0.014,26.0,0.55,915,5218.0
0.011,29.0,0.4,1166,4089.0
0.007,23.0,0.44,1016,5654.0
0.025,25.0,0.45,899,5594.0
0.011,28.0,0.47,1036,4924.0
0.023,25.0,0.65,959,5921.0
0.018,22.0,0.64,1016,5475.0
0.026,24.0,0.56,940,5559.0
0.007,22.0,0.57,1141,4913.0
0.029,30.0,0.4,1048,5536.0
0.009,25.0,0.56,1160,5120.0
0.02,27.0,0.52,1043,4735.0
0.008,24.0,0.63,1186,5993.0
0.021,22.0,0.52,996,4582.0
0.016,24.0,0.53,963,5396.0
0.017,29.0,0.56,1108,5332.0
0.025,28.0,0.55,922,4162.0
0.023,25.0,0.47,1065,4366.0
0.01,23.0,0.61,1055,4116.0
0.017,26.0,0.59,979,4049.0
0.013,30.0,0.62,973,4902.0
0.014,24.0,0.7,1053,5711.0
0.022,29.0,0.58,1063,5284.0
0.012,27.0,0.51,948,5667.0
0.029,27.0,0.44,963,5504.0
0.029,28.0,0.65,854,5402.0
0.025,27.0,0.66,964,4730.0
0.027,27.0,0.7,1122,4057.0
0.027,29.0,0.47,854,5722.0
0.024,23.0,0.41,844,5090.0
0.019,27.0,0.47,1035,4413.0
0.017,25.0,0.54,1046,5070.0
0.005,29.0,0.7,902,5201.0
0.01,26.0,0.45,898,5598.0
0.015,21.0,0.59,916,4907.0
0.006,25.0,0.55,923,4480.0
0.025,20.0,0.68,938,5030.0
0.012,30.0,0.4,953,5836.0
0.019,23.0,0.59,942,4440.0
0.024,23.0,0.44,1041,5841.0
0.011,22.0,0.51,892,4504.0
0.019,29.0,0.4,1186,5514.0
0.027,20.0,0.5,1004,5543.0
0.017,21.0,0.66,1147,4043.0
0.029,25.0,0.53,1169,5049.0
0.012,24.0,0.58,886,4862.0
0.007,30.0,0.53,928,4738.0
0.014,26.0,0.43,936,4550.0
0.011,25.0,0.57,939,5367.0
0.008,28.0,0.68,876,4127.0
0.019,26.0,0.4,909,5791.0
0.015,24.0,0.68,1046,5838.0
0.022,26.0,0.41,919,4716.0
0.007,27.0,0.45,1012,5276.0
0.006,28.0,0.4,832,4089.0
0.02,30.0,0.65,954,5239.0
0.027,23.0,0.57,932,5240.0
0.019,21.0,0.44,865,5456.0
0.008,26.0,0.57,1060,4866.0
0.008,21.0,0.47,930,5447.0
0.025,30.0,0.43,884,5931.0
0.024,23.0,0.59,1089,5122.0
0.013,21.0,0.52,1101,4065.0
0.027,29.0,0.64,1138,4834.0
0.011,20.0,0.61,833,4376.0
0.026,21.0,0.51,1104,5220.0
0.029,29.0,0.62,1128,5916.0
0.028,22.0,0.64,1138,4777.0
0.011,25.0,0.49,900,4658.0
0.027,23.0,0.56,1127,5642.0
0.025,27.0,0.55,989,5933.0
0.018,30.0,0.41,901,5487.0
0.012,30.0,0.42,832,4995.0
0.025,21.0,0.59,1078,5438.0
0.024,30.0,0.59,1035,4721.0
0.028,26.0,0.42,1085,5986.0
0.021,26.0,0.42,1112,4481.0
0.03,27.0,0.59,1161,4658.0
0.009,25.0,0.7,1050,4779.0
0.015,21.0,0.57,1192,4527.0
0.015,21.0,0.49,991,5727.0
0.026,22.0,0.63,954,4032.0
0.02,21.0,0.41,858,5398.0
0.018,27.0,0.56,908,4593.0
0.028,27.0,0.6,840,5913.0
0.02,26.0,0.47,939,5032.0
0.024,20.0,0.43,1151,4579.0
0.019,29.0,0.64,878,4089.0
0.005,25.0,0.53,1123,4207.0
0.029,23.0,0.54,1077,5708.0
0.021,26.0,0.61,902,4055.0
0.022,27.0,0.45,1051,4807.0
0.006,22.0,0.59,957,4501.0
0.025,23.0,0.69,1171,5181.0
0.014,22.0,0.42,1026,5314.0
0.022,30.0,0.7,1167,4105.0
0.015,23.0,0.62,1098,4295.0
0.02,30.0,0.56,1134,4461.0
0.02,22.0,0.65,991,5586.0
0.023,28.0,0.45,1037,5704.0
0.024,28.0,0.53,1167,5125.0
0.027,30.0,0.68,923,5531.0
0.006,27.0,0.44,817,4789.0
0.02,20.0,0.64,962,5806.0
0.007,28.0,0.51,1183,5290.0
0.017,27.0,0.62,896,5353.0
0.011,27.0,0.48,922,4108.0
0.023,21.0,0.69,988,5585.0
0.015,20.0,0.42,862,5776.0
0.03,29.0,0.68,881,5118.0
0.015,30.0,0.58,1119,4342.0
0.027,25.0,0.41,1157,5324.0
0.011,22.0,0.55,987,5486.0
0.019,27.0,0.57,903,4322.0
0.018,25.0,0.67,935,5071.0
0.016,28.0,0.48,976,5508.0
0.028,23.0,0.58,1127,4677.0
0.023,22.0,0.42,1110,4525.0
0.023,23.0,0.53,1169,5655.0
0.024,24.0,0.5,960,4688.0
0.011,25.0,0.55,881,4376.0
0.026,29.0,0.7,1136,4194.0
0.018,25.0,0.55,900,4524.0
0.01,27.0,0.61,1150,4649.0
0.029,22.0,0.67,946,5385.0
0.023,23.0,0.4,1063,5782.0
0.023,20.0,0.41,802,5511.0
0.011,30.0,0.46,874,5014.0
0.024,27.0,0.69,943,5151.0
0.013,21.0,0.56,1164,5565.0
0.024,28.0,0.67,902,5756.0
0.021,27.0,0.47,816,4031.0
0.018,30.0,0.51,915,5659.0
0.024,20.0,0.48,916,5632.0
0.009,30.0,0.57,911,5798.0
0.017,27.0,0.52,1041,4269.0
0.012,22.0,0.55,884,4073.0
0.024,26.0,0.69,1094,5815.0
0.03,25.0,0.53,1076,4410.0
0.029,23.0,0.5,819,5986.0
0.022,29.0,0.69,834,5350.0
0.023,25.0,0.47,1121,5351.0
0.022,25.0,0.63,901,4356.0
0.02,26.0,0.49,984,5880.0
0.024,25.0,0.4,1053,4085.0
0.007,24.0,0.48,1001,5349.0
0.019,22.0,0.7,1084,4453.0
0.019,30.0,0.7,926,4575.0
0.019,30.0,0.69,1029,5332.0
0.025,23.0,0.48,1059,5099.0
0.008,30.0,0.62,1026,5706.0
0.022,25.0,0.6,870,4445.0
0.023,27.0,0.41,1012,4444.0
0.013,20.0,0.56,863,4010.0
0.006,25.0,0.65,1070,5655.0
0.028,20.0,0.46,1045,5184.0
0.018,27.0,0.45,1150,4976.0
0.006,27.0,0.43,1029,4866.0
0.005,21.0,0.4,885,5518.0
0.008,25.0,0.65,1048,4353.0
0.009,23.0,0.59,1090,5570.0
0.01,30.0,0.51,826,5394.0
0.01,30.0,0.47,1064,4858.0
0.016,25.0,0.56,828,5616.0
0.015,27.0,0.7,1006,5950.0
0.011,24.0,0.43,818,4367.0
0.026,29.0,0.41,1121,4815.0
0.006,25.0,0.45,923,5913.0
0.03,27.0,0.52,879,4308.0
0.016,30.0,0.56,956,4262.0
0.01,25.0,0.56,952,4166.0
0.016,30.0,0.59,972,5104.0
0.011,29.0,0.67,856,4656.0
0.008,24.0,0.42,865,4433.0
0.015,24.0,0.54,1092,4876.0
0.014,26.0,0.58,1197,5619.0
0.019,30.0,0.62,921,4541.0
0.023,24.0,0.57,1022,4167.0
0.015,21.0,0.67,1064,5279.0
0.025,29.0,0.47,922,4600.0
0.013,21.0,0.54,1049,4777.0
0.029,29.0,0.4,1029,4531.0
0.007,30.0,0.69,1004,4484.0
0.017,20.0,0.41,805,5761.0
0.025,24.0,0.45,1082,5284.0
0.019,27.0,0.59,1097,4790.0
0.016,21.0,0.53,1103,4555.0
0.009,22.0,0.63,954,4686.0
0.009,30.0,0.43,996,5459.0
0.005,26.0,0.62,874,4146.0
0.017,20.0,0.47,1129,4778.0
0.013,23.0,0.56,1149,4768.0
0.021,30.0,0.45,1018,4990.0
0.02,26.0,0.63,958,4001.0
0.015,25.0,0.6,1175,4292.0
0.026,20.0,0.63,1116,4913.0
0.008,27.0,0.65,842,4983.0
0.01,26.0,0.57,1050,5269.0
0.016,28.0,0.57,1007,5255.0
0.009,22.0,0.7,842,4569.0
0.014,27.0,0.62,891,4201.0
0.012,26.0,0.62,837,5003.0
0.007,28.0,0.49,1153,5333.0
0.026,24.0,0.45,982,4722.0
0.016,25.0,0.66,979,5874.0
0.023,23.0,0.44,1160,5126.0
0.007,24.0,0.63,1074,4936.0
0.027,30.0,0.41,1039,5718.0
0.025,28.0,0.59,1137,4149.0
0.03,24.0,0.48,915,4533.0
0.017,30.0,0.52,1051,4615.0
0.028,23.0,0.7,881,4116.0
0.012,29.0,0.47,1081,4791.0
0.029,30.0,0.69,1144,5058.0
0.015,26.0,0.51,986,4953.0
0.03,22.0,0.61,1198,5551.0
0.01,20.0,0.41,1194,5338.0
0.026,20.0,0.59,1003,4292.0
0.021,22.0,0.4,943,5559.0
0.005,23.0,0.63,1007,4747.0
0.01,22.0,0.61,1195,5491.0
0.013,24.0,0.48,882,5090.0
0.011,23.0,0.66,996,4867.0
0.025,28.0,0.53,1067,4369.0
0.019,30.0,0.57,1017,5125.0
0.015,21.0,0.57,1071,4595.0
0.023,28.0,0.56,879,5110.0
0.028,29.0,0.65,853,5714.0
0.018,26.0,0.49,1148,4007.0
0.022,20.0,0.44,999,4223.0
0.017,23.0,0.59,1138,5893.0
0.01,27.0,0.67,939,5119.0
0.024,28.0,0.69,816,5479.0
0.02,24.0,0.5,893,5865.0
0.027,25.0,0.61,1004,5224.0
0.013,29.0,0.59,1104,5875.0
0.03,26.0,0.46,1032,5315.0
0.007,30.0,0.51,1001,5734.0
0.013,23.0,0.55,941,5746.0
0.026,29.0,0.61,1190,4748.0
0.008,29.0,0.54,1129,5826.0
0.017,20.0,0.67,1192,5653.0
0.018,25.0,0.63,872,5538.0
0.009,27.0,0.48,1034,5379.0
0.023,24.0,0.69,1178,4637.0
0.012,24.0,0.7,1083,5576.0
0.029,25.0,0.47,1087,4615.0
0.019,29.0,0.53,848,5579.0
0.026,23.0,0.6,1165,4823.0
0.03,28.0,0.5,857,4611.0
0.019,20.0,0.55,998,4612.0
0.028,20.0,0.68,994,4476.0
0.021,20.0,0.54,904,5632.0
0.015,29.0,0.67,1107,5068.0
0.019,23.0,0.55,1047,4770.0
0.029,25.0,0.6,1173,4132.0
0.013,22.0,0.61,1004,4105.0
0.019,21.0,0.61,1080,5669.0
0.015,23.0,0.57,1136,5945.0
0.02,26.0,0.65,909,5889.0
0.006,21.0,0.45,909,4928.0
0.026,30.0,0.51,1142,4191.0
0.007,22.0,0.41,808,4393.0
0.019,27.0,0.42,917,5288.0
0.009,29.0,0.45,803,4175.0
0.019,23.0,0.44,935,4075.0
0.016,25.0,0.63,1020,5346.0
0.005,30.0,0.63,910,4036.0
0.026,30.0,0.49,886,4994.0
0.019,25.0,0.42,811,4710.0
0.013,26.0,0.5,1081,4496.0
0.028,25.0,0.64,946,4759.0
0.022,27.0,0.6,961,4386.0
0.018,29.0,0.5,1115,5486.0
0.006,24.0,0.61,1059,4503.0
0.01,22.0,0.55,934,4992.0
0.017,30.0,0.4,1057,4501.0
0.029,26.0,0.69,855,5485.0
0.023,21.0,0.54,991,4941.0
0.028,27.0,0.42,1150,4278.0
0.011,21.0,0.68,892,5696.0
0.018,29.0,0.6,1037,5136.0
0.029,30.0,0.55,881,4167.0
0.022,21.0,0.48,892,4257.0
0.017,30.0,0.4,831,5131.0
0.022,26.0,0.4,1188,5994.0
0.016,22.0,0.51,961,5523.0
0.005,28.0,0.61,825,5230.0
0.013,22.0,0.6,977,4962.0
0.017,28.0,0.56,1050,5522.0
0.02,21.0,0.52,818,5863.0
0.027,29.0,0.5,901,4005.0
0.025,20.0,0.41,812,4463.0
0.011,28.0,0.62,964,5448.0
0.022,24.0,0.54,841,5308.0
0.028,24.0,0.61,852,4739.0
0.028,26.0,0.48,803,5311.0
0.014,22.0,0.55,1090,4639.0
0.013,26.0,0.52,962,4116.0
0.019,29.0,0.4,831,5305.0
0.016,29.0,0.69,1066,5863.0
0.006,28.0,0.6,875,4096.0
0.013,26.0,0.47,1143,5515.0
0.012,20.0,0.43,1174,4625.0
0.006,29.0,0.4,880,4261.0
0.029,22.0,0.66,949,4871.0
0.026,29.0,0.41,960,4059.0
0.021,30.0,0.59,840,4960.0
0.023,27.0,0.47,909,5687.0
0.016,27.0,0.52,949,5331.0
0.015,26.0,0.6,1098,5639.0
0.024,25.0,0.48,1113,4682.0
0.006,21.0,0.57,1187,5034.0
0.011,27.0,0.52,988,4847.0
0.009,20.0,0.4,1021,4007.0
0.006,30.0,0.57,921,5088.0
0.016,29.0,0.43,889,5633.0
0.022,22.0,0.53,1105,4287.0
0.01,27.0,0.6,1104,4759.0
0.017,29.0,0.41,1048,4442.0
0.014,20.0,0.67,921,4502.0
0.013,25.0,0.56,1018,4860.0
0.016,27.0,0.4,1073,5883.0
0.015,20.0,0.64,1162,5314.0
0.009,24.0,0.64,1109,4546.0
0.023,28.0,0.68,993,4325.0
0.012,22.0,0.68,990,4826.0
0.014,24.0,0.66,1036,5325.0
0.021,22.0,0.41,1006,5523.0
0.012,23.0,0.68,859,4529.0
0.017,30.0,0.57,841,4656.0
0.015,22.0,0.46,1070,5767.0
0.015,24.0,0.46,1171,4422.0
0.006,26.0,0.67,1076,5743.0
0.02,22.0,0.69,918,5661.0
0.018,29.0,0.5,828,5114.0
0.011,24.0,0.62,807,4602.0
0.022,21.0,0.67,1128,4488.0
0.016,20.0,0.48,1138,5430.0
0.026,22.0,0.49,833,4344.0
0.026,21.0,0.45,1031,4628.0
0.03,27.0,0.4,1192,5903.0
0.018,22.0,0.41,1111,5132.0
0.013,27.0,0.69,819,4921.0
0.006,22.0,0.66,1199,4272.0
0.025,26.0,0.65,1083,5619.0
0.013,30.0,0.59,1024,4041.0
0.016,26.0,0.59,847,4710.0
0.007,23.0,0.63,869,4519.0
0.025,25.0,0.63,923,5863.0
0.007,27.0,0.46,1074,5651.0
0.022,24.0,0.49,1166,5557.0
0.007,20.0,0.5,921,5321.0
0.015,22.0,0.52,1094,4805.0
0.013,25.0,0.62,982,4975.0
0.014,21.0,0.45,1067,5964.0
0.029,21.0,0.62,948,5986.0
0.017,27.0,0.47,1132,4764.0
0.027,28.0,0.45,876,5085.0
0.024,21.0,0.55,1037,4467.0
0.025,22.0,0.64,853,5992.0
0.01,24.0,0.52,950,5325.0
0.023,24.0,0.68,1033,5687.0
0.016,24.0,0.56,1037,4073.0
0.014,25.0,0.61,1053,4400.0
0.016,29.0,0.55,1022,5927.0
0.01,23.0,0.44,1184,4941.0
0.025,21.0,0.6,1063,5138.0
0.006,25.0,0.42,1059,4878.0
0.007,26.0,0.68,1119,5368.0
0.025,20.0,0.64,800,5252.0
0.022,27.0,0.63,1013,5075.0
0.014,24.0,0.52,1049,4626.0
0.005,28.0,0.51,1196,5508.0
0.028,24.0,0.68,1154,5316.0
0.007,30.0,0.56,814,5469.0
0.026,28.0,0.46,989,5996.0
0.013,23.0,0.69,868,5790.0
0.024,25.0,0.57,1046,4417.0
0.012,21.0,0.55,1156,5021.0
0.02,25.0,0.55,1077,4942.0
0.017,21.0,0.4,1081,5306.0
0.016,21.0,0.43,826,5134.0
0.021,27.0,0.65,1062,4897.0
0.006,24.0,0.45,1050,4377.0
0.027,23.0,0.43,1105,4640.0
0.017,30.0,0.52,1065,4424.0
0.021,25.0,0.7,948,4185.0
0.024,25.0,0.4,824,5583.0
0.022,23.0,0.6,816,4880.0
0.029,20.0,0.7,804,5667.0
0.023,26.0,0.48,824,4271.0
0.024,20.0,0.59,909,5270.0
0.021,28.0,0.65,1120,5175.0
0.013,24.0,0.68,1114,4907.0
0.016,24.0,0.5,1187,5126.0
0.029,24.0,0.54,1089,4747.0
0.028,22.0,0.43,1095,5533.0
0.03,20.0,0.7,975,5993.0
0.019,27.0,0.49,1174,5010.0
0.013,26.0,0.57,984,4678.0
0.025,20.0,0.66,859,4274.0
0.013,28.0,0.65,963,4023.0
0.012,27.0,0.53,904,5581.0
0.02,20.0,0.56,1114,5235.0
0.014,25.0,0.64,979,5044.0
0.028,26.0,0.66,847,4918.0
0.015,22.0,0.53,844,4500.0
0.021,28.0,0.55,1103,4858.0
0.026,21.0,0.48,1101,4954.0
0.011,24.0,0.62,963,4008.0
0.02,21.0,0.69,835,4606.0
0.02,27.0,0.63,1125,5873.0
0.017,21.0,0.45,815,4628.0
0.025,27.0,0.52,897,4797.0
0.012,21.0,0.59,1038,4574.0
0.007,26.0,0.56,1052,5359.0
0.008,23.0,0.63,850,5600.0
0.01,21.0,0.65,1102,5924.0
0.007,20.0,0.55,887,5528.0
0.026,24.0,0.51,899,4059.0
0.018,23.0,0.45,1014,5298.0
0.021,30.0,0.49,1095,4287.0
0.029,27.0,0.58,864,4728.0
0.026,30.0,0.65,965,5738.0
0.013,22.0,0.46,1179,4232.0
0.027,28.0,0.48,924,5404.0
0.016,20.0,0.63,1018,5153.0
0.011,21.0,0.61,1065,4690.0
0.009,29.0,0.55,995,5306.0
0.021,28.0,0.41,957,5508.0
0.023,28.0,0.45,989,4094.0
0.019,26.0,0.43,1184,4049.0
0.011,30.0,0.66,995,5653.0
0.005,24.0,0.69,1036,4197.0
0.013,25.0,0.52,1047,4688.0
0.018,27.0,0.51,811,5056.0
0.005,23.0,0.67,1019,5259.0
0.028,21.0,0.56,919,4277.0
0.023,25.0,0.68,800,5868.0
0.028,22.0,0.59,836,4723.0
0.008,21.0,0.52,974,5557.0
0.02,22.0,0.66,852,4818.0
0.008,20.0,0.52,945,4370.0
0.012,26.0,0.69,1018,5298.0
0.027,24.0,0.52,869,4517.0
0.011,28.0,0.59,869,4900.0
0.029,28.0,0.63,817,5871.0
0.012,27.0,0.59,952,4803.0
0.029,21.0,0.58,982,5851.0
0.02,25.0,0.41,1142,4349.0
0.027,26.0,0.42,940,4594.0
0.015,29.0,0.52,1144,5571.0
0.021,22.0,0.53,863,5082.0
0.019,23.0,0.67,991,5744.0
0.009,23.0,0.64,999,4745.0
0.024,28.0,0.45,937,4589.0
0.019,25.0,0.45,821,5128.0
0.006,22.0,0.66,803,5021.0
0.017,29.0,0.66,985,4667.0
0.028,20.0,0.69,1031,4070.0
0.024,29.0,0.66,917,5574.0
0.014,22.0,0.65,811,5632.0
0.008,29.0,0.7,897,5064.0
0.022,28.0,0.63,855,4980.0
0.012,28.0,0.5,1156,5865.0
0.016,25.0,0.48,1081,4120.0
0.025,24.0,0.54,1192,5225.0
0.014,23.0,0.52,851,5228.0
0.013,21.0,0.67,1170,4684.0
0.012,22.0,0.47,973,4276.0
0.026,30.0,0.65,1131,5545.0
0.025,29.0,0.49,955,4204.0
0.009,29.0,0.59,1076,4708.0
0.015,28.0,0.53,949,4277.0
0.026,20.0,0.44,880,4693.0
0.029,20.0,0.43,1132,5631.0
0.028,21.0,0.4,831,4530.0
0.019,20.0,0.51,828,4902.0
0.029,28.0,0.57,1122,5652.0
0.016,22.0,0.6,1162,5905.0
0.016,28.0,0.61,928,4377.0
0.028,24.0,0.67,951,4991.0
0.023,26.0,0.7,833,5279.0
0.026,27.0,0.6,1091,4437.0
0.013,25.0,0.43,953,4817.0
0.012,22.0,0.56,1055,5539.0
0.027,28.0,0.67,1075,5571.0
0.027,25.0,0.64,897,5996.0
0.029,27.0,0.55,1046,5191.0
0.007,22.0,0.52,1199,5256.0
0.016,27.0,0.61,1023,4599.0
0.027,29.0,0.42,1024,4446.0
0.008,29.0,0.53,867,5686.0
0.019,22.0,0.43,1186,4518.0
0.026,25.0,0.64,1005,4392.0
0.005,22.0,0.61,835,4253.0
0.019,21.0,0.62,916,5543.0
0.012,29.0,0.56,917,4806.0
0.012,26.0,0.69,821,4471.0
0.025,30.0,0.46,1097,4016.0
0.005,27.0,0.68,1023,4386.0
0.007,29.0,0.51,832,5681.0
0.006,24.0,0.59,1066,4287.0
0.024,27.0,0.6,839,4246.0
0.023,27.0,0.46,801,4512.0
0.015,27.0,0.49,1113,4777.0
0.021,24.0,0.47,865,5211.0
0.025,20.0,0.51,892,4145.0
0.013,26.0,0.57,998,5945.0
0.017,28.0,0.45,1158,5715.0
0.024,22.0,0.59,833,5530.0
0.02,27.0,0.66,1083,5305.0
0.016,24.0,0.7,1181,5561.0
0.008,20.0,0.4,1135,4393.0
0.01,30.0,0.42,1066,4195.0
0.019,30.0,0.45,835,4721.0
0.024,21.0,0.69,937,4877.0
0.019,21.0,0.55,1135,5145.0
0.026,22.0,0.55,839,5331.0
0.019,25.0,0.46,967,4918.0
0.026,27.0,0.55,1175,5482.0
0.011,22.0,0.7,1175,5095.0
0.006,27.0,0.52,1129,4785.0
0.025,21.0,0.66,1143,5878.0
0.02,20.0,0.59,982,4120.0
0.006,23.0,0.66,1063,5039.0
0.008,29.0,0.42,831,5321.0
0.007,23.0,0.64,954,4687.0
0.026,20.0,0.55,970,4946.0
0.007,21.0,0.5,875,5446.0
0.013,25.0,0.64,1155,4210.0
0.005,25.0,0.46,1152,5497.0
0.023,25.0,0.42,1023,5165.0
0.011,24.0,0.56,1190,4027.0
0.029,28.0,0.69,930,5054.0
0.021,30.0,0.56,898,4005.0
0.007,22.0,0.61,845,4482.0
0.016,22.0,0.4,866,4776.0
0.013,20.0,0.43,997,5292.0
0.018,29.0,0.61,816,5314.0
0.019,27.0,0.54,1190,4635.0
0.019,23.0,0.55,1133,4260.0
0.017,28.0,0.43,874,4406.0
0.005,22.0,0.69,1172,5341.0
0.018,30.0,0.5,925,5632.0
0.008,21.0,0.59,1102,4994.0
0.022,25.0,0.46,945,4453.0
0.006,30.0,0.59,1192,4936.0
0.013,27.0,0.69,870,4000.0
0.026,24.0,0.4,1200,5025.0
0.009,27.0,0.62,1094,4126.0
0.006,20.0,0.51,890,4101.0
0.029,24.0,0.58,1085,4324.0
0.014,25.0,0.42,879,4794.0
0.011,27.0,0.44,891,4008.0
0.024,20.0,0.5,846,4790.0
0.014,22.0,0.53,939,4656.0
0.009,20.0,0.64,841,5657.0
0.012,28.0,0.58,1041,4388.0
0.012,22.0,0.44,1102,4687.0
0.017,30.0,0.53,931,5370.0
0.012,20.0,0.7,973,4196.0
0.018,26.0,0.47,896,5328.0
0.023,27.0,0.43,1035,5549.0
0.02,30.0,0.59,1062,5592.0
0.016,30.0,0.58,1051,5112.0
0.019,26.0,0.68,1152,4036.0
0.023,22.0,0.62,1040,4781.0
0.014,22.0,0.63,897,4899.0
0.016,21.0,0.66,868,5256.0
0.007,21.0,0.6,1080,5477.0
0.008,27.0,0.54,1166,4833.0
0.026,30.0,0.4,892,5113.0
0.029,29.0,0.62,818,5609.0
0.008,25.0,0.69,1081,4645.0
0.026,28.0,0.45,881,4427.0
0.006,29.0,0.46,943,5170.0
0.029,25.0,0.61,1090,5238.0
0.007,24.0,0.69,837,4007.0
0.021,23.0,0.49,811,5336.0
0.028,24.0,0.43,1118,5556.0
0.006,23.0,0.53,1052,5416.0
0.024,27.0,0.46,1075,5277.0
0.014,23.0,0.57,1111,4034.0
0.023,21.0,0.68,905,5180.0
0.028,21.0,0.66,1066,5395.0
0.009,30.0,0.64,891,5662.0
0.022,24.0,0.53,937,4161.0
0.018,21.0,0.6,1068,5614.0
0.028,30.0,0.43,1192,5959.0
0.008,27.0,0.44,826,5335.0
0.011,28.0,0.41,934,5543.0
0.014,27.0,0.69,1043,4472.0
0.006,23.0,0.5,1039,5557.0
0.023,21.0,0.62,1196,5923.0
0.01,23.0,0.54,1070,4319.0
0.018,29.0,0.59,1020,4803.0
0.03,30.0,0.54,1061,4738.0
0.025,28.0,0.69,897,5587.0
0.029,26.0,0.68,838,4238.0
0.009,24.0,0.41,885,5805.0
0.016,26.0,0.42,992,4817.0
0.02,21.0,0.65,1188,4708.0
0.029,27.0,0.65,947,5316.0
0.009,30.0,0.43,899,4982.0
0.026,26.0,0.46,885,4104.0
0.02,21.0,0.69,1008,4747.0
0.024,20.0,0.46,1178,5716.0
0.017,25.0,0.66,826,4315.0
0.026,25.0,0.64,1194,4207.0
0.022,24.0,0.41,904,4467.0
0.023,25.0,0.64,1005,4048.0
0.013,26.0,0.55,958,5295.0
0.009,20.0,0.48,994,5141.0
0.016,28.0,0.54,975,5397.0
0.01,28.0,0.5,902,5802.0
0.023,27.0,0.63,888,4868.0
0.007,23.0,0.65,1036,5567.0
0.019,29.0,0.67,1199,4407.0
0.01,26.0,0.66,1184,4480.0
0.01,29.0,0.57,965,5148.0
0.01,24.0,0.7,1141,5915.0
0.013,27.0,0.49,1064,4827.0
0.014,22.0,0.63,921,5595.0
0.006,29.0,0.52,1052,4227.0
0.029,22.0,0.49,919,5252.0
0.02,20.0,0.54,987,4840.0
0.009,20.0,0.56,1131,4612.0
0.007,30.0,0.41,1058,5203.0
0.006,30.0,0.57,1116,4364.0
0.023,30.0,0.66,958,4975.0
0.021,27.0,0.67,1053,5269.0
0.03,21.0,0.4,1011,4018.0
0.024,29.0,0.7,1076,4967.0
0.008,27.0,0.43,1047,5565.0
0.012,22.0,0.43,1160,5682.0
0.008,22.0,0.55,1091,5470.0
0.013,23.0,0.57,1068,5684.0
0.023,24.0,0.46,957,4672.0
0.01,21.0,0.55,1173,5771.0
0.008,30.0,0.4,1073,4307.0
0.027,24.0,0.56,873,4336.0
0.024,26.0,0.65,1086,5144.0
0.008,22.0,0.64,814,4561.0
0.011,25.0,0.41,978,5021.0
0.01,25.0,0.66,878,5120.0
0.023,20.0,0.51,1004,4592.0
0.029,22.0,0.45,812,5220.0
0.006,30.0,0.49,944,4182.0
0.022,20.0,0.41,1191,5422.0
0.01,22.0,0.44,847,5338.0
0.015,30.0,0.52,897,4161.0
0.028,25.0,0.61,1155,5802.0
0.02,30.0,0.68,859,5890.0
0.021,29.0,0.52,1104,5162.0
0.028,27.0,0.61,837,4338.0
0.03,22.0,0.5,908,4237.0
0.009,22.0,0.48,906,5069.0
0.006,20.0,0.63,917,5889.0
0.018,29.0,0.45,818,5571.0
0.014,29.0,0.54,878,5610.0
0.027,20.0,0.49,1030,5138.0
0.03,24.0,0.7,910,4260.0
0.014,21.0,0.5,904,5041.0
0.027,22.0,0.58,866,4881.0
0.007,21.0,0.58,1200,4708.0
0.017,23.0,0.62,962,5655.0
0.005,28.0,0.66,1197,5277.0
0.007,28.0,0.51,1172,4989.0
0.023,22.0,0.58,1104,5104.0
0.007,21.0,0.43,855,4816.0
0.008,28.0,0.7,1031,4402.0
0.018,21.0,0.66,1177,5790.0
0.011,28.0,0.69,967,4133.0
0.012,28.0,0.47,1114,4597.0
0.016,26.0,0.51,962,5953.0
0.017,21.0,0.5,1095,5424.0
0.024,23.0,0.5,1046,4511.0
0.006,25.0,0.44,923,4947.0
0.024,29.0,0.46,890,4575.0
0.025,29.0,0.49,899,4393.0
0.021,20.0,0.67,835,5577.0
0.021,21.0,0.67,1049,5765.0
0.021,29.0,0.6,846,4545.0
0.022,26.0,0.7,911,5865.0
0.019,20.0,0.66,1065,4234.0
0.014,24.0,0.5,835,4563.0
0.005,30.0,0.65,958,4539.0
0.024,21.0,0.49,954,4213.0
0.028,20.0,0.52,917,5279.0
0.012,21.0,0.55,1064,5821.0
0.02,29.0,0.57,1078,5964.0
0.015,20.0,0.7,851,4540.0
0.021,22.0,0.58,1076,5787.0
0.028,30.0,0.5,1139,4323.0
0.016,24.0,0.5,883,5146.0
0.01,30.0,0.65,800,5311.0
0.023,25.0,0.62,1110,4900.0
0.017,21.0,0.53,937,4575.0
0.013,27.0,0.52,938,5903.0
0.029,23.0,0.59,1186,4507.0
0.019,21.0,0.63,912,5321.0
0.02,26.0,0.61,820,5059.0
0.024,28.0,0.65,938,4062.0
0.014,24.0,0.69,1072,4239.0
0.014,23.0,0.45,819,4630.0
0.012,30.0,0.51,855,5326.0
0.027,24.0,0.58,851,5316.0
0.026,30.0,0.69,1145,5813.0
0.03,23.0,0.56,1093,4221.0
0.026,29.0,0.57,935,4409.0
0.013,27.0,0.65,1091,5075.0
0.019,25.0,0.61,1035,5986.0
0.022,30.0,0.61,1187,5604.0
0.013,20.0,0.45,999,5221.0
0.008,20.0,0.54,1092,5575.0
0.02,21.0,0.5,911,5876.0
0.007,20.0,0.45,1135,4234.0
0.007,22.0,0.58,1104,5011.0
0.017,25.0,0.57,1094,4139.0
0.006,27.0,0.55,979,4464.0
0.012,20.0,0.42,960,4898.0
0.029,28.0,0.45,1134,5448.0
0.007,24.0,0.48,909,5909.0
0.01,25.0,0.6,859,5227.0
0.028,26.0,0.51,1003,5222.0
0.027,29.0,0.55,1118,5682.0
0.008,24.0,0.66,947,4345.0
0.02,21.0,0.43,970,4848.0
0.03,25.0,0.68,908,4212.0
0.009,23.0,0.68,886,4263.0
0.015,24.0,0.63,910,5065.0
0.007,24.0,0.4,884,4805.0
0.022,25.0,0.58,892,5064.0
0.005,24.0,0.52,974,5089.0
0.015,23.0,0.52,937,5274.0
0.023,22.0,0.58,930,4630.0
0.011,30.0,0.51,937,5851.0
0.011,26.0,0.5,1187,5521.0
0.029,22.0,0.52,1039,5223.0
0.029,20.0,0.42,1130,5104.0
0.009,29.0,0.41,1013,4595.0
0.009,23.0,0.66,808,5458.0
0.025,24.0,0.53,805,4177.0
0.012,24.0,0.48,807,5850.0
0.018,24.0,0.53,974,4237.0
0.012,20.0,0.64,1054,4258.0
0.017,23.0,0.47,1063,5241.0
0.006,27.0,0.6,1039,5206.0
0.02,21.0,0.51,918,5454.0
0.021,22.0,0.57,807,4720.0
0.018,21.0,0.51,1113,5772.0
0.021,24.0,0.42,1189,4014.0
0.017,25.0,0.7,857,4057.0
0.024,25.0,0.41,1159,4436.0
0.012,30.0,0.49,926,4202.0
0.011,21.0,0.64,1119,5684.0
0.027,22.0,0.55,1168,4168.0
0.015,22.0,0.52,887,5120.0
0.025,22.0,0.45,1182,5756.0
0.01,28.0,0.55,908,5523.0
0.024,22.0,0.51,878,5753.0
0.022,22.0,0.52,1186,5610.0
0.019,25.0,0.61,894,4713.0
0.005,27.0,0.56,852,5082.0
0.005,29.0,0.41,815,5582.0
0.02,21.0,0.55,847,4949.0
0.009,28.0,0.58,1187,5144.0
0.026,28.0,0.58,988,4370.0
0.015,25.0,0.61,1040,4955.0
0.015,24.0,0.5,993,4257.0
0.028,26.0,0.46,1064,5972.0
0.012,26.0,0.4,874,5497.0
0.015,30.0,0.7,1193,4418.0
0.02,30.0,0.59,929,5227.0
0.024,22.0,0.46,904,5046.0
0.017,25.0,0.48,1015,5921.0
0.016,22.0,0.44,1022,5763.0
0.029,27.0,0.43,976,4293.0
0.012,29.0,0.52,1081,5574.0
0.012,26.0,0.42,1156,4321.0
0.007,21.0,0.5,1093,4854.0
0.008,25.0,0.7,1023,5643.0
0.016,20.0,0.6,882,4434.0
0.009,26.0,0.48,932,5993.0
0.02,21.0,0.63,1078,5975.0
0.027,27.0,0.6,862,4915.0
0.027,26.0,0.52,1038,4076.0
0.011,29.0,0.6,935,4123.0
0.013,24.0,0.64,1057,5213.0
0.019,24.0,0.5,990,4252.0
0.029,29.0,0.62,1014,5538.0
0.026,25.0,0.44,847,4328.0
0.029,30.0,0.51,1183,4654.0
0.017,27.0,0.47,1088,5984.0
0.011,21.0,0.57,981,5982.0
0.018,29.0,0.5,896,4557.0
0.009,25.0,0.68,941,4388.0
0.006,25.0,0.51,837,4682.0
0.009,24.0,0.52,1189,4539.0
0.01,26.0,0.54,1115,4588.0
0.029,20.0,0.6,895,4840.0
0.028,22.0,0.4,1164,4629.0
0.008,24.0,0.61,863,5907.0
0.028,28.0,0.68,1110,4627.0
0.009,28.0,0.44,1172,4690.0
0.018,25.0,0.43,1169,5901.0
0.026,30.0,0.59,873,5042.0
0.02,22.0,0.6,1174,5671.0
0.015,28.0,0.57,1111,4912.0
0.012,25.0,0.7,1081,5506.0
0.015,27.0,0.62,1112,4562.0
0.027,24.0,0.56,818,4369.0
0.024,21.0,0.63,844,5911.0
0.015,22.0,0.64,1169,4623.0
0.019,20.0,0.62,976,5940.0
0.021,23.0,0.66,1058,4961.0
0.015,23.0,0.45,915,4124.0
0.007,21.0,0.69,825,5974.0
0.028,22.0,0.4,1084,4088.0
0.024,29.0,0.49,1100,5153.0
0.016,25.0,0.54,1004,4596.0
0.022,23.0,0.58,812,5542.0
0.016,26.0,0.63,873,5296.0
0.012,21.0,0.49,907,5361.0
0.015,22.0,0.62,871,4149.0
0.015,24.0,0.59,824,4585.0
0.017,21.0,0.46,1118,4809.0
0.007,29.0,0.52,952,4812.0
0.029,25.0,0.66,1040,5636.0
0.007,20.0,0.58,1037,5740.0
0.017,23.0,0.59,912,5320.0
0.019,26.0,0.51,951,4189.0
0.027,26.0,0.56,1075,5120.0
0.012,30.0,0.55,1121,5194.0
0.011,27.0,0.63,898,4752.0
0.005,24.0,0.45,964,4499.0
0.028,20.0,0.68,994,5410.0
0.009,29.0,0.59,1090,4770.0
0.017,30.0,0.66,1179,5228.0
0.02,20.0,0.42,1138,5261.0
0.028,22.0,0.44,1043,5304.0
0.01,30.0,0.52,927,5180.0
0.021,21.0,0.67,1076,5783.0
0.021,26.0,0.46,1010,5072.0
0.014,20.0,0.45,911,4940.0
0.005,29.0,0.48,881,4684.0
0.03,25.0,0.66,1043,4928.0
0.009,22.0,0.69,1052,4374.0
0.02,27.0,0.6,1018,5040.0
0.012,21.0,0.54,1061,5956.0
0.026,23.0,0.69,1107,5578.0
0.028,25.0,0.48,1185,5495.0
0.016,22.0,0.44,823,5574.0
0.025,20.0,0.44,1079,5857.0
0.027,25.0,0.46,1195,4149.0
0.009,25.0,0.51,1168,5528.0
0.026,24.0,0.7,1052,4404.0
0.007,27.0,0.69,1037,4913.0
0.008,24.0,0.54,912,5091.0
0.006,23.0,0.44,890,4899.0
0.013,28.0,0.49,843,4394.0
0.015,30.0,0.53,820,4328.0
0.007,27.0,0.49,1093,4553.0
0.021,28.0,0.48,1181,5509.0
0.016,23.0,0.43,905,4709.0
0.022,26.0,0.44,1009,5332.0
0.022,25.0,0.66,865,5249.0
0.027,30.0,0.56,1071,4077.0
0.014,22.0,0.67,825,4794.0
0.024,23.0,0.63,877,4422.0
0.023,21.0,0.68,975,4877.0
0.007,21.0,0.61,1009,5343.0
0.025,30.0,0.61,1168,5035.0
0.024,22.0,0.68,1157,4012.0
0.028,21.0,0.5,957,5079.0
0.015,23.0,0.55,1185,5381.0
0.016,25.0,0.52,916,4646.0
0.009,22.0,0.6,1082,5334.0
0.023,25.0,0.68,933,5132.0
0.01,28.0,0.65,1019,4745.0
0.008,24.0,0.64,1108,5853.0
0.021,25.0,0.49,877,4337.0
0.008,25.0,0.68,1136,5505.0
0.007,25.0,0.57,964,4102.0
0.029,26.0,0.63,849,4909.0
0.008,25.0,0.45,1120,4024.0
0.027,26.0,0.54,814,5565.0
0.012,21.0,0.5,849,5560.0
0.008,20.0,0.55,804,4834.0
0.014,30.0,0.67,1196,5785.0
0.029,29.0,0.6,913,4018.0
0.013,29.0,0.45,991,5497.0
0.025,23.0,0.51,1083,5997.0
0.012,21.0,0.56,1150,4434.0
0.025,20.0,0.65,1165,4619.0
0.012,23.0,0.62,951,5302.0
0.007,22.0,0.46,1067,4630.0
0.022,23.0,0.61,1178,4398.0
0.019,24.0,0.5,973,5481.0
0.026,27.0,0.45,909,4227.0
0.023,28.0,0.68,1108,4888.0
0.024,20.0,0.65,1112,5531.0
0.028,22.0,0.48,1080,4311.0
0.02,22.0,0.65,1101,4196.0
0.03,30.0,0.55,1018,5739.0
0.016,21.0,0.69,958,4930.0
0.009,25.0,0.7,856,5735.0
0.029,21.0,0.64,1111,4385.0
0.028,30.0,0.67,803,4178.0
0.015,25.0,0.63,1062,5746.0
0.018,22.0,0.54,1132,5717.0
0.02,25.0,0.44,1114,4684.0
0.025,30.0,0.48,1184,4880.0
0.008,28.0,0.7,1167,5398.0
0.012,27.0,0.41,1181,5255.0
0.011,22.0,0.52,861,4962.0
0.021,28.0,0.63,1061,4674.0
0.029,24.0,0.47,816,5934.0
0.012,26.0,0.64,924,4420.0
0.022,25.0,0.62,918,5913.0
0.017,26.0,0.5,1051,5736.0
0.018,26.0,0.5,1057,4613.0
0.018,21.0,0.42,1095,5174.0
0.028,26.0,0.62,1051,4719.0
0.024,20.0,0.63,1178,5151.0
0.012,27.0,0.61,1192,5221.0
0.011,23.0,0.68,1154,5715.0
0.025,28.0,0.45,947,5631.0
0.023,22.0,0.49,1050,5861.0
0.007,28.0,0.67,1049,5268.0
0.023,29.0,0.65,902,5229.0
0.011,22.0,0.55,844,5309.0
0.013,28.0,0.51,819,4097.0
0.02,20.0,0.56,1031,4557.0
0.014,30.0,0.51,1198,5274.0
0.026,22.0,0.4,1010,4734.0
0.024,28.0,0.66,1097,5868.0
0.024,28.0,0.46,1104,4958.0
0.006,20.0,0.53,1168,5783.0
0.006,22.0,0.68,1074,4422.0
0.01,24.0,0.42,1107,5673.0
0.02,29.0,0.53,1130,4228.0
0.021,21.0,0.43,1115,5896.0
0.023,28.0,0.62,998,4899.0
0.023,24.0,0.4,1029,4912.0
0.005,24.0,0.55,1029,5462.0
0.024,20.0,0.7,1087,4633.0
0.028,20.0,0.69,1139,5724.0
0.02,28.0,0.46,883,5015.0
0.014,20.0,0.51,987,4927.0
0.023,26.0,0.4,1015,4989.0
0.025,20.0,0.54,1139,4429.0
0.022,21.0,0.59,962,5419.0
0.005,21.0,0.52,1121,5055.0
0.024,28.0,0.69,1089,5132.0
0.029,27.0,0.4,852,5411.0
0.018,23.0,0.47,947,4013.0
0.009,21.0,0.47,1200,4988.0
0.017,28.0,0.52,935,5165.0
0.012,23.0,0.68,811,4318.0
0.012,23.0,0.7,864,5905.0
0.029,24.0,0.54,839,5428.0
0.008,23.0,0.65,1124,5078.0
0.029,24.0,0.62,1092,5854.0
0.027,27.0,0.57,811,4287.0
0.017,27.0,0.58,1145,4768.0
0.011,24.0,0.58,800,4341.0
0.016,27.0,0.41,908,5860.0
0.027,24.0,0.56,1123,4572.0
0.009,30.0,0.56,1002,5723.0
0.014,24.0,0.47,1169,5955.0
0.007,23.0,0.68,881,5407.0
0.007,27.0,0.47,1054,4251.0
0.019,23.0,0.62,1102,5142.0
0.014,30.0,0.68,991,5780.0
0.024,28.0,0.53,922,4269.0
0.012,25.0,0.41,1084,4946.0
0.026,28.0,0.48,1132,5249.0
0.01,22.0,0.59,806,4029.0
0.012,28.0,0.41,1166,5111.0
0.023,25.0,0.61,1112,5974.0
0.02,28.0,0.64,839,4854.0
0.02,24.0,0.45,1085,5016.0
0.023,25.0,0.68,899,4473.0
0.027,29.0,0.58,922,5919.0
0.021,26.0,0.63,1189,5703.0
0.018,21.0,0.4,873,4811.0
0.025,24.0,0.51,812,5848.0
0.007,25.0,0.51,1090,5115.0
0.03,29.0,0.57,856,4602.0
0.025,23.0,0.4,1037,4551.0
0.011,26.0,0.4,1051,4695.0
0.021,30.0,0.41,1012,4718.0
0.025,29.0,0.57,807,5554.0
0.019,25.0,0.45,946,4869.0
0.026,21.0,0.56,923,5623.0
0.014,20.0,0.6,801,5750.0
0.006,26.0,0.69,954,5410.0
0.02,27.0,0.6,1037,4623.0
0.015,26.0,0.63,1076,5505.0
0.012,22.0,0.59,1181,5814.0
0.029,20.0,0.68,808,4990.0
0.009,30.0,0.44,1010,5208.0
0.022,22.0,0.67,928,5972.0
0.026,26.0,0.66,1153,5224.0
0.014,30.0,0.41,903,5321.0
0.026,26.0,0.56,896,4090.0
0.02,27.0,0.69,1063,4642.0
0.03,24.0,0.65,1154,4137.0
0.018,27.0,0.52,1038,4767.0
0.026,26.0,0.69,1152,4120.0
0.023,30.0,0.55,918,4676.0
0.024,30.0,0.59,811,5289.0
0.027,23.0,0.49,1199,5957.0
0.019,21.0,0.47,834,4862.0
0.008,25.0,0.54,900,5397.0
0.023,28.0,0.7,833,5514.0
0.024,23.0,0.53,894,5275.0
0.014,22.0,0.63,897,5901.0
0.013,28.0,0.5,905,5712.0
0.01,25.0,0.54,1116,4721.0
0.019,27.0,0.43,839,5508.0
0.006,28.0,0.64,921,4325.0
0.008,24.0,0.45,1054,4344.0
0.013,29.0,0.7,937,4398.0
0.023,26.0,0.41,937,5116.0
0.012,28.0,0.46,1007,5812.0
0.008,22.0,0.64,851,4758.0
0.021,26.0,0.41,1004,5374.0
0.007,26.0,0.62,963,5710.0
0.023,27.0,0.43,1137,4179.0
0.015,23.0,0.45,1005,5553.0
0.008,20.0,0.41,989,4286.0
0.006,20.0,0.7,1062,4087.0
0.03,30.0,0.7,1170,5097.0
0.022,22.0,0.61,946,5219.0
0.018,21.0,0.49,1131,4230.0
0.018,29.0,0.6,1057,4062.0
0.013,26.0,0.59,885,4052.0
0.026,26.0,0.68,1142,4602.0
0.01,27.0,0.66,924,5162.0
0.027,21.0,0.65,845,5125.0
0.011,28.0,0.68,836,5911.0
0.01,27.0,0.68,977,4258.0
0.014,22.0,0.54,976,4274.0
0.017,25.0,0.55,1068,5239.0
0.011,22.0,0.62,1069,5252.0
0.006,27.0,0.66,1117,5170.0
0.017,22.0,0.58,1096,4371.0
0.019,23.0,0.66,1098,4985.0
0.012,21.0,0.64,936,5072.0
0.02,23.0,0.63,974,5336.0
0.023,21.0,0.46,1181,4450.0
0.015,24.0,0.63,1043,4485.0
0.023,27.0,0.44,852,5522.0
0.016,30.0,0.51,1037,5537.0
0.025,26.0,0.54,880,5744.0
0.009,22.0,0.42,1076,5867.0
0.018,29.0,0.46,922,5448.0
0.026,23.0,0.45,818,5793.0
0.029,30.0,0.66,848,4980.0
0.016,29.0,0.56,1006,5480.0
0.026,27.0,0.54,1147,4843.0
0.029,23.0,0.44,1020,4467.0
0.013,30.0,0.67,965,5196.0
0.006,22.0,0.42,976,5578.0
0.013,24.0,0.57,894,4943.0
0.027,20.0,0.45,1025,4788.0
0.02,23.0,0.7,1017,5217.0
0.018,27.0,0.58,890,5434.0
0.012,23.0,0.51,1101,5931.0
0.02,21.0,0.45,819,5727.0
0.027,20.0,0.53,1065,5912.0
0.007,24.0,0.56,1060,4808.0
0.015,30.0,0.6,1147,5400.0
0.012,27.0,0.52,874,4509.0
0.011,28.0,0.62,1082,5608.0
0.024,25.0,0.54,961,5857.0
0.016,28.0,0.49,936,4030.0
0.029,30.0,0.44,1067,4838.0
0.009,25.0,0.49,1086,5142.0
0.023,22.0,0.56,1134,5160.0
0.008,30.0,0.5,848,4375.0
0.008,28.0,0.43,1045,4668.0
0.015,27.0,0.69,1021,5752.0
0.021,24.0,0.43,1029,4699.0
0.025,29.0,0.66,1119,4023.0
0.007,24.0,0.7,1125,5108.0
0.02,27.0,0.53,824,5546.0
0.025,22.0,0.4,836,5851.0
0.018,23.0,0.44,1190,4519.0
0.011,29.0,0.66,1149,5913.0
0.006,29.0,0.61,1100,5164.0
0.015,28.0,0.58,828,5974.0
0.01,29.0,0.68,1165,5740.0
0.014,25.0,0.68,1082,4046.0
0.024,25.0,0.69,1036,4250.0
0.022,21.0,0.68,1160,4548.0
0.016,28.0,0.64,901,5868.0
0.008,23.0,0.53,826,5033.0
0.015,30.0,0.58,812,4743.0
0.022,21.0,0.62,943,4703.0
0.028,28.0,0.54,821,4531.0
0.028,23.0,0.59,912,5385.0
0.017,25.0,0.43,1011,5487.0
0.009,28.0,0.67,1164,5947.0
0.02,30.0,0.53,886,4371.0
0.018,26.0,0.51,966,4459.0
0.015,20.0,0.64,1143,5641.0
0.008,29.0,0.7,819,5069.0
0.016,30.0,0.56,1047,5544.0
0.03,26.0,0.53,1058,4045.0
0.013,28.0,0.48,1024,5686.0
0.011,27.0,0.47,1131,5265.0
0.024,29.0,0.45,844,4441.0
0.017,30.0,0.67,1104,5015.0
0.022,30.0,0.55,1127,4827.0
0.021,24.0,0.51,966,5464.0
0.013,29.0,0.59,935,4289.0
0.009,23.0,0.53,1184,4509.0
0.028,27.0,0.48,1087,5572.0
0.006,24.0,0.51,804,5795.0
0.024,21.0,0.52,930,4616.0
0.027,25.0,0.45,1139,4179.0
0.007,21.0,0.64,831,4954.0
0.019,21.0,0.54,1144,4113.0
0.028,22.0,0.48,895,5675.0
0.03,23.0,0.65,1164,4112.0
0.026,27.0,0.47,1145,5458.0
0.02,20.0,0.4,863,4361.0
0.013,27.0,0.54,973,4858.0
0.024,22.0,0.47,1175,5091.0
0.015,22.0,0.49,831,4624.0
0.029,21.0,0.54,1088,5609.0
0.008,27.0,0.54,859,4380.0
0.014,23.0,0.66,1146,5572.0
0.017,24.0,0.62,1157,5204.0
0.013,21.0,0.47,1130,4756.0
0.025,24.0,0.66,1085,5158.0
0.006,23.0,0.61,980,5398.0
0.015,29.0,0.57,1053,4970.0
0.01,22.0,0.6,1070,4473.0
0.03,26.0,0.56,834,5496.0
0.013,28.0,0.59,937,5012.0
0.021,30.0,0.58,1151,5757.0
0.007,30.0,0.59,884,5558.0
0.017,21.0,0.67,847,5169.0
0.012,25.0,0.46,1010,5175.0
0.016,23.0,0.51,835,5467.0
0.009,30.0,0.57,847,4643.0
0.008,23.0,0.62,1076,4586.0
0.026,29.0,0.69,889,5291.0
0.029,21.0,0.62,857,4551.0
0.02,23.0,0.43,803,5010.0
0.026,27.0,0.67,940,4917.0
0.015,22.0,0.65,1047,5912.0
0.006,29.0,0.53,902,4724.0
0.013,27.0,0.67,1072,5988.0
0.027,25.0,0.43,1164,4804.0
0.008,30.0,0.69,1004,5195.0
0.029,24.0,0.68,803,5565.0
0.025,27.0,0.59,1021,5826.0
0.022,21.0,0.54,1125,4323.0
0.01,20.0,0.57,811,5855.0
0.013,28.0,0.61,1168,5463.0
0.013,20.0,0.44,911,5814.0
0.027,30.0,0.52,824,4963.0
0.008,24.0,0.63,914,4469.0
0.022,23.0,0.47,926,5673.0
0.01,24.0,0.61,885,4591.0
0.014,30.0,0.59,1067,4571.0
0.022,21.0,0.7,1167,4463.0
0.006,30.0,0.52,940,5104.0
0.019,30.0,0.56,894,4476.0
0.009,30.0,0.53,980,4179.0
0.007,20.0,0.66,1156,5199.0
0.014,24.0,0.58,954,5969.0
0.024,27.0,0.41,951,5434.0
0.012,28.0,0.59,955,4788.0
0.011,30.0,0.63,891,5721.0
0.028,22.0,0.62,1134,4930.0
0.028,24.0,0.5,1012,5430.0
0.006,23.0,0.54,1022,5327.0
0.027,23.0,0.45,880,4430.0
0.02,24.0,0.6,964,5952.0
0.026,29.0,0.65,1036,5890.0
0.026,27.0,0.42,1124,4643.0
0.024,21.0,0.45,1173,5209.0
0.015,20.0,0.47,868,4038.0
0.023,20.0,0.46,1065,4539.0
0.021,27.0,0.41,1025,4203.0
0.028,28.0,0.7,866,5260.0
0.008,26.0,0.51,976,5555.0
0.029,22.0,0.42,916,5974.0
0.011,21.0,0.44,807,5403.0
0.03,28.0,0.57,939,5773.0
0.01,27.0,0.62,861,5481.0
0.028,20.0,0.62,1065,5038.0
0.005,20.0,0.62,925,4932.0
0.025,20.0,0.65,1196,4918.0
0.028,30.0,0.59,1179,5552.0
0.013,28.0,0.65,1072,4397.0
0.028,21.0,0.49,1129,5311.0
0.012,23.0,0.51,911,5559.0
0.024,26.0,0.49,1160,5085.0
0.021,30.0,0.68,845,5530.0
0.018,24.0,0.43,1199,4019.0
0.008,30.0,0.66,1173,5122.0
0.008,25.0,0.64,832,5263.0
0.014,23.0,0.58,1128,4717.0
0.028,23.0,0.54,1071,5283.0
0.019,24.0,0.44,872,5309.0
0.018,27.0,0.66,1170,5219.0
0.016,20.0,0.42,1077,5743.0
0.009,29.0,0.58,952,5766.0
0.023,27.0,0.51,1152,4931.0
0.018,22.0,0.7,1042,5691.0
0.009,20.0,0.4,976,5613.0
0.027,22.0,0.65,869,4005.0
0.02,24.0,0.5,819,5697.0
0.009,22.0,0.44,948,4101.0
0.026,22.0,0.43,1187,5888.0
0.026,22.0,0.59,995,4894.0
0.012,23.0,0.69,1077,5335.0
0.017,23.0,0.4,1126,4897.0
0.02,23.0,0.59,997,5284.0
0.009,25.0,0.58,1004,5541.0
0.014,29.0,0.44,1111,4640.0
0.021,20.0,0.49,857,4892.0
0.025,27.0,0.44,889,5331.0
0.009,24.0,0.59,1152,4112.0
0.008,30.0,0.48,1129,4467.0
0.02,26.0,0.47,1149,5216.0
0.02,23.0,0.63,913,4227.0
0.013,30.0,0.69,1075,5819.0
0.021,27.0,0.48,1086,4469.0
0.016,30.0,0.68,979,4012.0
0.03,26.0,0.6,892,5405.0
0.013,23.0,0.68,880,5466.0
0.017,24.0,0.67,1196,5021.0
0.029,26.0,0.6,897,5657.0
0.022,20.0,0.4,1177,5337.0
0.023,28.0,0.57,985,4650.0
0.021,29.0,0.43,1084,5712.0
0.013,23.0,0.55,1047,4827.0
0.005,27.0,0.52,1095,4983.0
0.005,22.0,0.62,890,5277.0
0.021,22.0,0.42,1052,4360.0
0.016,24.0,0.44,1199,5093.0
0.019,22.0,0.41,1018,4850.0
0.013,25.0,0.68,863,4769.0
0.018,21.0,0.57,1136,5027.0
0.013,30.0,0.49,898,4736.0
0.03,29.0,0.44,802,5900.0
0.007,22.0,0.44,1142,4918.0
0.021,29.0,0.67,926,4115.0
0.009,24.0,0.5,804,5024.0
0.016,25.0,0.52,868,4304.0
0.023,27.0,0.68,1029,4757.0
0.013,20.0,0.56,963,5438.0
0.011,24.0,0.57,927,4258.0
0.026,23.0,0.61,1079,5202.0
0.009,21.0,0.5,1038,4043.0
0.03,30.0,0.57,939,4449.0
0.03,30.0,0.63,918,4427.0
0.028,27.0,0.43,919,4029.0
0.021,21.0,0.43,958,4136.0
0.018,29.0,0.6,803,4938.0
0.013,26.0,0.68,1077,5624.0
0.008,23.0,0.56,820,5322.0
0.006,27.0,0.7,980,4027.0
0.008,23.0,0.52,874,4376.0
0.009,27.0,0.61,1050,4015.0
0.006,23.0,0.49,915,5665.0
0.014,20.0,0.54,908,4992.0
0.021,26.0,0.58,952,5751.0
0.027,25.0,0.59,1031,5702.0
0.007,28.0,0.6,1077,5304.0
0.006,23.0,0.63,882,4216.0
0.006,22.0,0.45,1141,4751.0
0.013,20.0,0.63,1192,5807.0
0.015,22.0,0.56,928,4584.0
0.022,30.0,0.42,1178,4821.0
0.022,27.0,0.48,913,5814.0
0.022,30.0,0.63,1134,4312.0
0.007,29.0,0.42,1105,4473.0
0.007,27.0,0.64,881,5835.0
0.016,26.0,0.42,877,4941.0
0.015,25.0,0.69,832,5400.0
0.026,20.0,0.45,868,4688.0
0.013,26.0,0.56,955,5274.0
0.008,26.0,0.42,1157,4043.0
0.02,30.0,0.48,959,4606.0
0.014,26.0,0.69,1088,5793.0
0.01,29.0,0.52,1081,4882.0
0.018,29.0,0.46,981,5932.0
0.015,23.0,0.47,1181,4653.0
0.016,26.0,0.64,1188,5341.0
0.006,27.0,0.46,887,4762.0
0.013,21.0,0.54,1147,4044.0
0.018,21.0,0.45,1147,4429.0
0.009,24.0,0.48,1134,4769.0
0.012,28.0,0.43,848,4682.0
0.013,30.0,0.69,1070,5723.0
0.01,24.0,0.59,1042,5665.0
0.024,24.0,0.52,896,5535.0
0.029,30.0,0.63,874,4409.0
0.015,24.0,0.45,1100,5141.0
0.01,24.0,0.64,826,4417.0
0.014,27.0,0.48,1042,5715.0
0.029,24.0,0.57,1055,5555.0
0.006,21.0,0.66,1154,4029.0
0.011,29.0,0.44,929,5806.0
0.027,27.0,0.68,1025,4123.0
0.019,21.0,0.61,1068,4793.0
0.02,24.0,0.48,992,4072.0
0.028,24.0,0.59,952,5017.0
0.028,28.0,0.51,1058,4902.0
0.006,24.0,0.51,1170,4079.0
0.01,21.0,0.49,994,4596.0
0.008,24.0,0.46,1084,5898.0
0.019,25.0,0.6,933,4336.0
0.007,28.0,0.58,1149,4445.0
0.007,30.0,0.51,951,4860.0
0.023,20.0,0.59,1156,4817.0
0.024,22.0,0.65,833,5540.0
0.007,21.0,0.55,1048,5297.0
0.024,24.0,0.4,1050,5053.0
0.01,26.0,0.47,1192,4186.0
0.024,24.0,0.47,954,5732.0
0.02,25.0,0.6,892,4071.0
0.019,23.0,0.68,827,5562.0
0.015,20.0,0.59,950,4134.0
0.006,22.0,0.65,812,4591.0
0.026,27.0,0.6,1014,5171.0
0.021,30.0,0.6,1118,4145.0
0.017,20.0,0.62,1122,4109.0
0.006,21.0,0.63,1156,5613.0
0.019,23.0,0.41,998,4313.0
0.012,23.0,0.67,929,4098.0
0.009,21.0,0.61,1118,5504.0
0.015,29.0,0.56,820,4101.0
0.028,27.0,0.5,969,5232.0
0.024,26.0,0.59,924,4058.0
0.012,25.0,0.53,1164,5268.0
0.029,29.0,0.66,937,4076.0
0.028,23.0,0.49,1101,5257.0
0.026,21.0,0.5,823,4076.0
0.011,28.0,0.63,1145,4828.0
0.025,25.0,0.43,1095,5743.0
0.006,27.0,0.53,1117,4599.0
0.012,26.0,0.41,1095,5163.0
0.009,27.0,0.56,800,5129.0
0.018,30.0,0.45,856,4016.0
0.006,21.0,0.63,978,4794.0
0.008,30.0,0.52,946,5640.0
0.015,27.0,0.45,865,4995.0
0.025,23.0,0.7,1087,4198.0
0.025,21.0,0.68,1189,4584.0
0.012,28.0,0.67,944,4074.0
0.009,27.0,0.54,893,5689.0
0.017,24.0,0.53,1138,5562.0
0.029,27.0,0.58,933,5096.0
0.018,29.0,0.46,885,4742.0
0.015,26.0,0.41,948,5784.0
0.008,20.0,0.48,1068,5659.0
0.007,28.0,0.55,1146,5438.0
0.028,24.0,0.58,831,4218.0
0.026,22.0,0.46,1155,5935.0
0.021,23.0,0.51,1177,4118.0
0.021,21.0,0.61,874,5456.0
0.018,23.0,0.59,808,4432.0
0.024,25.0,0.64,1077,5839.0
0.015,20.0,0.54,1061,4075.0
0.023,20.0,0.43,1134,5470.0
0.028,30.0,0.7,1025,4334.0
0.009,20.0,0.43,878,5747.0
0.012,23.0,0.52,1050,5387.0
0.027,25.0,0.69,1002,4441.0
0.029,20.0,0.65,1042,5868.0
0.008,27.0,0.49,1114,4486.0
0.02,27.0,0.65,934,5214.0
0.029,29.0,0.69,1021,4342.0
0.011,21.0,0.4,1076,4986.0
0.008,29.0,0.65,937,5678.0
0.021,23.0,0.51,1142,5663.0
0.025,30.0,0.52,916,5914.0
0.017,22.0,0.7,1187,4558.0
0.006,28.0,0.42,839,4626.0
0.014,20.0,0.52,1138,4042.0
0.012,22.0,0.7,1032,5254.0
0.017,28.0,0.46,1122,5007.0
0.006,23.0,0.53,930,5241.0
0.008,22.0,0.61,867,5249.0
0.013,21.0,0.57,1101,5500.0
0.024,27.0,0.58,1080,4402.0
0.008,27.0,0.45,926,5400.0
0.021,26.0,0.55,1050,5401.0
0.01,30.0,0.49,1105,5517.0
0.008,23.0,0.5,1163,5488.0
0.02,25.0,0.7,1096,5628.0
0.029,29.0,0.5,1142,4823.0
0.014,20.0,0.51,997,5172.0
0.012,30.0,0.52,943,5975.0
0.022,20.0,0.58,929,4309.0
0.022,23.0,0.53,924,5859.0
0.029,21.0,0.68,1067,5553.0
0.021,29.0,0.42,992,5893.0
0.018,25.0,0.66,1145,5673.0
0.026,22.0,0.56,910,4737.0
0.01,27.0,0.65,973,4499.0
0.009,24.0,0.53,881,5159.0
0.01,30.0,0.63,967,4794.0
0.016,27.0,0.66,1142,4742.0
0.028,25.0,0.47,1127,4908.0
0.025,28.0,0.46,1043,5090.0
0.018,23.0,0.48,1077,4417.0
0.011,22.0,0.41,1075,4058.0
0.005,21.0,0.64,975,4738.0
0.018,29.0,0.41,928,4402.0
0.008,21.0,0.63,927,4233.0
0.017,23.0,0.55,1187,5297.0
0.029,20.0,0.59,950,5206.0
0.008,27.0,0.65,1196,4095.0
0.017,23.0,0.47,831,4231.0
0.009,29.0,0.43,826,4752.0
0.03,30.0,0.66,881,4806.0
0.013,23.0,0.5,974,5018.0
0.025,22.0,0.41,979,5027.0
0.005,27.0,0.59,985,5526.0
0.02,24.0,0.58,1165,5035.0
0.014,22.0,0.6,995,4740.0
0.009,24.0,0.55,945,5061.0
0.008,27.0,0.64,1046,5454.0
0.014,23.0,0.47,908,5235.0
0.019,28.0,0.52,971,5382.0
0.011,30.0,0.48,1022,4236.0
0.021,20.0,0.69,1080,4515.0
0.03,24.0,0.4,1183,5440.0
0.017,20.0,0.59,1097,4480.0
0.024,21.0,0.45,940,4949.0
0.017,29.0,0.61,1074,4811.0
0.016,23.0,0.51,1071,4359.0
0.017,24.0,0.63,940,4393.0
0.025,25.0,0.55,963,4347.0
0.022,20.0,0.53,1056,5423.0
0.021,24.0,0.48,996,4021.0
0.024,24.0,0.7,1141,5687.0
0.018,27.0,0.64,1036,4543.0
0.008,22.0,0.5,1060,4125.0
0.029,20.0,0.63,1172,5965.0
0.027,22.0,0.5,942,4316.0
0.02,24.0,0.66,1082,4811.0
0.013,28.0,0.62,1160,5143.0
0.027,24.0,0.4,962,5604.0
0.011,23.0,0.46,900,4641.0
0.022,24.0,0.46,1008,4554.0
0.027,25.0,0.58,1158,4282.0
0.021,24.0,0.43,910,5725.0
0.025,30.0,0.62,853,5310.0
0.013,30.0,0.53,1178,4870.0
0.013,23.0,0.58,1031,5739.0
0.006,21.0,0.69,927,5044.0
0.009,27.0,0.66,939,5398.0
0.008,29.0,0.53,1191,5069.0
0.012,29.0,0.46,1065,5929.0
0.017,25.0,0.64,977,4081.0
0.013,25.0,0.46,840,5617.0
0.014,22.0,0.65,855,4574.0
0.017,29.0,0.53,874,5442.0
0.005,20.0,0.54,819,4873.0
0.01,23.0,0.52,856,5014.0
0.026,29.0,0.55,852,5323.0
0.008,30.0,0.57,970,4259.0
0.012,27.0,0.49,1001,5341.0
0.009,25.0,0.68,838,4251.0
0.006,28.0,0.51,901,5586.0
0.02,24.0,0.67,910,5897.0
0.024,21.0,0.49,1177,4411.0
0.029,22.0,0.6,901,5222.0
0.007,26.0,0.66,822,5684.0
0.022,27.0,0.57,964,5837.0
0.005,26.0,0.56,818,5259.0
0.016,20.0,0.65,824,4891.0
0.007,24.0,0.44,861,5247.0
0.024,21.0,0.42,925,5618.0
0.022,21.0,0.56,1016,4881.0
0.017,25.0,0.56,955,5681.0
0.014,20.0,0.61,813,4660.0
0.018,21.0,0.66,832,4152.0
0.006,27.0,0.59,889,5543.0
0.017,21.0,0.65,814,4302.0
0.013,20.0,0.49,863,5641.0
0.014,26.0,0.68,872,5103.0
0.029,27.0,0.58,1195,5594.0
0.025,24.0,0.4,1198,4832.0
0.006,28.0,0.59,1149,5257.0
0.02,25.0,0.68,813,5767.0
0.017,20.0,0.66,1190,5416.0
0.024,21.0,0.7,890,4610.0
0.022,21.0,0.62,991,5344.0
0.007,22.0,0.52,1175,4028.0
0.009,30.0,0.4,1002,4222.0
0.015,27.0,0.43,893,5426.0
0.007,26.0,0.7,985,4564.0
0.024,29.0,0.68,1025,5613.0
0.019,30.0,0.6,953,5782.0
0.019,21.0,0.6,1177,4784.0
0.024,27.0,0.63,1117,5515.0
0.006,22.0,0.41,944,5844.0
0.011,22.0,0.54,1085,5001.0
0.013,29.0,0.53,1190,5113.0
0.017,20.0,0.68,1089,5800.0
0.005,26.0,0.65,962,4972.0
0.009,22.0,0.64,1124,4706.0
0.023,25.0,0.57,1072,5225.0
0.02,25.0,0.42,892,5629.0
0.02,21.0,0.5,1142,4997.0
0.016,22.0,0.43,1183,5445.0
0.011,28.0,0.61,846,4802.0
0.008,25.0,0.46,1168,4939.0
0.023,22.0,0.69,827,5116.0
0.014,23.0,0.55,949,5737.0
0.009,22.0,0.55,946,4276.0
0.015,28.0,0.64,1063,4698.0
0.007,25.0,0.68,926,5503.0
0.018,24.0,0.69,1177,5664.0
0.024,22.0,0.41,995,5937.0
0.024,21.0,0.68,1125,4808.0
0.007,25.0,0.5,1085,4058.0
0.027,29.0,0.55,831,4881.0
0.013,25.0,0.41,1086,4901.0
0.01,20.0,0.68,960,4990.0
0.017,26.0,0.52,1151,5802.0
0.028,30.0,0.67,1088,4968.0
0.012,21.0,0.57,879,4009.0
0.025,30.0,0.69,954,4286.0
0.01,20.0,0.59,849,5108.0
0.022,27.0,0.6,1194,4914.0
0.008,29.0,0.61,880,5073.0
0.029,21.0,0.5,888,4503.0
0.023,30.0,0.56,1117,4468.0
0.015,30.0,0.5,858,5825.0
0.028,27.0,0.47,879,4468.0
0.008,30.0,0.65,959,5850.0
0.014,21.0,0.57,851,5019.0
0.021,24.0,0.68,914,5854.0
0.019,25.0,0.45,903,4383.0
0.018,27.0,0.61,963,4281.0
0.008,22.0,0.47,1063,4002.0
0.017,24.0,0.42,1052,4673.0
0.026,24.0,0.43,880,5209.0
0.008,27.0,0.46,815,4723.0
0.026,25.0,0.64,1159,5397.0
0.017,28.0,0.6,916,5435.0
0.016,21.0,0.55,1035,4298.0
0.028,23.0,0.7,1195,4776.0
0.012,23.0,0.55,1010,4441.0
0.013,26.0,0.41,1005,5283.0
0.014,28.0,0.6,1063,5834.0
0.018,20.0,0.65,962,5622.0
0.029,25.0,0.42,934,4057.0
0.02,30.0,0.59,1027,4891.0
0.028,29.0,0.61,926,5447.0
0.025,27.0,0.59,985,4854.0
0.024,22.0,0.56,1004,5700.0
0.009,26.0,0.64,1124,5212.0
0.027,28.0,0.65,1054,4284.0
0.022,29.0,0.43,978,5159.0
0.006,20.0,0.48,1164,5830.0
0.014,25.0,0.55,1176,5944.0
0.028,24.0,0.6,895,5537.0
0.015,29.0,0.62,883,4661.0
0.015,26.0,0.55,817,4270.0
0.006,27.0,0.6,876,4014.0
0.009,25.0,0.54,922,4900.0
0.023,27.0,0.56,904,5430.0
0.018,28.0,0.63,983,4484.0
0.007,28.0,0.41,1158,5740.0
0.021,21.0,0.62,820,5297.0
0.018,22.0,0.4,801,4697.0
0.025,27.0,0.64,823,5381.0
0.011,20.0,0.62,1116,4519.0
0.028,27.0,0.54,1095,5318.0
0.013,25.0,0.65,870,4202.0
0.02,30.0,0.48,1088,4522.0
0.007,28.0,0.7,1161,4942.0
0.028,24.0,0.7,980,5329.0
0.019,22.0,0.55,869,4584.0
0.018,21.0,0.59,1010,4760.0
0.013,20.0,0.45,1056,4167.0
0.011,30.0,0.45,1190,5711.0
0.019,29.0,0.48,977,4619.0
0.009,23.0,0.58,877,5892.0
0.016,29.0,0.44,1063,5415.0
0.007,25.0,0.48,956,4989.0
0.015,23.0,0.47,979,5386.0
0.014,25.0,0.55,1181,5102.0
0.017,21.0,0.64,944,5056.0
0.027,23.0,0.53,936,4615.0
0.007,21.0,0.7,1143,4878.0
0.03,22.0,0.7,812,5518.0
0.012,21.0,0.66,803,4391.0
0.005,26.0,0.67,1017,5874.0
0.023,24.0,0.64,1017,5220.0
0.009,22.0,0.67,884,4457.0
0.021,20.0,0.43,1190,4239.0
0.011,20.0,0.42,1084,4786.0
0.011,29.0,0.53,958,4564.0
0.013,23.0,0.52,922,4507.0
0.009,30.0,0.51,823,5544.0
0.006,27.0,0.7,884,4654.0
0.022,25.0,0.54,1038,5761.0
0.011,22.0,0.7,999,5378.0
0.021,20.0,0.42,829,5760.0
0.021,23.0,0.68,1149,4450.0
0.01,26.0,0.43,930,5967.0
0.027,21.0,0.52,1094,4685.0
0.028,22.0,0.42,945,4369.0
0.013,27.0,0.65,1192,5348.0
0.008,30.0,0.4,1199,4768.0
0.028,30.0,0.51,1120,4153.0
0.029,20.0,0.43,862,4874.0
0.024,30.0,0.6,1017,4027.0
0.025,23.0,0.68,1191,5978.0
0.017,22.0,0.55,946,4415.0
0.029,26.0,0.55,922,4823.0
0.02,29.0,0.7,1087,4390.0
0.025,24.0,0.4,976,4649.0
0.005,21.0,0.52,1142,4853.0
0.009,28.0,0.42,1155,5880.0
0.006,28.0,0.47,1106,4079.0
0.018,24.0,0.7,918,5419.0
0.022,24.0,0.68,1166,5752.0
0.005,20.0,0.66,816,5719.0
0.008,29.0,0.57,907,5897.0
0.019,21.0,0.6,890,5442.0
0.025,27.0,0.64,1136,5093.0
0.019,25.0,0.5,972,5632.0
0.013,30.0,0.57,1109,4645.0
0.026,25.0,0.65,1185,5022.0
0.024,29.0,0.55,925,4757.0
0.006,29.0,0.4,862,4455.0
0.018,21.0,0.66,834,5892.0
0.007,26.0,0.45,1198,4658.0
0.024,22.0,0.45,1104,5042.0
0.022,22.0,0.59,1045,5434.0
0.022,22.0,0.48,855,4047.0
0.027,28.0,0.65,858,4472.0
0.018,28.0,0.46,1111,5097.0
0.018,20.0,0.48,958,5948.0
0.02,26.0,0.41,913,4562.0
0.027,26.0,0.46,1198,5990.0
0.017,28.0,0.59,825,4879.0
0.027,26.0,0.61,1197,4002.0
0.023,24.0,0.42,1050,5224.0
0.029,20.0,0.57,1189,4490.0
0.017,28.0,0.49,805,5988.0
0.028,30.0,0.7,960,4566.0
0.013,27.0,0.6,1044,5762.0
0.009,21.0,0.5,1059,4422.0
0.022,23.0,0.48,883,5318.0
0.02,27.0,0.69,1158,5747.0
0.012,21.0,0.61,1037,5107.0
0.012,23.0,0.55,1046,5085.0
0.025,27.0,0.44,947,4257.0
0.019,27.0,0.52,1073,5471.0
0.014,27.0,0.4,839,4564.0
0.023,27.0,0.5,904,4567.0
0.029,28.0,0.4,963,5202.0
0.008,26.0,0.69,1179,4830.0
0.016,26.0,0.56,1082,4725.0
0.019,28.0,0.67,820,4496.0
0.015,24.0,0.68,903,4592.0
0.007,28.0,0.43,1178,5647.0
0.009,28.0,0.66,1146,5171.0
0.018,23.0,0.45,892,5215.0
0.016,24.0,0.4,1139,5948.0
0.014,25.0,0.6,1076,5734.0
0.012,30.0,0.43,1188,5495.0
0.029,20.0,0.61,803,4830.0
0.007,23.0,0.6,1124,4350.0
0.01,25.0,0.65,934,4058.0
0.018,21.0,0.7,975,5860.0
0.009,28.0,0.48,953,5944.0
0.027,27.0,0.47,879,5081.0
0.027,26.0,0.47,1015,5253.0
0.009,25.0,0.64,961,5644.0
0.027,30.0,0.58,1089,4080.0
0.03,21.0,0.49,1119,5719.0
0.016,21.0,0.63,1158,4266.0
0.026,22.0,0.62,1171,4755.0
0.021,21.0,0.65,823,4635.0
0.027,28.0,0.69,842,4638.0
0.005,24.0,0.6,1187,5769.0
0.026,27.0,0.63,1069,4672.0
0.021,26.0,0.55,945,4166.0
0.013,23.0,0.48,1106,4669.0
0.02,24.0,0.67,860,4860.0
0.007,28.0,0.61,1126,4741.0
0.011,30.0,0.58,1103,5208.0
0.009,23.0,0.69,1090,5835.0
0.027,25.0,0.68,939,4784.0
0.029,20.0,0.66,847,5050.0
0.015,27.0,0.47,1187,4809.0
0.007,25.0,0.63,812,5621.0
0.015,28.0,0.66,1128,5440.0
0.026,22.0,0.45,1059,5930.0
0.019,26.0,0.62,981,4900.0
0.014,29.0,0.42,1089,5315.0
0.02,23.0,0.56,876,5156.0
0.011,26.0,0.62,802,5258.0
0.02,25.0,0.6,957,5188.0
0.023,23.0,0.69,1054,4863.0
0.023,30.0,0.65,823,5355.0
0.021,25.0,0.68,864,4721.0
0.026,24.0,0.4,942,5883.0
0.006,21.0,0.5,837,4606.0
0.023,30.0,0.58,927,5206.0
0.027,25.0,0.47,1173,4015.0
0.005,29.0,0.52,1027,5405.0
0.014,22.0,0.56,1026,4058.0
0.011,30.0,0.43,858,5764.0
0.015,28.0,0.41,812,5326.0
0.009,29.0,0.51,918,5691.0
0.006,30.0,0.43,871,4191.0
0.011,30.0,0.41,1091,5331.0
0.026,24.0,0.58,843,4759.0
0.016,28.0,0.7,1089,5272.0
0.016,27.0,0.49,983,4289.0
0.011,21.0,0.67,974,4968.0
0.014,30.0,0.48,1091,5935.0
0.024,26.0,0.53,1176,4640.0
0.013,24.0,0.67,871,4376.0
0.013,29.0,0.7,824,5312.0
0.024,27.0,0.58,844,5870.0
0.029,30.0,0.55,816,5345.0
0.028,22.0,0.6,815,5980.0
0.02,26.0,0.48,1068,4686.0
0.024,23.0,0.54,1082,4592.0
0.01,21.0,0.52,1154,4177.0
0.006,28.0,0.61,1008,5438.0
0.012,21.0,0.55,993,4108.0
0.008,26.0,0.56,838,5838.0
0.009,28.0,0.58,985,5403.0
0.026,30.0,0.49,1193,5551.0
0.029,24.0,0.4,1068,4250.0
0.018,30.0,0.66,1095,5074.0
0.027,23.0,0.57,1007,4759.0
0.014,28.0,0.47,863,5261.0
0.018,30.0,0.48,1143,5874.0
0.024,24.0,0.55,848,5079.0
0.024,30.0,0.64,824,5348.0
0.011,24.0,0.67,997,5517.0
0.007,21.0,0.68,997,5204.0
0.025,20.0,0.48,827,4186.0
0.021,24.0,0.61,880,4267.0
0.014,27.0,0.66,1151,5378.0
0.005,22.0,0.58,1046,5529.0
0.007,22.0,0.6,1016,4379.0
0.015,21.0,0.45,952,4401.0
0.014,20.0,0.62,1136,4713.0
0.024,23.0,0.6,821,5310.0
0.017,22.0,0.68,923,5407.0
0.024,29.0,0.68,858,4256.0
0.014,20.0,0.64,879,5721.0
0.014,26.0,0.7,1013,5525.0
0.029,26.0,0.69,1053,4642.0
0.029,22.0,0.66,1051,5177.0
0.023,23.0,0.52,1155,5726.0
0.008,28.0,0.59,973,5552.0
0.011,23.0,0.47,899,5347.0
0.024,25.0,0.42,841,4336.0
0.009,29.0,0.6,1175,5580.0
0.029,30.0,0.58,853,5670.0
0.011,30.0,0.58,1184,5108.0
0.025,21.0,0.42,1062,4068.0
0.019,28.0,0.66,803,5652.0
0.009,30.0,0.6,934,4781.0
0.014,27.0,0.56,964,4933.0
0.01,27.0,0.47,987,5102.0
0.02,25.0,0.55,1133,4089.0
0.017,27.0,0.53,976,4479.0
0.026,25.0,0.65,1081,4171.0
0.01,24.0,0.59,1007,4733.0
0.014,28.0,0.41,938,5943.0
0.023,21.0,0.64,1167,4100.0
0.01,27.0,0.5,954,5522.0
0.015,22.0,0.61,1052,5409.0
0.012,23.0,0.57,848,5796.0
0.026,21.0,0.59,980,4016.0
0.011,22.0,0.6,1116,5944.0
0.01,20.0,0.58,1134,4934.0
0.022,20.0,0.51,1058,5470.0
0.012,20.0,0.4,950,4306.0
0.018,29.0,0.5,1130,4410.0
0.007,26.0,0.7,868,4594.0
0.009,22.0,0.69,948,4502.0
0.022,30.0,0.62,873,5630.0
0.023,20.0,0.59,967,4986.0
0.008,23.0,0.61,919,5352.0
0.027,25.0,0.55,1111,4145.0
0.02,26.0,0.6,1157,4296.0
0.012,27.0,0.4,1042,4080.0
0.006,30.0,0.66,1178,5039.0
0.007,25.0,0.59,1089,4488.0
0.024,29.0,0.47,1035,4703.0
0.014,22.0,0.42,1191,5380.0
0.01,27.0,0.4,929,5030.0
0.02,22.0,0.58,986,4596.0
0.022,24.0,0.67,938,5520.0
0.025,20.0,0.58,1138,5761.0
0.006,23.0,0.42,827,4455.0
0.013,25.0,0.7,1174,5748.0
0.026,20.0,0.42,1083,5478.0
0.015,25.0,0.48,1090,5349.0
0.014,28.0,0.46,1040,5521.0
0.028,20.0,0.41,1184,4620.0
0.01,30.0,0.47,842,5656.0
0.011,27.0,0.59,1025,4350.0
0.027,29.0,0.51,818,5196.0
0.028,26.0,0.54,832,5802.0
0.011,26.0,0.54,1015,4305.0
0.02,25.0,0.47,918,4541.0
0.008,22.0,0.65,812,4771.0
0.024,24.0,0.64,1068,4743.0
0.02,29.0,0.42,1115,5905.0
0.024,22.0,0.42,1139,4203.0
0.019,28.0,0.59,835,4456.0
0.026,20.0,0.41,1164,5964.0
0.026,25.0,0.67,1128,4864.0
0.023,20.0,0.45,859,5565.0
0.013,29.0,0.41,807,4194.0
0.023,29.0,0.67,1161,4859.0
0.018,26.0,0.6,858,5455.0
0.023,27.0,0.43,968,5166.0
0.022,28.0,0.56,910,4779.0
0.012,25.0,0.6,1115,4240.0
0.022,28.0,0.66,857,5956.0
0.024,26.0,0.56,810,5924.0
0.012,27.0,0.41,1009,5471.0
0.012,27.0,0.65,1068,5846.0
0.006,29.0,0.67,994,4634.0
0.027,20.0,0.58,942,4463.0
0.017,24.0,0.5,1177,5311.0
0.017,23.0,0.58,818,4330.0
0.021,22.0,0.49,1115,4797.0
0.016,27.0,0.56,841,5591.0
0.016,22.0,0.47,1110,4032.0
0.017,28.0,0.7,1084,5371.0
0.02,24.0,0.54,1085,5649.0
0.024,24.0,0.48,1140,5136.0
0.013,27.0,0.44,1067,4179.0
0.017,28.0,0.46,1045,5361.0
0.013,21.0,0.44,834,5910.0
0.024,27.0,0.54,877,4552.0
0.006,20.0,0.68,809,5693.0
0.025,22.0,0.66,1184,4319.0
0.014,25.0,0.69,1030,4582.0
0.012,30.0,0.7,1131,5066.0
0.029,26.0,0.49,849,4961.0
0.015,26.0,0.68,1172,5584.0
0.013,26.0,0.66,887,4081.0
0.005,30.0,0.64,1017,5960.0
0.02,22.0,0.41,996,4793.0
0.02,24.0,0.68,933,5443.0
0.007,30.0,0.65,1184,5401.0
0.016,24.0,0.55,1149,5093.0
0.008,23.0,0.52,1149,4116.0
0.017,27.0,0.66,807,5497.0
0.027,28.0,0.68,1080,4642.0
0.017,21.0,0.48,1131,4818.0
0.006,21.0,0.55,1089,5222.0
0.029,30.0,0.51,804,4129.0
0.007,27.0,0.45,1178,5890.0
0.028,22.0,0.44,1092,5792.0
0.028,20.0,0.49,1117,5002.0
0.024,28.0,0.67,883,4091.0
0.017,30.0,0.52,894,5015.0
0.023,21.0,0.49,1059,4676.0
0.02,25.0,0.66,1139,5478.0
0.012,23.0,0.58,888,5485.0
0.014,24.0,0.42,922,4020.0
0.008,24.0,0.45,945,5380.0
0.009,28.0,0.41,943,4611.0
0.025,24.0,0.41,1139,5014.0
0.028,24.0,0.5,828,4759.0
0.016,20.0,0.45,980,4500.0
0.012,27.0,0.57,1167,4313.0
0.02,24.0,0.45,1068,4128.0
0.015,28.0,0.41,1139,5072.0
0.028,29.0,0.57,1108,5592.0
0.008,27.0,0.43,829,4266.0
0.017,26.0,0.53,1120,4583.0
0.023,30.0,0.53,923,5238.0
0.027,26.0,0.67,1156,5337.0
0.011,21.0,0.68,874,5017.0
0.01,21.0,0.56,1012,4835.0
0.014,30.0,0.4,981,5891.0
0.028,27.0,0.7,1119,5975.0
0.016,23.0,0.56,966,5290.0
0.009,24.0,0.54,905,5886.0
0.009,21.0,0.57,1167,4357.0
0.027,23.0,0.65,995,4729.0
0.006,23.0,0.5,1055,5717.0
0.017,25.0,0.55,1033,5095.0
0.029,26.0,0.63,872,5939.0
0.028,29.0,0.63,800,4627.0
0.014,26.0,0.61,986,4563.0
0.022,21.0,0.69,861,4919.0
0.022,27.0,0.51,1157,4344.0
0.025,24.0,0.45,1029,4446.0
0.008,23.0,0.65,981,5292.0
0.024,28.0,0.54,813,4930.0
0.028,21.0,0.46,921,4631.0
0.014,25.0,0.52,1162,4635.0
0.013,23.0,0.62,1096,5072.0
0.017,30.0,0.5,947,5559.0
0.023,20.0,0.46,1049,4236.0
0.013,25.0,0.59,1031,5477.0
0.019,27.0,0.66,919,5719.0
0.018,20.0,0.6,1139,5209.0
0.03,30.0,0.42,913,4932.0
0.022,22.0,0.42,1033,5256.0
0.009,26.0,0.52,834,4667.0
0.028,26.0,0.48,859,4569.0
0.015,27.0,0.42,1034,4988.0
0.009,25.0,0.61,891,4420.0
0.014,25.0,0.6,1008,4325.0
0.03,25.0,0.5,939,5557.0
0.014,21.0,0.64,1004,5440.0
0.009,29.0,0.59,1141,4059.0
0.03,26.0,0.67,920,4367.0
0.026,24.0,0.46,836,5946.0
0.013,29.0,0.67,920,4669.0
0.02,25.0,0.58,1056,4205.0
0.029,22.0,0.69,1071,4116.0
0.02,22.0,0.68,1035,5251.0
0.029,24.0,0.42,1106,5733.0
0.02,25.0,0.64,1075,5480.0
0.005,26.0,0.68,929,4580.0
0.012,26.0,0.49,826,4569.0
0.013,20.0,0.5,907,4467.0
0.014,27.0,0.41,924,5909.0
0.013,26.0,0.63,890,5379.0
0.03,29.0,0.55,1110,5604.0
0.013,23.0,0.65,890,4484.0
0.024,26.0,0.54,1093,5577.0
0.024,22.0,0.52,806,5587.0
0.008,21.0,0.6,1028,4590.0
0.019,30.0,0.66,802,4580.0
0.005,23.0,0.54,1120,4794.0
0.013,20.0,0.58,1067,4352.0
0.023,21.0,0.63,905,5590.0
0.006,30.0,0.68,1002,4585.0
0.024,24.0,0.54,1127,5631.0
0.008,23.0,0.49,894,5859.0
0.029,30.0,0.44,987,5319.0
0.029,28.0,0.59,825,4076.0
0.008,21.0,0.53,827,5155.0
0.019,26.0,0.4,996,5195.0
0.025,25.0,0.55,853,5400.0
0.027,21.0,0.57,911,4997.0
0.008,22.0,0.42,1098,5015.0
0.026,26.0,0.55,1001,4540.0
0.029,29.0,0.48,1076,5052.0
0.013,23.0,0.65,1003,4682.0
0.006,30.0,0.45,907,5900.0
0.022,29.0,0.59,941,5874.0
0.026,25.0,0.62,937,4573.0
0.028,25.0,0.46,882,5416.0
0.025,21.0,0.51,990,4661.0
0.026,22.0,0.41,918,4364.0
0.019,30.0,0.57,1174,5008.0
0.016,30.0,0.62,981,5358.0
0.021,25.0,0.44,1053,5950.0
0.024,30.0,0.63,984,4110.0
0.025,21.0,0.65,1089,5993.0
0.024,22.0,0.49,948,4423.0
0.01,22.0,0.43,937,4800.0
0.028,24.0,0.43,982,4216.0
0.01,25.0,0.51,995,5319.0
0.021,23.0,0.42,1108,5421.0
0.008,23.0,0.52,816,4186.0
0.009,20.0,0.45,1054,4859.0
0.015,20.0,0.61,970,5995.0
0.011,21.0,0.7,956,4242.0
0.027,25.0,0.7,1175,5035.0
0.016,29.0,0.44,857,5501.0
0.028,28.0,0.43,919,5980.0
0.022,27.0,0.51,926,4279.0
0.012,26.0,0.42,1094,4480.0
0.018,24.0,0.51,1063,5608.0
0.019,28.0,0.63,958,4206.0
0.025,30.0,0.64,842,5240.0
0.014,30.0,0.69,1002,5018.0
0.019,30.0,0.49,942,5905.0
0.029,22.0,0.57,970,5976.0
0.006,21.0,0.69,801,5532.0
0.005,27.0,0.46,941,4794.0
0.008,25.0,0.41,1173,4352.0
0.025,22.0,0.61,1026,4866.0
0.016,21.0,0.55,1037,4250.0
0.005,29.0,0.41,1109,5148.0
0.01,29.0,0.61,1117,4202.0
0.02,24.0,0.7,1091,4212.0
0.026,20.0,0.68,1198,4772.0
0.021,25.0,0.43,1030,5297.0
0.014,20.0,0.65,1116,4156.0
0.019,26.0,0.57,990,4078.0
0.027,22.0,0.56,1150,5080.0
0.007,27.0,0.46,1160,5144.0
0.021,28.0,0.41,1088,5958.0
0.026,20.0,0.7,871,5662.0
0.012,20.0,0.45,1032,5112.0
0.011,29.0,0.41,1093,4413.0
0.005,26.0,0.48,1001,5526.0
0.017,30.0,0.57,1192,4799.0
0.024,24.0,0.66,871,4966.0
0.024,29.0,0.67,902,4102.0
0.009,30.0,0.4,923,5135.0
0.011,24.0,0.43,841,4558.0
0.027,30.0,0.45,1062,4982.0
0.009,28.0,0.46,887,4814.0
0.029,22.0,0.61,879,4419.0
0.02,25.0,0.6,984,5586.0
0.013,26.0,0.68,1070,5166.0
0.016,25.0,0.65,1008,4309.0
0.025,28.0,0.53,898,4359.0
0.016,28.0,0.53,839,4635.0
0.011,28.0,0.6,1087,5921.0
0.022,24.0,0.5,859,5748.0
0.016,27.0,0.46,859,4037.0
0.007,23.0,0.55,1036,4391.0
0.023,29.0,0.66,914,5013.0
0.011,22.0,0.5,905,5232.0
0.018,21.0,0.41,899,5541.0
0.014,22.0,0.68,1162,4615.0
0.01,30.0,0.62,1018,4747.0
0.02,23.0,0.54,1117,4591.0
0.028,29.0,0.47,1057,4138.0
0.013,27.0,0.69,1174,5205.0
0.025,22.0,0.41,836,4748.0
0.015,22.0,0.56,874,5117.0
0.015,25.0,0.48,852,5188.0
0.029,21.0,0.41,939,4975.0
0.025,23.0,0.5,1169,5924.0
0.026,26.0,0.69,1094,5885.0
0.012,25.0,0.5,1108,5881.0
0.023,27.0,0.57,931,5997.0
0.016,27.0,0.49,887,5188.0
0.019,26.0,0.45,1193,4811.0
0.019,24.0,0.51,880,4879.0
0.017,29.0,0.64,1179,5126.0
0.007,23.0,0.64,1081,5591.0
0.022,26.0,0.63,927,4851.0
0.011,23.0,0.43,1120,5789.0
0.024,29.0,0.55,1188,4748.0
0.028,29.0,0.47,909,5390.0
0.007,25.0,0.66,1113,4637.0
0.013,25.0,0.41,979,5629.0
0.018,23.0,0.41,1131,5299.0
0.016,22.0,0.64,1121,4516.0
0.018,28.0,0.47,900,4394.0
0.018,22.0,0.63,935,5064.0
0.021,29.0,0.51,1097,5293.0
0.019,23.0,0.68,981,4384.0
0.007,23.0,0.41,967,5459.0
0.01,23.0,0.43,902,5869.0
0.019,25.0,0.62,1067,4661.0
0.03,30.0,0.43,995,5889.0
0.03,26.0,0.58,1098,5615.0
0.025,25.0,0.62,1154,4538.0
0.025,24.0,0.62,1034,5128.0
0.011,30.0,0.63,910,4605.0
0.03,30.0,0.48,902,5375.0
0.013,23.0,0.67,970,4036.0
0.026,25.0,0.59,1182,4275.0
0.02,26.0,0.66,924,5306.0
0.02,27.0,0.57,935,4576.0
0.03,21.0,0.58,921,4136.0
0.007,28.0,0.68,833,4695.0
0.028,23.0,0.66,876,4355.0
0.014,23.0,0.5,1104,5259.0
0.023,21.0,0.59,1102,4336.0
0.019,23.0,0.46,1066,4050.0
0.028,29.0,0.68,1125,5048.0
0.023,24.0,0.57,1156,4744.0
0.029,28.0,0.56,1081,4364.0
0.025,20.0,0.42,1128,4766.0
0.026,26.0,0.68,1004,5951.0
0.009,27.0,0.69,938,5622.0
0.029,27.0,0.53,807,4782.0
0.027,26.0,0.7,1057,4688.0
0.026,22.0,0.44,1174,4850.0
0.026,20.0,0.51,908,4174.0
0.007,30.0,0.49,1067,4445.0
0.01,29.0,0.42,997,4439.0
0.017,28.0,0.67,1186,5041.0
0.015,22.0,0.47,1089,5915.0
0.024,21.0,0.63,908,5214.0
0.012,26.0,0.68,1184,5056.0
0.009,29.0,0.51,947,5641.0
0.024,21.0,0.56,973,5192.0
0.015,25.0,0.52,891,4893.0
0.024,27.0,0.62,903,4311.0
0.024,25.0,0.59,913,5947.0
0.023,27.0,0.47,963,5233.0
0.012,28.0,0.62,939,5298.0
0.02,20.0,0.67,849,4205.0
0.01,23.0,0.44,902,5585.0
0.027,23.0,0.43,831,5076.0
0.018,21.0,0.47,828,4470.0
0.007,26.0,0.4,1133,4713.0
0.021,21.0,0.7,1122,5012.0
0.019,27.0,0.64,1010,4064.0
0.016,21.0,0.5,1180,5737.0
0.019,25.0,0.4,936,5223.0
0.028,20.0,0.55,1068,5412.0
0.025,25.0,0.64,942,4952.0
0.019,21.0,0.41,1125,5857.0
0.011,23.0,0.4,832,4725.0
0.022,29.0,0.63,820,4942.0
0.012,21.0,0.56,1129,4521.0
0.005,24.0,0.64,935,4184.0
0.027,21.0,0.7,1152,5427.0
0.009,20.0,0.58,810,4313.0
0.017,24.0,0.55,911,5836.0
0.023,23.0,0.68,997,5918.0
0.023,22.0,0.47,1037,5304.0
0.021,24.0,0.54,920,5863.0
0.014,22.0,0.48,882,5991.0
0.014,30.0,0.47,1095,5731.0
0.022,24.0,0.57,955,4903.0
0.027,21.0,0.68,1021,4634.0
0.02,24.0,0.66,1118,4356.0
0.029,26.0,0.58,970,4758.0
0.01,27.0,0.57,942,5709.0
0.025,22.0,0.5,1042,4021.0
0.02,27.0,0.55,932,4798.0
0.029,22.0,0.61,891,4356.0
0.016,23.0,0.5,880,4883.0
0.015,27.0,0.42,1151,4044.0
0.018,28.0,0.68,858,5589.0
0.028,29.0,0.48,1133,5248.0
0.029,25.0,0.42,849,4272.0
0.008,23.0,0.46,846,5395.0
0.024,23.0,0.6,1130,5212.0
0.03,26.0,0.43,1109,4661.0
0.015,21.0,0.52,808,4663.0
0.026,21.0,0.51,1045,5530.0
0.01,26.0,0.42,1025,4060.0
0.03,29.0,0.61,998,5327.0
0.026,20.0,0.67,872,5010.0
0.016,24.0,0.65,910,5700.0
0.022,28.0,0.45,996,5391.0
0.013,28.0,0.69,1153,5532.0
0.011,25.0,0.6,1064,5998.0
0.024,29.0,0.57,935,5786.0
0.024,29.0,0.6,839,5556.0
0.012,22.0,0.51,917,5490.0
0.007,30.0,0.7,912,5014.0
0.028,21.0,0.69,851,5052.0
0.023,20.0,0.67,1081,5067.0
0.027,28.0,0.55,1092,4732.0
0.02,26.0,0.42,935,4281.0
0.009,28.0,0.45,1074,5651.0
0.02,24.0,0.58,1130,5356.0
0.006,21.0,0.68,1173,4281.0
0.022,28.0,0.46,931,5481.0
0.011,20.0,0.64,1008,4869.0
0.018,21.0,0.48,1079,4583.0
0.026,20.0,0.69,861,4540.0
0.028,23.0,0.5,1073,5169.0
0.011,27.0,0.53,1194,4534.0
0.006,30.0,0.55,1007,4969.0
0.026,29.0,0.4,911,5878.0
0.006,21.0,0.66,832,5252.0
0.021,28.0,0.7,909,4221.0
0.029,27.0,0.56,810,5864.0
0.009,27.0,0.59,1068,4687.0
0.02,29.0,0.7,951,5041.0
0.01,27.0,0.64,817,4943.0
0.009,27.0,0.51,1138,5164.0
0.015,26.0,0.42,823,5984.0
0.011,23.0,0.66,1020,5860.0
0.026,26.0,0.48,994,4347.0
0.022,21.0,0.5,907,4918.0
0.011,28.0,0.42,1159,4991.0
0.029,27.0,0.47,966,5122.0
0.016,27.0,0.64,891,4581.0
0.016,26.0,0.44,1195,5651.0
0.022,20.0,0.52,1075,4915.0
0.028,26.0,0.62,1134,4850.0
0.021,30.0,0.67,1163,5847.0
0.006,27.0,0.5,1078,5283.0
0.014,25.0,0.65,1065,4917.0
0.009,28.0,0.5,1011,5565.0
0.017,21.0,0.52,1056,4809.0
0.006,21.0,0.58,953,5404.0
0.007,20.0,0.67,828,4055.0
0.01,29.0,0.61,1000,5512.0
0.006,30.0,0.42,897,5360.0
0.03,26.0,0.47,1084,5593.0
0.01,29.0,0.43,893,4144.0
0.016,20.0,0.42,1082,4479.0
0.026,22.0,0.51,1110,5511.0
0.01,27.0,0.64,1180,4936.0
0.013,22.0,0.64,1064,4557.0
0.005,26.0,0.56,1192,5671.0
0.019,23.0,0.44,898,5690.0
0.02,23.0,0.6,837,4417.0
0.017,29.0,0.52,885,5251.0
0.007,28.0,0.52,908,4473.0
0.006,30.0,0.5,974,4609.0
0.01,28.0,0.43,1140,4247.0
0.01,30.0,0.65,1067,5982.0
0.014,30.0,0.48,1187,5790.0
0.028,25.0,0.52,876,4806.0
0.016,30.0,0.51,964,4389.0
0.029,28.0,0.66,1102,4518.0
0.026,30.0,0.67,820,4452.0
0.024,21.0,0.64,1082,4732.0
0.012,22.0,0.43,1128,4667.0
0.015,29.0,0.69,965,4450.0
0.021,28.0,0.62,939,4409.0
0.024,26.0,0.6,998,5481.0
0.016,22.0,0.4,1070,4461.0
0.005,20.0,0.43,1158,4952.0
0.025,29.0,0.45,970,5457.0
0.019,28.0,0.61,800,4025.0
0.03,29.0,0.64,1139,4952.0
0.011,21.0,0.69,1096,4576.0
0.013,21.0,0.65,1191,4700.0
0.009,30.0,0.51,860,5908.0
0.025,26.0,0.53,976,4826.0
0.009,22.0,0.45,852,5076.0
0.006,26.0,0.52,973,4771.0
0.009,22.0,0.48,1028,4671.0
0.018,21.0,0.45,979,5081.0
0.027,24.0,0.4,1029,4456.0
0.03,29.0,0.51,1051,5998.0
0.016,27.0,0.63,1145,4598.0
0.016,21.0,0.57,969,5660.0
0.024,23.0,0.43,891,4801.0
0.018,26.0,0.66,1122,5508.0
0.03,30.0,0.46,828,4597.0
0.02,25.0,0.64,957,5244.0
0.019,23.0,0.67,1030,4282.0
0.019,24.0,0.67,1143,4391.0
0.005,29.0,0.51,838,4936.0
0.024,23.0,0.67,808,4904.0
0.009,23.0,0.44,1185,4920.0
0.016,30.0,0.5,1060,5039.0
0.018,20.0,0.47,882,4088.0
0.027,23.0,0.42,1095,5250.0
0.018,29.0,0.6,1151,4037.0
0.027,20.0,0.64,1030,4797.0
0.025,27.0,0.46,917,5765.0
0.029,25.0,0.45,1092,4598.0
0.015,30.0,0.55,968,4275.0
0.028,22.0,0.4,899,4454.0
0.029,25.0,0.53,1013,5867.0
0.007,30.0,0.42,967,4512.0
0.022,30.0,0.4,1025,4621.0
0.008,30.0,0.56,1060,5084.0
0.02,20.0,0.59,1136,5242.0
0.006,24.0,0.63,895,5563.0
0.024,26.0,0.4,1092,5291.0
0.02,30.0,0.44,1025,4377.0
0.029,26.0,0.53,891,5771.0
0.011,27.0,0.67,1092,4758.0
0.016,28.0,0.55,803,4263.0
0.02,24.0,0.57,870,5812.0
0.016,26.0,0.69,952,5606.0
0.025,20.0,0.65,1105,4976.0
0.02,24.0,0.59,831,4914.0
0.027,24.0,0.53,1024,5821.0
0.029,26.0,0.48,802,4843.0
0.02,25.0,0.62,1077,4395.0
0.01,30.0,0.42,932,5160.0
0.029,26.0,0.42,1032,4070.0
0.024,30.0,0.68,864,5255.0
0.011,29.0,0.44,944,5432.0
0.007,22.0,0.45,891,4914.0
0.022,28.0,0.57,995,4912.0
0.025,21.0,0.57,839,4344.0
0.022,24.0,0.54,976,5518.0
0.008,22.0,0.69,1001,5068.0
0.022,30.0,0.54,1078,5571.0
0.011,29.0,0.54,898,4457.0
0.029,22.0,0.55,1039,4780.0
0.028,24.0,0.4,1160,5765.0
0.024,21.0,0.65,1113,4502.0
0.027,26.0,0.43,1118,4612.0
0.023,21.0,0.64,983,4555.0
0.029,26.0,0.42,957,5978.0
0.018,29.0,0.7,1169,4624.0
0.006,20.0,0.68,1043,5718.0
0.019,20.0,0.44,1126,4485.0
0.01,21.0,0.46,890,4640.0
0.026,28.0,0.44,954,4273.0
0.01,26.0,0.6,833,4211.0
0.009,22.0,0.68,1115,5254.0
0.013,22.0,0.49,879,5409.0
0.011,27.0,0.65,1036,4620.0
0.011,24.0,0.57,1021,5924.0
0.02,27.0,0.62,832,5041.0
0.014,27.0,0.69,948,4684.0
0.007,29.0,0.6,847,5896.0
0.011,29.0,0.51,1124,4736.0
0.01,26.0,0.68,940,5004.0
0.023,21.0,0.56,1110,4915.0
0.019,27.0,0.61,1099,4202.0
0.015,23.0,0.52,1054,4778.0
0.013,26.0,0.6,1183,4900.0
0.01,23.0,0.58,890,4829.0
0.012,30.0,0.57,870,4541.0
0.028,25.0,0.47,894,5711.0
0.016,29.0,0.64,1103,5839.0
0.022,27.0,0.57,880,5747.0
0.014,21.0,0.65,812,4731.0
0.007,23.0,0.53,993,4182.0
0.024,26.0,0.46,1069,4254.0
0.009,22.0,0.5,925,4613.0
0.021,23.0,0.58,973,4805.0
0.014,21.0,0.61,819,5261.0
0.017,30.0,0.59,957,4005.0
0.026,25.0,0.6,842,5315.0
0.026,21.0,0.7,982,4558.0
0.009,21.0,0.68,1076,4256.0
0.016,25.0,0.65,864,4984.0
0.016,21.0,0.58,815,5532.0
0.02,26.0,0.63,1108,4652.0
0.005,20.0,0.49,990,5553.0
0.025,28.0,0.49,1147,4012.0
0.02,22.0,0.51,896,5342.0
0.029,21.0,0.68,1014,5477.0
0.007,29.0,0.67,969,5593.0
0.013,25.0,0.42,1192,4216.0
0.014,26.0,0.5,911,4036.0
0.021,28.0,0.64,1047,4049.0
0.018,22.0,0.55,890,4990.0
0.011,25.0,0.41,1015,4126.0
0.013,20.0,0.67,1124,5061.0
0.013,20.0,0.5,1183,5094.0
0.007,30.0,0.53,949,5425.0
0.02,21.0,0.57,938,5280.0
0.017,26.0,0.61,1188,5003.0
0.016,24.0,0.42,809,4548.0
0.006,25.0,0.57,1095,5043.0
0.018,20.0,0.62,828,5518.0
0.018,22.0,0.64,1154,5990.0
0.029,20.0,0.62,1178,5519.0
0.011,23.0,0.54,983,4858.0
0.023,29.0,0.57,1091,4004.0
0.008,21.0,0.41,1090,5305.0
0.022,26.0,0.69,1043,5399.0
0.027,29.0,0.56,968,5800.0
0.018,28.0,0.47,1199,5792.0
0.012,27.0,0.6,1089,4424.0
0.026,28.0,0.68,1107,4572.0
0.024,29.0,0.41,953,4103.0
0.018,22.0,0.64,1035,4750.0
0.027,23.0,0.54,935,4002.0
0.019,22.0,0.54,851,5741.0
0.007,21.0,0.45,937,5142.0
0.028,30.0,0.65,829,4640.0
0.027,26.0,0.68,856,4225.0
0.009,23.0,0.59,1126,4423.0
0.017,20.0,0.57,1124,4911.0
0.018,27.0,0.62,870,5229.0
0.009,22.0,0.61,864,5839.0
0.013,23.0,0.62,1093,5931.0
0.016,26.0,0.57,805,4647.0
0.024,27.0,0.42,907,5313.0
0.009,23.0,0.5,1145,5587.0
0.017,22.0,0.56,1193,4184.0
0.025,21.0,0.57,939,4931.0
0.014,22.0,0.54,928,4126.0
0.026,23.0,0.62,1083,5069.0
0.02,28.0,0.43,976,4358.0
0.027,24.0,0.61,845,4016.0
0.026,22.0,0.47,817,5050.0
0.014,30.0,0.67,1144,5101.0
0.026,25.0,0.56,1006,5260.0
0.009,25.0,0.51,1090,5521.0
0.012,20.0,0.52,1076,5910.0
0.015,20.0,0.63,851,5138.0
0.021,29.0,0.66,941,5118.0
0.008,21.0,0.67,1122,4146.0
0.006,28.0,0.64,811,4091.0
0.019,27.0,0.6,954,4077.0
0.015,24.0,0.7,1196,4507.0
0.021,21.0,0.41,848,4929.0
0.018,25.0,0.64,947,5156.0
0.018,22.0,0.62,1119,5857.0
0.015,20.0,0.57,933,5762.0
0.018,20.0,0.44,909,4111.0
0.028,27.0,0.6,1043,5805.0
0.024,22.0,0.54,1130,5314.0
0.013,26.0,0.61,978,5161.0
0.025,28.0,0.45,841,4270.0
0.017,30.0,0.68,877,4093.0
0.007,24.0,0.5,932,4609.0
0.015,25.0,0.46,848,4176.0
0.019,23.0,0.45,1191,4064.0
0.025,25.0,0.43,1119,5655.0
0.005,28.0,0.52,948,4860.0
0.019,28.0,0.49,1003,4659.0
0.024,26.0,0.41,870,4942.0
0.012,21.0,0.58,1116,5137.0
0.021,29.0,0.62,806,5418.0
0.013,25.0,0.54,1107,5379.0
0.027,29.0,0.51,989,4100.0
0.014,24.0,0.51,1114,4389.0
0.006,25.0,0.46,1031,4422.0
0.02,25.0,0.58,938,5695.0
0.013,21.0,0.58,1109,4568.0
0.017,21.0,0.42,1113,4135.0
0.007,22.0,0.68,1085,5553.0
0.007,22.0,0.41,881,5653.0
0.026,27.0,0.49,865,4076.0
0.021,30.0,0.41,1158,5783.0
0.005,25.0,0.48,1121,5070.0
0.009,29.0,0.4,885,4256.0
0.017,25.0,0.59,1043,5486.0
0.022,26.0,0.53,974,5593.0
0.006,24.0,0.57,1134,5049.0
0.017,24.0,0.58,1053,5600.0
0.006,21.0,0.48,948,5104.0
0.027,23.0,0.67,807,5161.0
0.029,27.0,0.4,1173,4535.0
0.012,25.0,0.6,1019,4241.0
0.022,20.0,0.41,841,4102.0
0.015,30.0,0.51,822,4896.0
0.023,20.0,0.53,1084,5627.0
0.016,23.0,0.46,1117,4991.0
0.018,30.0,0.45,994,5423.0
0.009,24.0,0.7,1170,5760.0
0.024,28.0,0.4,887,4866.0
0.03,21.0,0.61,1169,4765.0
0.02,28.0,0.52,1034,5800.0
0.009,25.0,0.45,1127,4445.0
0.01,21.0,0.42,1040,4697.0
0.009,24.0,0.56,802,5180.0
0.028,29.0,0.46,1076,4993.0
0.011,29.0,0.45,1051,5706.0
0.029,25.0,0.58,1163,4355.0
0.009,21.0,0.63,900,4847.0
0.012,30.0,0.6,963,5657.0
0.025,29.0,0.52,860,4169.0
0.013,26.0,0.68,1158,4959.0
0.01,21.0,0.47,1120,4387.0
0.011,23.0,0.59,1149,5102.0
0.009,25.0,0.59,927,5665.0
0.005,20.0,0.55,984,4745.0
0.02,20.0,0.62,999,5892.0
0.022,20.0,0.52,1157,5544.0
0.014,30.0,0.42,964,4226.0
0.029,23.0,0.55,883,4126.0
0.017,28.0,0.61,882,5822.0
0.013,26.0,0.58,1132,4235.0
0.02,26.0,0.4,875,4621.0
0.016,24.0,0.47,1051,5810.0
0.028,20.0,0.58,986,5897.0
0.024,24.0,0.49,801,4671.0
0.024,27.0,0.66,817,5039.0
0.016,28.0,0.65,1086,4390.0
0.023,24.0,0.54,836,4499.0
0.018,21.0,0.6,896,4947.0
0.025,21.0,0.51,1186,5802.0
0.007,21.0,0.64,1169,5003.0
0.03,25.0,0.42,1092,4724.0
0.019,23.0,0.63,1109,5102.0
0.009,24.0,0.58,900,5986.0
0.025,25.0,0.59,1156,4772.0
0.018,21.0,0.61,1155,5070.0
0.026,30.0,0.63,1046,4851.0
0.018,26.0,0.68,1056,5841.0
0.005,23.0,0.43,860,4841.0
0.013,30.0,0.63,1193,5448.0
0.025,27.0,0.56,1097,4321.0
0.029,30.0,0.6,1111,4429.0
0.006,22.0,0.59,1012,5262.0
0.014,30.0,0.59,1189,5234.0
0.005,22.0,0.65,853,5665.0
0.02,21.0,0.43,856,4557.0
0.028,30.0,0.45,1028,5502.0
0.019,21.0,0.68,948,4516.0
0.028,25.0,0.67,1097,4150.0
0.008,27.0,0.51,986,5267.0
0.02,30.0,0.58,827,4010.0
0.013,22.0,0.43,835,5885.0
0.025,23.0,0.45,843,5640.0
0.02,22.0,0.68,885,4234.0
0.007,23.0,0.46,1059,4803.0
0.023,20.0,0.54,842,4934.0
0.014,30.0,0.51,1035,5258.0
0.007,26.0,0.65,963,5917.0
0.006,28.0,0.57,964,4910.0
0.014,24.0,0.52,889,5630.0
0.012,27.0,0.41,939,5272.0
0.023,24.0,0.41,818,5857.0
0.018,26.0,0.44,990,5995.0
0.013,25.0,0.62,830,4512.0
0.008,27.0,0.56,926,5511.0
0.013,25.0,0.56,870,4514.0
0.013,22.0,0.53,1199,4123.0
0.008,28.0,0.47,1193,5877.0
0.021,29.0,0.6,1138,4793.0
0.013,29.0,0.62,1016,5101.0
0.028,25.0,0.57,1044,4023.0
0.024,26.0,0.59,1074,4044.0
0.03,28.0,0.46,1124,4890.0
0.012,23.0,0.65,1184,4341.0
0.008,21.0,0.64,1176,5189.0
0.009,22.0,0.68,1141,5494.0
0.015,24.0,0.68,1156,4863.0
0.007,22.0,0.41,1094,5041.0
0.026,21.0,0.64,1003,4896.0
0.017,29.0,0.57,1176,5780.0
0.009,23.0,0.45,967,4882.0
0.02,22.0,0.56,1138,5899.0
0.011,21.0,0.5,1059,4116.0
0.013,30.0,0.69,1006,5267.0
0.018,27.0,0.55,1030,4443.0
0.023,21.0,0.6,1006,5656.0
0.02,25.0,0.44,1090,5199.0
0.024,21.0,0.5,902,5360.0
0.011,20.0,0.67,1124,4623.0
0.025,23.0,0.69,1010,5183.0
0.018,30.0,0.4,1136,5206.0
0.025,29.0,0.55,1057,4363.0
0.005,20.0,0.5,1197,5628.0
0.023,23.0,0.6,863,4533.0
0.026,22.0,0.48,866,5886.0
0.027,21.0,0.69,1134,4722.0
0.026,27.0,0.63,973,5815.0
0.027,29.0,0.57,995,5754.0
0.025,21.0,0.68,892,5538.0
0.008,30.0,0.63,1039,4011.0
0.022,27.0,0.63,1191,5026.0
0.029,22.0,0.63,1075,4965.0
0.006,25.0,0.69,1142,5857.0
0.02,28.0,0.55,819,4036.0
0.011,23.0,0.5,954,5786.0
0.024,22.0,0.45,1115,4169.0
0.014,26.0,0.6,928,5188.0
0.027,28.0,0.66,1022,5993.0
0.007,25.0,0.47,1057,5810.0
0.007,22.0,0.47,898,4473.0
0.017,22.0,0.5,1107,5288.0
0.015,30.0,0.69,818,5616.0
0.027,23.0,0.7,1154,5443.0
0.006,25.0,0.42,1081,4023.0
0.006,21.0,0.41,1113,4915.0
0.021,23.0,0.52,960,5667.0
0.013,27.0,0.65,1132,5750.0
0.014,26.0,0.47,1037,4222.0
0.026,23.0,0.6,1043,5342.0
0.012,22.0,0.59,930,5876.0
0.029,22.0,0.66,870,5075.0
0.029,30.0,0.44,1052,5557.0
0.018,28.0,0.42,1126,4064.0
0.028,24.0,0.67,1061,5578.0
0.021,29.0,0.59,1065,4865.0
0.011,25.0,0.44,1001,5734.0
0.019,20.0,0.57,844,4873.0
0.022,24.0,0.6,1089,4734.0
0.011,29.0,0.64,1064,4646.0
0.026,25.0,0.45,1122,4582.0
0.017,23.0,0.47,989,5022.0
0.029,21.0,0.41,1056,4092.0
0.007,27.0,0.55,1013,4975.0
0.01,22.0,0.58,1147,4048.0
0.024,25.0,0.68,861,5894.0
0.006,28.0,0.52,1062,4674.0
0.021,30.0,0.68,1146,5605.0
0.021,27.0,0.47,1197,4848.0
0.019,27.0,0.59,927,5038.0
0.011,28.0,0.7,994,4922.0
0.018,29.0,0.54,995,5118.0
0.007,21.0,0.44,1100,5019.0
0.011,20.0,0.54,1081,5427.0
0.018,24.0,0.62,1101,4949.0
0.005,21.0,0.57,1164,5391.0
0.025,22.0,0.44,1126,4640.0
0.024,28.0,0.52,929,5246.0
0.017,23.0,0.67,1115,4748.0
0.013,29.0,0.6,1195,4557.0
0.024,20.0,0.7,1074,4783.0
0.013,25.0,0.7,1085,5315.0
0.011,30.0,0.44,913,5592.0
0.017,28.0,0.44,1123,4099.0
0.013,27.0,0.7,967,5464.0
0.007,28.0,0.53,904,5345.0
0.029,29.0,0.43,1127,4197.0
0.017,23.0,0.66,1057,4164.0
0.011,30.0,0.59,874,5306.0
0.017,29.0,0.7,1003,4410.0
0.015,22.0,0.56,819,4949.0
0.011,20.0,0.44,816,4500.0
0.007,24.0,0.53,929,5289.0
0.008,21.0,0.59,885,5678.0
0.024,22.0,0.49,1056,4505.0
0.006,30.0,0.53,978,5067.0
0.021,28.0,0.49,877,4805.0
0.015,27.0,0.61,920,4991.0
0.025,30.0,0.59,863,5839.0
0.007,27.0,0.56,938,4317.0
0.029,25.0,0.48,921,4012.0
0.016,22.0,0.57,886,5757.0
0.021,26.0,0.55,1158,5112.0
0.012,22.0,0.4,891,5997.0
0.008,24.0,0.56,906,5994.0
0.029,23.0,0.65,1060,4022.0
0.008,24.0,0.57,1156,5507.0
0.009,26.0,0.49,1191,4176.0
0.026,22.0,0.51,821,5029.0
0.016,20.0,0.6,1106,4547.0
0.018,21.0,0.66,988,5463.0
0.017,20.0,0.65,1089,5904.0
0.008,24.0,0.55,817,4002.0
0.013,29.0,0.47,857,5908.0
0.027,30.0,0.61,1038,5125.0
0.008,27.0,0.7,1045,5158.0
0.013,28.0,0.48,926,4557.0
0.014,27.0,0.64,822,4563.0
0.007,27.0,0.6,907,5020.0
0.01,22.0,0.53,1183,5488.0
0.01,25.0,0.62,1059,4275.0
0.006,21.0,0.65,874,4633.0
0.019,23.0,0.62,1180,5514.0
0.005,28.0,0.56,840,4277.0
0.018,25.0,0.58,1006,5417.0
0.012,21.0,0.45,917,4742.0
0.01,20.0,0.58,848,4175.0
0.013,24.0,0.46,981,5936.0
0.022,30.0,0.42,972,5510.0
0.023,24.0,0.56,858,4655.0
0.008,21.0,0.51,992,4815.0
0.02,23.0,0.61,802,4161.0
0.018,30.0,0.7,883,4612.0
0.007,29.0,0.6,891,4561.0
0.024,30.0,0.53,942,5940.0
0.022,25.0,0.45,1118,4915.0
0.007,30.0,0.7,884,5321.0
0.01,27.0,0.66,903,5143.0
0.018,26.0,0.42,1083,4140.0
0.014,28.0,0.57,1011,4088.0
0.018,28.0,0.45,1035,4679.0
0.024,22.0,0.42,1119,5159.0
0.029,24.0,0.67,1158,5417.0
0.007,29.0,0.68,1162,4313.0
0.029,26.0,0.67,1013,4095.0
0.026,29.0,0.49,955,4143.0
0.008,21.0,0.49,1056,4186.0
0.007,26.0,0.63,901,4022.0
0.013,23.0,0.64,921,5555.0
0.011,30.0,0.67,1041,5298.0
0.016,30.0,0.43,885,5631.0
0.006,23.0,0.49,1099,4515.0
0.021,22.0,0.49,865,5482.0
0.01,23.0,0.46,1036,5935.0
0.007,30.0,0.53,1041,4559.0
0.017,30.0,0.52,915,4215.0
0.016,28.0,0.6,804,5059.0
0.016,29.0,0.41,883,5364.0
0.015,21.0,0.52,1068,5186.0
0.006,23.0,0.7,1169,4407.0
0.016,24.0,0.42,1103,4833.0
0.012,26.0,0.63,1006,5253.0
0.028,26.0,0.53,818,4493.0
0.022,21.0,0.58,1161,5781.0
0.016,29.0,0.49,1022,5599.0
0.022,25.0,0.6,1130,5162.0
0.012,26.0,0.56,1049,4372.0
0.006,30.0,0.5,998,4696.0
0.013,20.0,0.52,961,4997.0
0.007,26.0,0.52,1045,4493.0
0.024,24.0,0.6,995,4615.0
0.026,20.0,0.4,1073,4379.0
0.028,30.0,0.65,1012,4529.0
0.008,28.0,0.48,910,5999.0
0.025,23.0,0.57,831,5393.0
0.02,25.0,0.64,1130,5180.0
0.029,21.0,0.42,1076,5299.0
0.012,30.0,0.47,1090,4961.0
0.017,26.0,0.4,916,4506.0
0.008,24.0,0.41,1048,4749.0
0.021,28.0,0.53,838,4109.0
0.01,27.0,0.47,1142,4824.0
0.013,21.0,0.51,861,4972.0
0.017,24.0,0.65,903,5821.0
0.02,24.0,0.54,1165,4675.0
0.022,23.0,0.55,832,5064.0
0.006,22.0,0.45,950,5228.0
0.029,20.0,0.7,1183,5390.0
0.023,24.0,0.42,1022,5560.0
0.009,29.0,0.4,952,4779.0
0.01,20.0,0.52,1093,4816.0
0.023,23.0,0.59,1194,4666.0
0.022,30.0,0.41,1084,4513.0
0.02,22.0,0.67,1012,4842.0
0.018,28.0,0.48,858,5414.0
0.006,20.0,0.4,932,5270.0
0.007,20.0,0.42,936,5391.0
0.017,30.0,0.69,1086,4854.0
0.007,27.0,0.41,989,4528.0
0.011,23.0,0.4,1162,5474.0
0.025,30.0,0.66,1111,4982.0
0.028,29.0,0.61,917,5456.0
0.027,29.0,0.55,927,4198.0
0.006,24.0,0.42,1079,5961.0
0.014,28.0,0.63,1048,4627.0
0.015,22.0,0.41,875,5292.0
0.011,23.0,0.4,899,5564.0
0.016,24.0,0.62,851,4179.0
0.018,28.0,0.46,857,4002.0
0.025,26.0,0.66,841,5448.0
0.02,24.0,0.44,950,4657.0
0.026,28.0,0.69,953,5834.0
0.021,25.0,0.59,1075,5090.0
0.025,26.0,0.66,1134,5702.0
0.01,23.0,0.53,904,4595.0
0.022,30.0,0.53,1162,4842.0
0.006,20.0,0.58,851,5028.0
0.019,26.0,0.62,1117,4119.0
0.024,26.0,0.6,876,4425.0
0.02,20.0,0.47,1162,4988.0
0.007,29.0,0.54,929,4754.0
0.005,28.0,0.66,863,4321.0
0.007,30.0,0.42,1186,4017.0
0.007,21.0,0.42,854,4181.0
0.014,25.0,0.59,983,5646.0
0.012,29.0,0.55,1075,5710.0
0.027,22.0,0.65,945,4190.0
0.022,25.0,0.54,1185,4330.0
0.008,28.0,0.4,963,4867.0
0.017,28.0,0.52,1177,4035.0
0.016,20.0,0.68,975,5708.0
0.008,30.0,0.49,1091,4018.0
0.014,23.0,0.7,1199,5064.0
0.017,28.0,0.54,851,5054.0
0.026,24.0,0.52,1045,5113.0
0.023,25.0,0.43,921,4358.0
0.027,24.0,0.5,989,5569.0
0.021,30.0,0.56,1197,5974.0
0.007,29.0,0.51,924,4872.0
0.02,29.0,0.57,1004,5014.0
0.005,26.0,0.46,1077,5572.0
0.009,27.0,0.67,1165,4053.0
0.015,23.0,0.54,1110,4432.0
0.011,22.0,0.68,899,5520.0
0.016,24.0,0.63,838,5270.0
0.015,25.0,0.64,968,4923.0
0.016,27.0,0.63,1127,5287.0
0.006,23.0,0.52,1061,4039.0
0.012,25.0,0.49,906,4733.0
0.016,26.0,0.4,802,5094.0
0.019,28.0,0.47,964,5379.0
0.017,27.0,0.4,927,5034.0
0.006,23.0,0.61,871,4534.0
0.028,29.0,0.5,1157,4329.0
0.03,28.0,0.5,1084,5790.0
0.023,21.0,0.63,879,4732.0
0.009,27.0,0.45,885,5712.0
0.018,28.0,0.59,1143,5203.0
0.027,21.0,0.7,1090,5603.0
0.029,27.0,0.58,1140,5749.0
0.02,23.0,0.43,871,5627.0
0.023,22.0,0.47,1015,5072.0
0.016,26.0,0.53,1126,4801.0
0.009,26.0,0.65,1025,5632.0
0.016,27.0,0.41,962,5834.0
0.01,23.0,0.46,1163,4659.0
0.022,28.0,0.59,948,4620.0
0.016,23.0,0.45,816,5964.0
0.008,23.0,0.5,1141,5021.0
0.03,23.0,0.67,813,4636.0
0.018,27.0,0.54,1064,5136.0
0.016,25.0,0.6,1089,4626.0
0.01,24.0,0.4,855,6000.0
0.028,22.0,0.63,1164,5633.0
0.022,26.0,0.63,1183,5040.0
0.008,23.0,0.63,1098,4840.0
0.015,25.0,0.69,963,4324.0
0.028,28.0,0.67,824,4265.0
0.007,24.0,0.67,991,4619.0
0.022,25.0,0.44,1198,5790.0
0.013,24.0,0.41,979,4769.0
0.026,26.0,0.52,930,5190.0
0.016,20.0,0.62,1127,4441.0
0.023,27.0,0.51,994,4509.0
0.029,23.0,0.57,882,4307.0
0.019,27.0,0.46,941,5280.0
0.01,28.0,0.44,827,5981.0
0.027,28.0,0.69,959,4510.0
0.03,25.0,0.66,875,4362.0
0.029,26.0,0.42,981,5848.0
0.016,21.0,0.4,836,5924.0
0.025,23.0,0.48,865,4330.0
0.009,28.0,0.52,1162,5944.0
0.006,27.0,0.48,910,4991.0
0.02,28.0,0.66,925,4382.0
0.011,30.0,0.5,1176,5592.0
0.022,20.0,0.56,1178,4137.0
0.022,24.0,0.5,862,4407.0
0.006,25.0,0.47,1034,4210.0
0.026,20.0,0.62,1184,5851.0
0.023,22.0,0.58,846,4051.0
0.013,22.0,0.52,1087,4838.0
0.017,24.0,0.55,897,4438.0
0.022,27.0,0.42,803,4518.0
0.024,20.0,0.69,880,5620.0
0.005,28.0,0.41,1198,5633.0
0.01,29.0,0.59,1200,5913.0
0.014,24.0,0.49,1109,4679.0
0.007,30.0,0.49,1174,4034.0
0.015,20.0,0.51,957,4373.0
0.013,27.0,0.42,1141,5245.0
0.024,21.0,0.41,974,4267.0
0.013,21.0,0.69,807,5491.0
0.017,27.0,0.67,925,4313.0
0.027,26.0,0.59,953,5759.0
0.005,21.0,0.57,1101,5620.0
0.023,30.0,0.63,1064,4826.0
0.015,26.0,0.69,817,4450.0
0.022,22.0,0.64,826,5842.0
0.017,27.0,0.46,1006,4192.0
0.009,30.0,0.52,884,4813.0
0.012,21.0,0.49,964,4285.0
0.029,26.0,0.53,1082,4102.0
0.013,27.0,0.41,895,4845.0
0.023,24.0,0.6,1068,5470.0
0.017,30.0,0.57,1078,4040.0
0.018,22.0,0.66,801,4169.0
0.008,24.0,0.7,966,5727.0
0.027,21.0,0.48,1136,4512.0
0.029,24.0,0.55,1197,5701.0
0.021,29.0,0.42,1200,4601.0
0.02,24.0,0.54,840,4714.0
0.028,26.0,0.63,1029,4178.0
0.018,26.0,0.49,996,5979.0
0.028,24.0,0.46,1065,5810.0
0.02,21.0,0.55,1093,4781.0
0.016,30.0,0.53,1125,4589.0
0.006,21.0,0.47,941,5847.0
0.023,30.0,0.54,946,5531.0
0.023,28.0,0.48,1087,4088.0
0.016,20.0,0.51,1076,5901.0
0.028,23.0,0.6,995,5958.0
0.02,20.0,0.47,900,5616.0
0.014,20.0,0.54,1084,4922.0
0.022,23.0,0.55,827,4203.0
0.024,21.0,0.64,1076,4901.0
0.024,26.0,0.69,844,5584.0
0.01,26.0,0.57,907,5174.0
0.013,24.0,0.48,1108,4071.0
0.005,21.0,0.45,1063,5631.0
0.013,29.0,0.51,959,5933.0
0.027,28.0,0.44,964,4678.0
0.016,24.0,0.66,844,4612.0
0.01,30.0,0.59,999,5207.0
0.028,24.0,0.56,1025,5738.0
0.015,30.0,0.66,1074,5806.0
0.02,24.0,0.52,940,4339.0
0.018,22.0,0.45,1149,4760.0
0.015,22.0,0.5,1126,5133.0
0.026,23.0,0.45,932,5859.0
0.029,23.0,0.46,1081,5740.0
0.01,25.0,0.4,1021,4547.0
0.021,27.0,0.53,918,5149.0
0.021,22.0,0.64,986,5800.0
0.01,25.0,0.52,1142,4106.0
0.008,26.0,0.43,928,5837.0
0.023,26.0,0.45,895,5292.0
0.028,21.0,0.63,956,5607.0
0.021,29.0,0.52,1010,4466.0
0.016,23.0,0.6,849,5201.0
0.02,22.0,0.69,977,5715.0
0.007,28.0,0.46,1029,4334.0
0.018,30.0,0.46,1200,5953.0
0.012,27.0,0.59,844,5287.0
0.024,22.0,0.48,1194,4904.0
0.016,25.0,0.66,1120,5944.0
0.019,21.0,0.41,945,5642.0
0.028,20.0,0.69,823,5984.0
0.021,28.0,0.52,1164,4800.0
0.015,29.0,0.46,1075,5991.0
0.026,26.0,0.56,933,5219.0
0.026,21.0,0.61,805,4414.0
0.028,30.0,0.43,1164,4623.0
0.028,23.0,0.45,1186,5521.0
0.005,26.0,0.6,970,4532.0
0.008,24.0,0.61,1080,4650.0
0.013,26.0,0.64,811,4537.0
0.026,21.0,0.52,1090,4914.0
0.024,23.0,0.41,1021,5032.0
0.008,22.0,0.53,939,5476.0
0.023,21.0,0.7,1084,5192.0
0.021,29.0,0.66,1147,5030.0
0.023,24.0,0.52,1200,4447.0
0.023,24.0,0.54,964,4478.0
0.016,28.0,0.66,921,4353.0
0.024,23.0,0.59,936,4674.0
0.022,24.0,0.61,863,5090.0
0.014,23.0,0.59,836,4690.0
0.016,29.0,0.49,1035,4641.0
0.022,20.0,0.65,817,4611.0
0.027,22.0,0.51,988,5034.0
0.006,27.0,0.58,800,5054.0
0.014,23.0,0.5,988,4565.0
0.012,28.0,0.45,1107,4192.0
0.03,21.0,0.43,1027,5222.0
0.011,27.0,0.43,1183,5476.0
0.006,29.0,0.7,995,5478.0
0.026,26.0,0.65,850,5984.0
0.013,23.0,0.59,1057,4656.0
0.019,29.0,0.64,1057,5393.0
0.027,28.0,0.49,874,5712.0
0.02,26.0,0.61,845,5329.0
0.011,24.0,0.43,896,4056.0
0.03,27.0,0.4,973,4954.0
0.012,22.0,0.51,904,4877.0
0.006,29.0,0.41,854,5752.0
0.024,23.0,0.54,1156,5112.0
0.012,27.0,0.48,968,5107.0
0.018,20.0,0.45,1169,4063.0
0.011,24.0,0.5,1138,4962.0
0.009,25.0,0.69,1099,5924.0
0.006,24.0,0.57,1082,4536.0
0.009,26.0,0.49,926,5122.0
0.017,20.0,0.45,1005,5670.0
0.015,26.0,0.59,921,5291.0
0.01,28.0,0.61,1017,5106.0
0.012,27.0,0.63,1135,5893.0
0.015,30.0,0.7,989,5230.0
0.02,21.0,0.46,834,4155.0
0.022,22.0,0.66,936,5401.0
0.018,20.0,0.43,1044,4188.0
0.023,29.0,0.67,1086,5353.0
0.006,22.0,0.43,1134,5481.0
0.022,24.0,0.43,809,5659.0
0.023,30.0,0.47,881,4586.0
0.014,25.0,0.58,1101,5439.0
0.025,29.0,0.56,944,5727.0
0.021,26.0,0.7,1046,4954.0
0.026,20.0,0.54,1094,4752.0
0.008,23.0,0.69,1068,5186.0
0.016,29.0,0.59,970,5443.0
0.016,23.0,0.63,1084,4305.0
0.015,30.0,0.44,950,4071.0
0.02,26.0,0.6,1028,5705.0
0.03,27.0,0.55,1190,4471.0
0.026,30.0,0.55,1045,4561.0
0.021,25.0,0.44,882,4018.0
0.014,20.0,0.6,824,5928.0
0.019,27.0,0.7,948,5017.0
0.01,29.0,0.43,854,5465.0
0.028,23.0,0.42,1077,5736.0
0.03,26.0,0.5,993,4156.0
0.008,21.0,0.47,967,5666.0
0.026,27.0,0.46,1026,5610.0
0.014,29.0,0.47,802,4085.0
0.017,27.0,0.4,1149,4642.0
0.017,29.0,0.6,817,4625.0
0.027,25.0,0.68,941,5837.0
0.025,22.0,0.69,1016,4178.0
0.03,28.0,0.66,1094,5739.0
0.011,28.0,0.42,924,4013.0
0.011,23.0,0.5,992,5845.0
0.016,23.0,0.41,1104,4709.0
0.017,23.0,0.59,956,5663.0
0.011,20.0,0.69,1066,4445.0
0.028,26.0,0.58,973,5103.0
0.027,22.0,0.5,863,4976.0
0.017,28.0,0.55,871,4503.0
0.01,26.0,0.66,801,4920.0
0.024,27.0,0.63,892,4924.0
0.013,22.0,0.68,1123,4799.0
0.026,27.0,0.65,801,4838.0
0.015,25.0,0.51,899,5399.0
0.007,28.0,0.5,1131,5618.0
0.025,20.0,0.42,973,5231.0
0.022,27.0,0.62,1006,5613.0
0.02,25.0,0.6,1067,4394.0
0.027,20.0,0.47,841,4176.0
0.023,22.0,0.46,1161,5417.0
0.017,29.0,0.48,864,4188.0
0.011,26.0,0.52,1030,5966.0
0.005,21.0,0.45,1065,5869.0
0.007,23.0,0.46,892,5341.0
0.011,30.0,0.46,916,5687.0
0.028,24.0,0.42,965,5399.0
0.023,28.0,0.44,1106,4317.0
0.017,21.0,0.66,1135,4830.0
0.006,30.0,0.5,1016,5439.0
0.025,21.0,0.49,906,4950.0
0.006,20.0,0.44,877,4428.0
0.022,26.0,0.69,903,4433.0
0.012,23.0,0.53,846,4437.0
0.026,25.0,0.42,883,4152.0
0.012,29.0,0.48,1066,4730.0
0.012,26.0,0.54,1012,5957.0
0.025,25.0,0.62,1123,5054.0
0.011,27.0,0.42,1059,4783.0
0.01,30.0,0.6,818,4249.0
0.019,28.0,0.61,853,4996.0
0.028,21.0,0.53,967,5087.0
0.02,25.0,0.43,964,4621.0
0.022,28.0,0.48,1082,4994.0
0.028,25.0,0.5,1083,4709.0
0.027,20.0,0.69,886,5386.0
0.018,26.0,0.43,1144,4816.0
0.007,22.0,0.62,1160,5213.0
0.015,26.0,0.59,824,5306.0
0.026,26.0,0.52,953,4108.0
0.009,27.0,0.46,1004,5655.0
0.012,26.0,0.53,1141,4596.0
0.007,29.0,0.48,1116,4679.0
0.024,24.0,0.45,1152,5110.0
0.007,29.0,0.59,1049,5051.0
0.01,21.0,0.64,1089,4254.0
0.027,21.0,0.62,1104,4712.0
0.028,25.0,0.5,898,5111.0
0.018,21.0,0.68,1034,4766.0
0.024,27.0,0.68,989,4034.0
0.027,24.0,0.53,984,5160.0
0.006,21.0,0.41,1041,5430.0
0.021,25.0,0.65,879,5190.0
0.013,20.0,0.65,810,4175.0
0.01,26.0,0.55,866,5533.0
0.02,26.0,0.7,889,4622.0
0.013,29.0,0.64,1129,5842.0
0.028,25.0,0.56,1192,4922.0
0.029,23.0,0.54,1137,5333.0
0.019,23.0,0.46,855,4038.0
0.021,27.0,0.63,860,5788.0
0.019,21.0,0.58,1003,5661.0
0.019,20.0,0.64,814,5949.0
0.008,23.0,0.45,1046,4451.0
0.03,21.0,0.44,801,4049.0
0.013,24.0,0.64,954,5792.0
0.018,22.0,0.51,1182,5718.0
0.013,26.0,0.41,837,5732.0
0.016,30.0,0.52,953,5062.0
0.024,22.0,0.67,837,4880.0
0.023,22.0,0.6,886,5768.0
0.01,27.0,0.48,1025,5524.0
0.019,20.0,0.63,1109,5845.0
0.006,26.0,0.57,1061,5513.0
0.027,20.0,0.67,940,5063.0
0.028,26.0,0.56,1062,5843.0
0.021,24.0,0.42,1137,4898.0
0.029,30.0,0.62,1067,5356.0
0.02,24.0,0.69,1041,4323.0
0.009,23.0,0.47,923,5578.0
0.009,20.0,0.42,1007,5348.0
0.013,25.0,0.69,1075,5182.0
0.018,26.0,0.7,1173,4878.0
0.02,29.0,0.53,995,4031.0
0.01,24.0,0.63,1001,5565.0
0.013,30.0,0.55,1077,5256.0
0.01,27.0,0.41,1147,4094.0
0.024,21.0,0.46,1042,5489.0
0.007,20.0,0.65,906,5896.0
0.015,26.0,0.62,1102,4917.0
0.01,28.0,0.43,1181,4652.0
0.03,23.0,0.5,1095,5538.0
0.019,20.0,0.6,971,5902.0
0.027,30.0,0.58,1121,5534.0
0.029,28.0,0.69,1001,4456.0
0.012,26.0,0.54,1176,4009.0
0.005,28.0,0.7,992,5080.0
0.012,30.0,0.58,994,5265.0
0.014,26.0,0.58,1061,4608.0
0.023,23.0,0.7,969,5071.0
0.01,29.0,0.5,1058,5037.0
0.017,23.0,0.6,993,4195.0
0.021,25.0,0.47,1021,4391.0
0.025,30.0,0.48,971,4825.0
0.009,27.0,0.7,1166,4479.0
0.006,30.0,0.46,954,4803.0
0.021,25.0,0.61,826,5959.0
0.02,22.0,0.57,983,5807.0
0.029,25.0,0.42,1076,4353.0
0.014,28.0,0.49,1095,4733.0
0.029,29.0,0.58,1089,5234.0
0.022,22.0,0.51,995,4480.0
0.016,28.0,0.43,944,5686.0
0.023,24.0,0.51,1028,5228.0
0.017,21.0,0.66,1198,5591.0
0.014,21.0,0.52,1169,4033.0
0.008,28.0,0.58,851,5145.0
0.01,26.0,0.67,841,5866.0
0.008,30.0,0.45,1057,5317.0
0.012,27.0,0.6,873,5615.0
0.029,24.0,0.54,926,5669.0
0.01,28.0,0.59,922,5981.0
0.007,26.0,0.54,979,4195.0
0.028,23.0,0.53,958,4964.0
0.016,26.0,0.59,1115,4011.0
0.013,28.0,0.52,1061,5861.0
0.021,22.0,0.53,854,5986.0
0.006,29.0,0.43,1031,5152.0
0.02,27.0,0.69,1177,4241.0
0.015,30.0,0.42,969,4092.0
0.028,21.0,0.41,975,4725.0
0.025,26.0,0.58,1163,4220.0
0.017,20.0,0.62,993,5490.0
0.023,30.0,0.55,869,5562.0
0.021,25.0,0.59,1039,4947.0
0.027,30.0,0.63,884,4474.0
0.01,25.0,0.62,997,4957.0
0.016,24.0,0.44,1151,4953.0
0.005,24.0,0.61,852,5187.0
0.014,26.0,0.56,1193,4900.0
0.007,21.0,0.47,1175,5958.0
0.02,27.0,0.58,912,5466.0
0.007,24.0,0.65,856,5223.0
0.019,22.0,0.44,1107,4920.0
0.022,20.0,0.58,1026,4181.0
0.021,26.0,0.54,1051,5394.0
0.029,26.0,0.56,1020,4387.0
0.014,21.0,0.42,1008,4634.0
0.022,24.0,0.69,1134,4594.0
0.005,26.0,0.56,1197,5227.0
0.018,25.0,0.44,1121,4730.0
0.018,26.0,0.48,1024,5671.0
0.009,27.0,0.66,1094,5985.0
0.02,22.0,0.59,806,4638.0
0.028,28.0,0.4,1136,5868.0
0.03,27.0,0.52,847,5320.0
0.021,23.0,0.54,855,4464.0
0.028,25.0,0.55,855,4465.0
0.013,22.0,0.67,990,5343.0
0.005,23.0,0.63,1053,4573.0
0.02,22.0,0.41,893,5436.0
0.02,28.0,0.44,1040,4612.0
0.017,26.0,0.43,1132,4971.0
0.029,20.0,0.51,868,5764.0
0.01,26.0,0.4,865,4975.0
0.013,21.0,0.41,896,4247.0
0.011,26.0,0.68,1110,4471.0
0.028,28.0,0.54,896,4304.0
0.016,28.0,0.51,976,5614.0
0.028,27.0,0.56,911,5052.0
0.005,26.0,0.63,1106,5414.0
0.024,27.0,0.64,941,4651.0
0.027,23.0,0.6,1026,4915.0
0.016,24.0,0.61,1105,5560.0
0.023,28.0,0.46,1065,5711.0
0.015,24.0,0.7,993,5555.0
0.027,29.0,0.4,847,5938.0
0.028,20.0,0.61,932,4109.0
0.01,23.0,0.47,974,5766.0
0.016,25.0,0.66,867,4200.0
0.007,28.0,0.63,827,5401.0
0.014,23.0,0.6,1041,4337.0
0.012,28.0,0.54,876,5144.0
0.023,27.0,0.53,991,4605.0
0.01,29.0,0.61,881,4605.0
0.006,23.0,0.7,931,5777.0
0.007,23.0,0.61,989,4172.0
0.017,25.0,0.66,966,4723.0
0.015,22.0,0.43,1082,5567.0
0.007,21.0,0.55,987,4333.0
0.019,21.0,0.44,992,4790.0
0.017,30.0,0.48,814,5913.0
0.013,30.0,0.48,1054,5467.0
0.022,29.0,0.55,899,5386.0
0.026,20.0,0.41,1083,5739.0
0.016,27.0,0.61,911,5109.0
0.015,24.0,0.52,858,5905.0
0.01,25.0,0.43,813,5017.0
0.006,26.0,0.43,1101,4778.0
0.015,25.0,0.66,996,5863.0
0.022,26.0,0.62,1111,5425.0
0.018,30.0,0.7,1025,5780.0
0.027,21.0,0.66,1062,5511.0
0.012,28.0,0.47,944,5692.0
0.027,21.0,0.41,820,5505.0
0.018,29.0,0.46,1196,5647.0
0.007,30.0,0.42,1147,4521.0
0.009,22.0,0.68,989,4683.0
0.016,20.0,0.65,1119,4558.0
0.027,20.0,0.48,800,5375.0
0.03,30.0,0.55,897,4950.0
0.016,21.0,0.68,889,4627.0
0.022,27.0,0.46,1116,4873.0
0.013,26.0,0.49,893,5408.0
0.025,22.0,0.63,1122,5604.0
0.025,28.0,0.68,1081,4614.0
0.006,28.0,0.66,824,5168.0
0.023,25.0,0.51,1091,4867.0
0.008,24.0,0.63,875,5139.0
0.014,20.0,0.58,811,5451.0
0.01,21.0,0.5,1195,4714.0
0.015,24.0,0.69,860,5258.0
0.01,21.0,0.5,1069,5796.0
0.018,22.0,0.6,1036,5957.0
0.02,29.0,0.7,912,5863.0
0.014,29.0,0.58,877,4710.0
0.012,25.0,0.64,870,4715.0
0.01,27.0,0.5,990,4369.0
0.009,24.0,0.66,906,4135.0
0.018,21.0,0.55,960,5277.0
0.012,28.0,0.42,917,5118.0
0.01,24.0,0.58,866,5296.0
0.025,22.0,0.69,1048,5811.0
0.027,25.0,0.51,847,4673.0
0.014,23.0,0.64,859,5126.0
0.023,24.0,0.59,992,4489.0
0.013,22.0,0.46,1134,5711.0
0.01,27.0,0.63,1166,4479.0
0.011,27.0,0.48,1007,4469.0
0.023,30.0,0.59,1031,4432.0
0.021,24.0,0.64,805,4138.0
0.024,21.0,0.62,917,5830.0
0.03,25.0,0.5,1195,4299.0
0.011,20.0,0.55,1184,5380.0
0.025,29.0,0.54,1024,5890.0
0.012,30.0,0.64,853,4562.0
0.01,25.0,0.5,1062,4902.0
0.006,28.0,0.64,914,4234.0
0.026,22.0,0.54,813,4442.0
0.023,27.0,0.54,1007,4492.0
0.018,26.0,0.47,1072,4982.0
0.006,24.0,0.53,1153,5055.0
0.027,24.0,0.55,899,4163.0
0.01,22.0,0.51,890,4018.0
0.013,23.0,0.66,1144,5539.0
0.012,24.0,0.62,1178,5276.0
0.022,24.0,0.68,1128,4668.0
0.027,25.0,0.54,971,5454.0
0.024,20.0,0.41,864,4625.0
0.015,23.0,0.48,817,4855.0
0.018,27.0,0.42,807,4644.0
0.012,24.0,0.44,1135,5482.0
0.011,29.0,0.55,834,4033.0
0.022,23.0,0.52,811,5092.0
0.008,21.0,0.7,1145,4952.0
0.009,26.0,0.45,908,4817.0
0.019,25.0,0.41,812,4047.0
0.022,23.0,0.41,1165,4258.0
0.025,21.0,0.54,1001,4829.0
0.007,26.0,0.47,1191,4322.0
0.025,28.0,0.44,974,4031.0
0.027,21.0,0.66,842,4111.0
0.02,23.0,0.67,1025,4754.0
0.026,21.0,0.52,1052,4765.0
0.015,26.0,0.6,908,4673.0
0.024,22.0,0.54,1137,5991.0
0.009,30.0,0.65,1028,5776.0
0.018,26.0,0.44,837,5966.0
0.01,23.0,0.69,1014,4342.0
0.01,29.0,0.62,962,4855.0
0.008,21.0,0.7,1185,5745.0
0.011,21.0,0.69,1107,4497.0
0.008,29.0,0.57,931,5995.0
0.011,20.0,0.62,908,4487.0
0.02,20.0,0.63,1104,4381.0
0.014,29.0,0.61,1003,5503.0
0.019,22.0,0.62,1036,4476.0
0.018,30.0,0.45,1050,5113.0
0.029,22.0,0.58,969,5642.0
0.022,28.0,0.66,844,5123.0
0.021,28.0,0.46,1012,4221.0
0.009,26.0,0.59,1200,5121.0
0.03,29.0,0.52,937,4081.0
0.005,30.0,0.54,883,4705.0
0.029,20.0,0.47,1078,5703.0
0.012,20.0,0.59,854,4313.0
0.011,28.0,0.66,974,5912.0
0.024,25.0,0.69,1191,5584.0
0.006,24.0,0.43,806,5025.0
0.017,26.0,0.53,1173,4954.0
0.016,30.0,0.67,947,4277.0
0.014,21.0,0.6,1030,4638.0
0.014,21.0,0.5,1173,5174.0
0.023,26.0,0.41,1169,5223.0
0.017,30.0,0.51,845,4784.0
0.019,24.0,0.59,975,5066.0
0.009,23.0,0.67,990,4621.0
0.006,29.0,0.48,1160,4582.0
0.029,27.0,0.51,962,5880.0
0.02,28.0,0.6,1151,5473.0
0.028,23.0,0.58,1048,5060.0
0.028,21.0,0.68,836,4068.0
0.015,22.0,0.54,934,4821.0
0.025,29.0,0.64,1150,5718.0
0.015,27.0,0.44,906,4000.0
0.009,27.0,0.41,1148,5484.0
0.018,26.0,0.58,1028,4278.0
0.006,24.0,0.49,985,4361.0
0.008,29.0,0.52,828,5327.0
0.02,21.0,0.69,1031,5993.0
0.01,26.0,0.58,1172,5341.0
0.025,30.0,0.45,869,5055.0
0.023,25.0,0.66,989,5727.0
0.026,29.0,0.41,1155,4296.0
0.021,21.0,0.49,819,5891.0
0.021,29.0,0.47,1127,4494.0
0.006,28.0,0.6,947,5168.0
0.02,25.0,0.63,1014,4748.0
0.006,25.0,0.62,1158,4219.0
0.015,26.0,0.67,891,5408.0
0.007,30.0,0.66,947,4740.0
0.015,25.0,0.46,839,5160.0
0.012,29.0,0.62,880,5617.0
0.007,23.0,0.4,855,5924.0
0.028,21.0,0.42,1093,5284.0
0.018,27.0,0.58,1061,5388.0
0.021,20.0,0.52,1155,4775.0
0.008,29.0,0.7,1054,4614.0
0.023,29.0,0.62,946,5872.0
0.012,25.0,0.7,807,5083.0
0.011,23.0,0.4,838,5457.0
0.02,29.0,0.63,960,5541.0
0.022,26.0,0.58,1058,5817.0
0.022,24.0,0.67,917,4338.0
0.008,25.0,0.51,866,5681.0
0.025,20.0,0.44,1173,5556.0
0.009,20.0,0.66,1126,4611.0
0.013,30.0,0.55,998,5140.0
0.006,27.0,0.62,1103,5063.0
0.015,24.0,0.56,875,5351.0
0.02,21.0,0.6,1199,4939.0
0.014,26.0,0.6,1178,5000.0
0.024,20.0,0.41,977,4178.0
0.025,20.0,0.46,955,5056.0
0.023,26.0,0.58,958,5154.0
0.016,27.0,0.41,1075,5812.0
0.022,21.0,0.62,992,4313.0
0.021,22.0,0.51,1200,5689.0
0.016,22.0,0.47,981,4287.0
0.02,27.0,0.49,882,5937.0
0.008,23.0,0.41,891,5196.0
0.006,23.0,0.49,1073,4747.0
0.021,28.0,0.59,943,4144.0
0.022,28.0,0.52,1146,5185.0
0.009,30.0,0.58,952,5691.0
0.007,30.0,0.64,808,4248.0
0.02,30.0,0.54,861,5087.0
0.022,24.0,0.53,1188,4581.0
0.009,25.0,0.66,984,4035.0
0.022,22.0,0.47,957,4348.0
0.006,22.0,0.57,866,5906.0
0.018,24.0,0.57,1039,4910.0
0.018,24.0,0.42,825,4911.0
0.029,24.0,0.44,933,5933.0
0.017,26.0,0.62,987,5164.0
0.01,22.0,0.66,1067,5426.0
0.029,20.0,0.59,971,4458.0
0.006,27.0,0.7,1192,4761.0
0.007,21.0,0.7,922,5311.0
0.02,27.0,0.5,1002,5799.0
0.025,30.0,0.42,1009,4508.0
0.019,28.0,0.6,1108,4755.0
0.019,21.0,0.54,1112,5514.0
0.011,21.0,0.4,815,4909.0
0.02,23.0,0.55,918,5010.0
0.024,25.0,0.51,844,4589.0
0.03,23.0,0.6,1120,5106.0
0.024,29.0,0.49,960,4325.0
0.029,21.0,0.53,1103,4119.0
0.005,22.0,0.45,1135,5637.0
0.028,29.0,0.56,1093,5141.0
0.018,24.0,0.42,1102,5632.0
0.011,21.0,0.55,853,4495.0
0.012,26.0,0.42,912,5476.0
0.01,24.0,0.6,881,5692.0
0.009,20.0,0.66,991,5209.0
0.018,25.0,0.61,1175,5669.0
0.016,20.0,0.68,994,4389.0
0.012,28.0,0.54,965,5749.0
0.01,28.0,0.7,852,5057.0
0.009,23.0,0.58,826,4011.0
0.007,23.0,0.56,949,4039.0
0.008,28.0,0.49,885,4036.0
0.023,26.0,0.41,1137,5351.0
0.027,21.0,0.44,1034,5157.0
0.008,23.0,0.58,1143,4868.0
0.027,28.0,0.5,1152,4543.0
0.02,21.0,0.57,819,4565.0
0.017,20.0,0.4,1192,5261.0
0.007,20.0,0.67,852,4214.0
0.011,22.0,0.65,1174,5957.0
0.016,22.0,0.65,1187,4903.0
0.009,30.0,0.64,962,4598.0
0.03,28.0,0.58,942,4942.0
0.03,27.0,0.51,1104,4708.0
0.029,25.0,0.53,824,4745.0
0.028,22.0,0.5,1169,5683.0
0.006,29.0,0.64,1016,5558.0
0.016,26.0,0.43,1151,5066.0
0.015,28.0,0.45,959,5527.0
0.019,20.0,0.41,885,4410.0
0.023,25.0,0.7,849,4793.0
0.006,26.0,0.53,964,5136.0
0.023,25.0,0.56,1136,4997.0
0.025,28.0,0.5,966,4720.0
0.028,20.0,0.43,1160,5359.0
0.027,25.0,0.56,808,4694.0
0.014,21.0,0.57,1061,4221.0
0.01,27.0,0.55,860,4151.0
0.019,25.0,0.53,1175,4244.0
0.024,30.0,0.54,919,5321.0
0.016,21.0,0.5,1170,4518.0
0.02,28.0,0.53,1106,4896.0
0.023,22.0,0.62,980,5153.0
0.019,27.0,0.44,1000,4841.0
0.023,20.0,0.64,854,4152.0
0.017,24.0,0.62,989,5894.0
0.02,21.0,0.59,1189,5567.0
0.009,25.0,0.65,1059,5587.0
0.025,20.0,0.42,953,5108.0
0.019,25.0,0.41,907,4217.0
0.006,30.0,0.54,880,5380.0
0.02,27.0,0.58,1060,5082.0
0.017,29.0,0.48,1004,4124.0
0.017,22.0,0.49,881,4371.0
0.023,23.0,0.51,969,5997.0
0.01,23.0,0.51,990,5938.0
0.028,21.0,0.51,1161,5643.0
0.02,22.0,0.66,931,5442.0
0.026,24.0,0.42,958,5177.0
0.024,28.0,0.65,901,5385.0
0.016,26.0,0.4,974,4063.0
0.019,30.0,0.42,941,5399.0
0.023,26.0,0.64,1118,4040.0
0.005,27.0,0.58,1038,5774.0
0.008,21.0,0.47,903,5038.0
0.022,22.0,0.62,918,5541.0
0.018,21.0,0.59,1015,5454.0
0.02,28.0,0.55,894,4508.0
0.027,21.0,0.62,831,5304.0
0.021,23.0,0.65,940,4142.0
0.012,30.0,0.49,1044,5800.0
0.006,25.0,0.7,997,4478.0
0.025,21.0,0.64,924,5631.0
0.028,22.0,0.45,910,5778.0
0.009,27.0,0.66,901,5849.0
0.005,23.0,0.65,815,5792.0
0.012,22.0,0.58,945,4713.0
0.006,27.0,0.41,1072,4593.0
0.025,20.0,0.45,926,4732.0
0.006,23.0,0.48,808,4917.0
0.024,28.0,0.48,800,4160.0
0.008,20.0,0.46,801,5190.0
0.023,27.0,0.6,985,5600.0
0.019,25.0,0.64,1060,4418.0
0.022,23.0,0.64,1133,4265.0
0.028,25.0,0.66,899,4201.0
0.007,24.0,0.42,819,5784.0
0.018,22.0,0.56,854,5473.0
0.021,21.0,0.52,878,5313.0
0.027,20.0,0.57,987,5705.0
0.017,21.0,0.49,1174,4802.0
0.026,27.0,0.61,1067,5820.0
0.019,22.0,0.63,1024,5276.0
0.023,27.0,0.54,809,4850.0
0.024,30.0,0.4,1077,5425.0
0.024,27.0,0.41,932,5898.0
0.011,28.0,0.46,906,5513.0
0.009,23.0,0.48,1095,4370.0
0.022,23.0,0.51,1004,5343.0
0.018,30.0,0.51,1016,5875.0
0.012,25.0,0.48,952,4439.0
0.007,21.0,0.7,940,5413.0
0.019,21.0,0.45,1015,5610.0
0.018,26.0,0.65,1123,5430.0
0.028,29.0,0.52,1058,5870.0
0.016,26.0,0.45,865,5675.0
0.013,29.0,0.46,927,4348.0
0.022,29.0,0.5,1091,4061.0
0.012,29.0,0.49,1057,4764.0
0.024,22.0,0.42,1138,4412.0
0.025,28.0,0.52,828,5576.0
0.015,29.0,0.65,1003,4055.0
0.011,24.0,0.52,940,5796.0
0.02,23.0,0.44,992,4474.0
0.028,22.0,0.56,1019,4227.0
0.024,23.0,0.4,1070,4294.0
0.02,20.0,0.45,1176,4107.0
0.025,20.0,0.54,1200,4268.0
0.026,20.0,0.69,1064,5687.0
0.029,24.0,0.43,802,5944.0
0.02,24.0,0.56,991,4532.0
0.005,30.0,0.69,1184,4090.0
0.026,28.0,0.61,929,4819.0
0.012,28.0,0.46,1104,4084.0
0.02,28.0,0.51,1185,5357.0
0.015,27.0,0.66,1003,5435.0
0.022,20.0,0.57,897,4298.0
0.009,21.0,0.58,923,5883.0
0.007,26.0,0.66,1103,5733.0
0.026,24.0,0.6,990,4894.0
0.025,28.0,0.4,1154,4610.0
0.006,26.0,0.55,989,4390.0
0.029,25.0,0.6,1152,4182.0
0.012,25.0,0.43,1139,5818.0
0.017,28.0,0.69,1133,4286.0
0.016,21.0,0.47,1120,4886.0
0.025,22.0,0.55,871,4588.0
0.013,21.0,0.63,1191,5751.0
0.02,21.0,0.63,1043,5671.0
0.012,21.0,0.41,826,4688.0
0.028,21.0,0.49,961,4568.0
0.012,23.0,0.48,1139,4510.0
0.009,24.0,0.64,1007,5797.0
0.008,22.0,0.68,1134,4238.0
0.021,21.0,0.66,1175,4772.0
0.025,23.0,0.52,1135,4803.0
0.024,28.0,0.44,985,5510.0
0.028,30.0,0.57,1159,5766.0
0.021,21.0,0.56,1147,5735.0
0.026,28.0,0.46,842,4056.0
0.017,25.0,0.61,938,4873.0
0.01,23.0,0.5,1006,4126.0
0.027,20.0,0.47,997,4726.0
0.025,23.0,0.58,1127,4706.0
0.008,27.0,0.5,826,4147.0
0.016,25.0,0.46,968,5830.0
0.016,21.0,0.42,911,5737.0
0.014,28.0,0.63,914,4694.0
0.014,24.0,0.53,957,4808.0
0.016,26.0,0.45,1115,4024.0
0.025,20.0,0.42,1108,5944.0
0.013,29.0,0.64,1120,4916.0
0.015,26.0,0.57,878,4617.0
0.015,23.0,0.69,931,4903.0
0.009,20.0,0.43,916,5595.0
0.029,26.0,0.48,1101,4376.0
0.022,26.0,0.45,1161,4657.0
0.007,29.0,0.56,1022,5879.0
0.018,23.0,0.55,1177,5747.0
0.019,25.0,0.58,1190,4511.0
0.025,23.0,0.5,934,4967.0
0.009,25.0,0.54,1114,4513.0
0.029,25.0,0.59,930,4222.0
0.029,24.0,0.58,1083,4718.0
0.007,24.0,0.43,985,4207.0
0.016,30.0,0.62,825,4772.0
0.011,23.0,0.46,903,5061.0
0.014,24.0,0.47,1129,4564.0
0.023,25.0,0.6,910,4671.0
0.014,22.0,0.49,1090,4428.0
0.007,25.0,0.49,904,4394.0
0.006,22.0,0.52,855,5058.0
0.02,25.0,0.41,968,5832.0
0.01,30.0,0.48,979,4580.0
0.012,27.0,0.51,1076,5397.0
0.011,22.0,0.5,889,5683.0
0.011,27.0,0.5,893,4555.0
0.012,24.0,0.53,1000,5254.0
0.008,21.0,0.59,1197,5652.0
0.027,30.0,0.55,933,5075.0
0.028,20.0,0.64,912,4251.0
0.015,20.0,0.48,1119,5428.0
0.018,27.0,0.57,863,5684.0
0.02,24.0,0.53,991,5694.0
0.016,30.0,0.65,1083,4436.0
0.008,30.0,0.46,1135,5162.0
0.029,30.0,0.68,925,4055.0
0.012,22.0,0.6,813,4871.0
0.013,22.0,0.7,1191,5152.0
0.019,26.0,0.7,1173,5950.0
0.008,26.0,0.46,992,5178.0
0.028,26.0,0.43,1110,5813.0
0.028,24.0,0.52,1071,5661.0
0.026,27.0,0.61,1079,5478.0
0.012,20.0,0.41,985,5924.0
0.016,24.0,0.51,877,5880.0
0.022,29.0,0.52,975,4668.0
0.018,21.0,0.52,1148,4406.0
0.028,26.0,0.4,1122,4480.0
0.007,30.0,0.63,833,4568.0
0.025,30.0,0.6,971,5955.0
0.022,24.0,0.59,1074,5373.0
0.018,21.0,0.68,1189,4115.0
0.012,25.0,0.43,947,4914.0
0.03,29.0,0.56,1006,5739.0
0.012,22.0,0.46,847,4559.0
0.026,29.0,0.65,1192,5595.0
0.019,24.0,0.64,1085,5843.0
0.013,28.0,0.57,1098,5921.0
0.021,26.0,0.41,1134,4063.0
0.016,23.0,0.68,1045,4371.0
0.017,30.0,0.51,1160,5170.0
0.01,29.0,0.41,801,5945.0
0.017,24.0,0.64,998,4013.0
0.023,26.0,0.62,949,5648.0
0.026,28.0,0.48,853,5874.0
0.016,24.0,0.55,887,5612.0
0.019,28.0,0.55,1147,5499.0
0.011,25.0,0.48,1152,5787.0
0.005,21.0,0.5,927,5793.0
0.013,25.0,0.41,844,4251.0
0.011,24.0,0.56,1195,4790.0
0.023,28.0,0.43,816,5062.0
0.013,22.0,0.46,1076,5158.0
0.014,27.0,0.41,951,4956.0
0.026,28.0,0.41,977,5670.0
0.016,24.0,0.41,1038,5235.0
0.019,21.0,0.66,1109,5452.0
0.013,28.0,0.44,1089,4802.0
0.019,20.0,0.56,1097,4634.0
0.022,22.0,0.57,1015,5683.0
0.007,22.0,0.51,1053,5224.0
0.025,26.0,0.45,984,5579.0
0.013,28.0,0.51,830,5906.0
0.015,29.0,0.63,931,5981.0
0.015,30.0,0.51,853,5174.0
0.019,28.0,0.6,1148,5909.0
0.009,29.0,0.41,1153,5865.0
0.006,25.0,0.68,1022,5055.0
0.017,30.0,0.56,1119,5040.0
0.017,25.0,0.66,1086,5403.0
0.017,29.0,0.56,1092,4737.0
0.019,21.0,0.59,1153,5868.0
0.027,29.0,0.46,842,4859.0
0.005,27.0,0.56,1061,5518.0
0.012,30.0,0.69,845,4375.0
0.008,26.0,0.49,1198,5700.0
0.014,21.0,0.67,1128,4094.0
0.012,24.0,0.57,917,4641.0
0.022,24.0,0.54,847,5393.0
0.017,27.0,0.44,1159,5306.0
0.015,27.0,0.68,940,4068.0
0.022,29.0,0.42,977,4918.0
0.008,30.0,0.48,1060,5245.0
0.011,22.0,0.55,806,4666.0
0.028,23.0,0.56,828,4830.0
0.011,20.0,0.58,961,4915.0
0.008,24.0,0.51,886,4973.0
0.03,23.0,0.46,1104,4105.0
0.014,22.0,0.69,1084,4133.0
0.006,27.0,0.65,1037,5179.0
0.019,24.0,0.56,1192,5974.0
0.01,22.0,0.53,1141,4379.0
0.024,23.0,0.49,1042,4536.0
0.011,29.0,0.48,1046,5627.0
0.024,25.0,0.68,1176,5192.0
0.009,27.0,0.41,932,4032.0
0.005,25.0,0.41,824,4657.0
0.014,27.0,0.7,990,5456.0
0.018,20.0,0.62,911,5983.0
0.006,22.0,0.51,1137,4801.0
0.021,22.0,0.59,1058,5615.0
0.014,28.0,0.63,904,5918.0
0.021,21.0,0.49,883,4471.0
0.016,27.0,0.68,1020,5063.0
0.022,28.0,0.68,1162,4475.0
0.028,27.0,0.5,925,4119.0
0.025,22.0,0.56,955,4144.0
0.018,28.0,0.61,814,4877.0
0.024,30.0,0.55,1006,5860.0
0.007,24.0,0.44,859,4091.0
0.008,22.0,0.4,990,4184.0
0.02,22.0,0.48,925,5004.0
0.016,28.0,0.69,1134,4954.0
0.026,30.0,0.51,893,5515.0
0.02,28.0,0.52,1196,5885.0
0.014,24.0,0.51,1063,5991.0
0.006,22.0,0.41,1174,4400.0
0.028,24.0,0.46,1045,5236.0
0.014,20.0,0.46,1163,5028.0
0.017,28.0,0.66,1086,5624.0
0.025,25.0,0.68,956,5882.0
0.014,22.0,0.41,1057,4242.0
0.009,25.0,0.6,914,5472.0
0.006,22.0,0.69,1103,4642.0
0.008,29.0,0.5,1177,4993.0
0.009,29.0,0.41,969,4369.0
0.02,20.0,0.62,920,4323.0
0.008,30.0,0.58,894,4906.0
0.014,27.0,0.53,1002,5622.0
0.02,23.0,0.43,981,5567.0
0.012,30.0,0.6,1087,4339.0
0.007,28.0,0.49,841,4008.0
0.019,20.0,0.56,1138,5266.0
0.022,25.0,0.68,1141,4092.0
0.015,30.0,0.56,1179,5020.0
0.029,29.0,0.51,970,4479.0
0.023,20.0,0.58,945,5013.0
0.021,27.0,0.69,995,5999.0
0.024,29.0,0.47,1111,4397.0
0.015,22.0,0.45,1160,5168.0
0.007,21.0,0.55,1091,4654.0
0.01,28.0,0.59,978,5244.0
0.014,26.0,0.44,1001,5947.0
0.014,21.0,0.53,807,5555.0
0.017,20.0,0.62,975,5501.0
0.017,25.0,0.62,1081,4003.0
0.026,30.0,0.55,993,5363.0
0.02,27.0,0.47,1120,5906.0
0.009,29.0,0.44,809,5489.0
0.013,20.0,0.46,943,4455.0
0.022,27.0,0.44,856,4714.0
0.017,21.0,0.54,1085,4145.0
0.03,23.0,0.41,1030,4689.0
0.014,26.0,0.53,981,5145.0
0.006,27.0,0.64,1036,5282.0
0.028,20.0,0.56,1200,4908.0
0.024,28.0,0.51,1194,4230.0
0.025,23.0,0.55,971,5663.0
0.028,29.0,0.61,1191,4107.0
0.028,24.0,0.57,822,5546.0
0.014,22.0,0.69,1001,5694.0
0.019,28.0,0.52,906,4323.0
0.015,30.0,0.54,1128,4283.0
0.014,20.0,0.62,862,5039.0
0.008,30.0,0.57,937,4131.0
0.005,28.0,0.64,963,5918.0
0.022,22.0,0.62,813,4390.0
0.01,20.0,0.69,1093,5220.0
0.014,20.0,0.59,1139,4598.0
0.017,27.0,0.7,1127,5728.0
0.021,30.0,0.56,1188,4438.0
0.015,20.0,0.59,884,5839.0
0.026,30.0,0.43,1113,4176.0
0.017,29.0,0.58,1043,5683.0
0.014,30.0,0.52,1127,5972.0
0.019,22.0,0.64,891,4568.0
0.007,21.0,0.63,1008,4241.0
0.02,23.0,0.48,1163,5393.0
0.014,23.0,0.52,1140,5934.0
0.01,28.0,0.46,935,5239.0
0.016,23.0,0.51,1177,5405.0
0.017,22.0,0.4,845,4371.0
0.012,24.0,0.5,1092,5670.0
0.017,27.0,0.54,892,4223.0
0.028,24.0,0.46,1023,4899.0
0.025,20.0,0.53,982,5388.0
0.01,25.0,0.53,1105,4384.0
0.016,26.0,0.53,1127,5617.0
0.02,30.0,0.59,922,5886.0
0.013,24.0,0.67,1128,4044.0
0.02,29.0,0.44,990,5718.0
0.019,23.0,0.56,1065,5772.0
0.021,21.0,0.5,894,4442.0
0.014,24.0,0.42,1098,4026.0
0.016,20.0,0.56,1196,5400.0
0.021,21.0,0.66,818,5018.0
0.014,25.0,0.62,1052,5634.0
0.012,22.0,0.47,982,5714.0
0.018,21.0,0.65,1131,5325.0
0.021,25.0,0.46,1159,5921.0
0.006,22.0,0.46,1029,5688.0
0.012,26.0,0.58,882,5529.0
0.013,29.0,0.49,838,5421.0
0.025,28.0,0.51,1147,4267.0
0.007,21.0,0.44,1175,5866.0
0.012,25.0,0.45,1030,5681.0
0.015,27.0,0.42,998,5553.0
0.025,21.0,0.69,985,4380.0
0.008,23.0,0.58,1043,5825.0
0.015,29.0,0.7,958,5311.0
0.01,27.0,0.58,1065,5475.0
0.01,28.0,0.52,1199,5501.0
0.018,22.0,0.63,1059,4488.0
0.02,29.0,0.47,1027,5070.0
0.018,23.0,0.54,1030,4555.0
0.023,27.0,0.53,1042,4025.0
0.006,29.0,0.46,873,4356.0
0.02,22.0,0.51,1024,4623.0
0.025,28.0,0.54,1024,5375.0
0.015,28.0,0.64,1054,5492.0
0.022,22.0,0.58,1164,4433.0
0.017,24.0,0.59,1014,4242.0
0.02,29.0,0.6,1102,5004.0
0.016,26.0,0.47,1155,4838.0
0.005,21.0,0.48,1118,5388.0
0.014,26.0,0.65,863,4208.0
0.005,23.0,0.49,923,4873.0
0.019,21.0,0.6,1171,5323.0
0.01,28.0,0.49,1029,5518.0
0.013,21.0,0.41,1136,4015.0
0.005,24.0,0.59,1062,4911.0
0.024,30.0,0.44,1178,5248.0
0.012,23.0,0.63,1095,4256.0
0.022,28.0,0.5,1121,5803.0
0.029,23.0,0.52,1019,4731.0
0.025,30.0,0.6,992,4524.0
0.025,22.0,0.47,1127,5110.0
0.008,29.0,0.54,1044,4889.0
0.015,26.0,0.65,830,5720.0
0.01,21.0,0.47,1017,4900.0
0.029,24.0,0.44,807,5655.0
0.016,25.0,0.47,848,5175.0
0.013,23.0,0.62,1028,5339.0
0.028,29.0,0.62,822,4265.0
0.009,29.0,0.48,905,5314.0
0.028,26.0,0.6,1079,5999.0
0.016,23.0,0.4,1039,5780.0
0.01,20.0,0.54,821,5122.0
0.017,25.0,0.69,837,4914.0
0.019,22.0,0.53,877,5084.0
0.027,21.0,0.41,1151,5683.0
0.007,26.0,0.52,1093,4516.0
0.009,30.0,0.49,810,5517.0
0.015,21.0,0.4,994,4255.0
0.013,23.0,0.67,949,4202.0
0.016,26.0,0.59,1052,4919.0
0.017,23.0,0.48,903,5944.0
0.016,26.0,0.67,1122,5738.0
0.012,29.0,0.55,921,5680.0
0.028,29.0,0.46,1163,5305.0
0.018,22.0,0.67,980,4885.0
0.016,24.0,0.41,1110,4580.0
0.016,22.0,0.42,1028,4773.0
0.024,20.0,0.61,1185,5062.0
0.01,23.0,0.4,873,4284.0
0.015,30.0,0.53,915,4110.0
0.017,28.0,0.5,976,5936.0
0.026,20.0,0.68,1132,5158.0
0.013,21.0,0.53,805,5552.0
0.029,23.0,0.69,865,5481.0
0.006,20.0,0.66,1115,5454.0
0.013,23.0,0.55,1050,4315.0
0.012,28.0,0.62,903,4537.0
0.027,23.0,0.64,1162,5027.0
0.007,20.0,0.47,1184,4563.0
0.011,25.0,0.68,882,5654.0
0.022,21.0,0.49,835,4696.0
0.019,28.0,0.53,931,4661.0
0.019,22.0,0.44,824,5357.0
0.014,27.0,0.54,958,5721.0
0.027,29.0,0.41,1125,5590.0
0.01,23.0,0.51,1103,4254.0
0.013,28.0,0.54,1133,4796.0
0.022,28.0,0.55,839,4283.0
0.02,29.0,0.4,1072,5027.0
0.011,24.0,0.69,1017,5433.0
0.007,28.0,0.65,1185,4491.0
0.029,28.0,0.49,913,5652.0
0.023,20.0,0.43,912,5485.0
0.022,20.0,0.57,966,5560.0
0.015,24.0,0.45,870,5294.0
0.019,30.0,0.7,946,4476.0
0.01,22.0,0.49,866,5758.0
0.014,22.0,0.57,1153,4416.0
0.025,22.0,0.59,849,4382.0
0.03,23.0,0.62,875,5411.0
0.009,22.0,0.65,1119,4804.0
0.01,27.0,0.46,921,5444.0
0.019,25.0,0.5,1146,4795.0
0.005,20.0,0.45,1022,5546.0
0.014,26.0,0.65,916,4633.0
0.028,28.0,0.49,1177,5077.0
0.007,23.0,0.67,1149,4308.0
0.024,28.0,0.66,1008,5660.0
0.025,25.0,0.65,1164,4382.0
0.011,30.0,0.7,836,4540.0
0.017,29.0,0.59,1173,5410.0
0.014,30.0,0.68,847,4858.0
0.019,23.0,0.47,972,5478.0
0.024,21.0,0.49,885,4845.0
0.015,24.0,0.61,806,4554.0
0.015,29.0,0.4,844,5009.0
0.021,25.0,0.5,936,4970.0
0.019,24.0,0.64,1173,5323.0
0.026,30.0,0.49,1037,5002.0
0.02,27.0,0.4,1101,4788.0
0.006,24.0,0.54,1044,4924.0
0.017,20.0,0.42,926,5340.0
0.029,21.0,0.61,907,5820.0
0.026,20.0,0.48,995,4449.0
0.016,24.0,0.42,865,4905.0
0.027,24.0,0.47,879,5492.0
0.028,24.0,0.67,1081,5199.0
0.022,26.0,0.53,1152,5921.0
0.03,20.0,0.52,1084,4970.0
0.023,25.0,0.6,1139,4538.0
0.027,29.0,0.41,1047,4018.0
0.014,26.0,0.67,897,5035.0
0.01,27.0,0.6,908,5338.0
0.011,29.0,0.53,873,4415.0
0.018,22.0,0.48,939,4467.0
0.009,23.0,0.48,1154,4303.0
0.01,27.0,0.48,1031,5619.0
0.029,24.0,0.57,1075,4714.0
0.026,21.0,0.48,872,4134.0
0.01,30.0,0.7,854,5094.0
0.011,23.0,0.41,1042,5234.0
0.015,26.0,0.67,1134,5169.0
0.021,27.0,0.56,908,4081.0
0.018,28.0,0.61,961,5294.0
0.018,20.0,0.4,815,4460.0
0.01,22.0,0.47,820,5901.0
0.012,30.0,0.49,812,5013.0
0.009,25.0,0.56,890,5973.0
0.012,29.0,0.66,1160,5246.0
0.025,20.0,0.45,804,5825.0
0.015,28.0,0.49,852,4788.0
0.01,21.0,0.4,853,5637.0
0.025,28.0,0.61,875,5748.0
0.005,30.0,0.6,1198,4110.0
0.024,27.0,0.58,1153,5705.0
0.027,22.0,0.69,816,4051.0
0.022,27.0,0.56,1110,4232.0
0.008,24.0,0.45,1130,4686.0
0.012,30.0,0.57,883,5667.0
0.025,30.0,0.63,1010,5237.0
0.013,20.0,0.65,1142,5131.0
0.009,25.0,0.46,954,5792.0
0.025,20.0,0.61,1094,4561.0
0.009,27.0,0.64,917,5904.0
0.007,28.0,0.42,1187,5789.0
0.014,20.0,0.68,1168,5945.0
0.012,24.0,0.46,840,4294.0
0.01,26.0,0.54,846,5906.0
0.022,20.0,0.67,810,5398.0
0.012,26.0,0.57,989,4047.0
0.011,25.0,0.45,1007,4385.0
0.019,28.0,0.63,890,4807.0
0.015,25.0,0.65,828,4197.0
0.028,30.0,0.56,1133,4907.0
0.026,22.0,0.47,998,5085.0
0.012,25.0,0.57,974,4941.0
0.018,27.0,0.47,876,5410.0
0.022,25.0,0.48,1143,5432.0
0.017,23.0,0.67,1150,4664.0
0.027,25.0,0.59,1156,5552.0
0.027,21.0,0.7,897,4397.0
0.025,30.0,0.67,937,4472.0
0.017,23.0,0.57,900,4574.0
0.027,30.0,0.53,1010,5847.0
0.019,25.0,0.65,1149,4494.0
0.007,21.0,0.46,1066,4265.0
0.022,28.0,0.56,1147,5479.0
0.016,21.0,0.56,1048,4082.0
0.026,24.0,0.65,1192,5286.0
0.021,27.0,0.53,997,4567.0
0.025,29.0,0.7,1057,4486.0
0.008,28.0,0.42,1126,5698.0
0.023,27.0,0.69,807,5735.0
0.017,24.0,0.59,824,4562.0
0.022,25.0,0.46,1004,4477.0
0.015,26.0,0.61,837,4667.0
0.019,25.0,0.66,892,4675.0
0.008,23.0,0.48,870,5800.0
0.017,28.0,0.52,1162,4023.0
0.021,23.0,0.58,920,4725.0
0.016,28.0,0.59,959,4840.0
0.021,20.0,0.43,942,4412.0
0.015,21.0,0.55,1075,5950.0
0.007,26.0,0.53,981,5196.0
0.024,20.0,0.53,1038,5703.0
0.027,23.0,0.61,1082,4402.0
0.009,28.0,0.48,893,4646.0
0.017,24.0,0.69,845,4393.0
0.02,30.0,0.42,930,5120.0
0.027,24.0,0.55,896,4455.0
0.03,29.0,0.58,1200,5306.0
0.016,22.0,0.59,1150,4493.0
0.023,29.0,0.54,982,4341.0
0.02,20.0,0.41,1011,5660.0
0.021,25.0,0.54,870,4215.0
0.026,27.0,0.65,1103,5381.0
0.015,27.0,0.45,1130,5610.0
0.008,28.0,0.47,1144,4977.0
0.015,24.0,0.63,881,4376.0
0.024,23.0,0.52,877,5909.0
0.008,21.0,0.56,1188,4584.0
0.018,30.0,0.48,995,4652.0
0.015,20.0,0.42,1030,4538.0
0.013,29.0,0.52,977,4715.0
0.022,21.0,0.61,1046,5602.0
0.02,29.0,0.42,1154,5717.0
0.029,25.0,0.46,1172,5467.0
0.011,23.0,0.44,810,5085.0
0.015,30.0,0.61,874,5801.0
0.024,26.0,0.69,902,4167.0
0.008,29.0,0.52,1087,4489.0
0.007,23.0,0.41,856,4149.0
0.021,29.0,0.58,1098,4967.0
0.029,30.0,0.53,941,5129.0
0.005,20.0,0.53,1118,4300.0
0.006,29.0,0.46,1172,5737.0
0.029,22.0,0.6,816,5026.0
0.025,30.0,0.57,1154,5397.0
0.02,23.0,0.58,1115,5670.0
0.011,30.0,0.58,948,5781.0
0.029,28.0,0.55,1153,5450.0
0.006,30.0,0.56,920,5195.0
0.024,28.0,0.44,965,4952.0
0.007,21.0,0.53,1092,4066.0
0.028,20.0,0.4,1153,4335.0
0.025,28.0,0.56,949,5903.0
0.015,25.0,0.55,880,5514.0
0.015,28.0,0.61,1060,5101.0
0.013,29.0,0.64,940,4283.0
0.017,29.0,0.57,834,4997.0
0.009,23.0,0.4,1143,4141.0
0.013,27.0,0.62,1058,5431.0
0.006,21.0,0.62,1035,4617.0
0.018,29.0,0.47,981,5583.0
0.022,26.0,0.69,998,4344.0
0.012,20.0,0.42,848,5256.0
0.016,20.0,0.46,877,5647.0
0.02,28.0,0.65,925,5992.0
0.02,24.0,0.54,1107,5257.0
0.012,23.0,0.47,1049,5189.0
0.01,20.0,0.55,1164,4830.0
0.018,26.0,0.52,1053,4433.0
0.026,24.0,0.69,1141,4055.0
0.015,30.0,0.53,1019,5184.0
0.026,23.0,0.4,1159,5179.0
0.027,26.0,0.66,1107,4936.0
0.018,30.0,0.57,1164,5587.0
0.011,22.0,0.41,1046,4984.0
0.023,22.0,0.55,907,5645.0
0.012,25.0,0.63,1072,4001.0
0.01,22.0,0.67,1111,5739.0
0.025,27.0,0.6,921,4482.0
0.029,30.0,0.48,890,4733.0
0.012,21.0,0.59,1141,5625.0
0.024,22.0,0.44,1071,5519.0
0.008,24.0,0.52,1038,4085.0
0.018,26.0,0.69,805,4284.0
0.028,29.0,0.49,1176,4100.0
0.02,23.0,0.56,1036,4034.0
0.026,25.0,0.65,1154,4759.0
0.021,23.0,0.52,1115,4336.0
0.007,25.0,0.7,806,5639.0
0.029,20.0,0.47,964,5288.0
0.018,29.0,0.65,907,4984.0
0.007,24.0,0.66,1170,5209.0
0.026,28.0,0.48,833,5454.0
0.025,26.0,0.46,975,4834.0
0.019,22.0,0.4,1169,4278.0
0.021,30.0,0.52,1126,5222.0
0.023,23.0,0.63,1166,4244.0
0.012,29.0,0.6,1088,5886.0
0.026,30.0,0.65,1029,4052.0
0.014,25.0,0.5,1050,5078.0
0.026,26.0,0.62,820,5990.0
0.012,30.0,0.45,829,4290.0
0.018,20.0,0.54,1105,4394.0
0.008,26.0,0.52,961,5017.0
0.02,25.0,0.47,1200,4187.0
0.022,20.0,0.58,1060,4630.0
0.006,25.0,0.61,1006,4917.0
0.012,30.0,0.7,1141,4456.0
0.023,25.0,0.61,1192,4660.0
0.02,29.0,0.57,1134,5034.0
0.013,28.0,0.63,896,5136.0
0.028,20.0,0.6,996,5450.0
0.012,29.0,0.51,897,5622.0
0.009,21.0,0.4,1179,4523.0
0.013,23.0,0.57,1103,4372.0
0.027,26.0,0.62,922,5669.0
0.013,20.0,0.66,1082,5568.0
0.029,24.0,0.52,1113,5708.0
0.028,27.0,0.6,1116,5348.0
0.022,22.0,0.65,1060,5989.0
0.025,22.0,0.4,984,5942.0
0.014,27.0,0.46,1045,5738.0
0.014,21.0,0.63,1048,5652.0
0.028,22.0,0.69,1105,5864.0
0.019,29.0,0.54,879,5851.0
0.01,29.0,0.58,1084,5980.0
0.015,21.0,0.51,1090,5529.0
0.021,29.0,0.58,829,4107.0
0.016,27.0,0.66,1081,5656.0
0.03,26.0,0.68,1073,5285.0
0.025,28.0,0.46,1014,4299.0
0.011,23.0,0.44,1027,5353.0
0.024,23.0,0.5,1180,4687.0
0.019,22.0,0.69,826,4027.0
0.018,29.0,0.66,1148,5391.0
0.011,29.0,0.51,872,5986.0
0.005,29.0,0.7,956,4128.0
0.018,24.0,0.63,854,4439.0
0.019,22.0,0.47,813,4230.0
0.008,29.0,0.52,1168,5257.0
0.028,26.0,0.43,856,4113.0
0.03,26.0,0.45,1181,4324.0
0.01,20.0,0.4,837,4330.0
0.028,20.0,0.48,1132,4888.0
0.017,29.0,0.66,1041,5220.0
0.012,28.0,0.64,1106,4585.0
0.011,23.0,0.48,931,5560.0
0.008,24.0,0.69,1066,4208.0
0.029,24.0,0.52,988,4485.0
0.009,21.0,0.47,833,5280.0
0.007,25.0,0.63,1094,5914.0
0.01,29.0,0.5,1136,5746.0
0.021,28.0,0.64,870,4599.0
0.018,21.0,0.48,807,4873.0
0.006,21.0,0.4,1157,5405.0
0.018,20.0,0.61,1124,5487.0
0.011,30.0,0.41,924,4555.0
0.009,27.0,0.47,1139,5555.0
0.012,26.0,0.46,808,5091.0
0.029,22.0,0.53,821,5826.0
0.016,23.0,0.58,1030,5265.0
0.007,21.0,0.69,1134,5149.0
0.018,21.0,0.54,1113,5123.0
0.022,22.0,0.43,822,4377.0
0.029,20.0,0.6,862,5405.0
0.029,25.0,0.64,1126,5735.0
0.024,29.0,0.62,985,5957.0
0.016,27.0,0.67,1191,5415.0
0.027,24.0,0.52,809,4655.0
0.01,21.0,0.65,1069,4936.0
0.023,24.0,0.62,869,5573.0
0.02,27.0,0.66,994,5786.0
0.012,22.0,0.55,1037,5521.0
0.008,25.0,0.44,1142,4414.0
0.026,24.0,0.43,997,4274.0
0.013,26.0,0.47,1058,5722.0
0.009,22.0,0.46,831,5557.0
0.012,29.0,0.41,941,5859.0
0.019,20.0,0.45,1090,5913.0
0.008,28.0,0.69,1144,4567.0
0.013,30.0,0.69,1166,5609.0
0.023,30.0,0.58,926,5956.0
0.023,30.0,0.69,1042,5073.0
0.02,28.0,0.57,1100,5811.0
0.021,28.0,0.6,962,4973.0
0.018,20.0,0.69,996,4263.0
0.013,20.0,0.52,983,5993.0
0.022,25.0,0.66,1056,4251.0
0.016,29.0,0.4,909,5370.0
0.024,28.0,0.44,978,5779.0
0.025,23.0,0.54,1063,4009.0
0.016,29.0,0.7,1135,4875.0
0.014,21.0,0.65,1044,5386.0
0.027,20.0,0.56,1139,5559.0
0.026,21.0,0.53,1059,5496.0
0.008,27.0,0.67,1163,4559.0
0.013,20.0,0.55,971,4485.0
0.015,23.0,0.46,1045,4669.0
0.019,24.0,0.58,987,4186.0
0.017,23.0,0.5,1127,4867.0
0.015,21.0,0.59,951,5975.0
0.028,24.0,0.54,830,4048.0
0.026,30.0,0.69,875,4546.0
0.007,30.0,0.69,844,4722.0
0.027,24.0,0.65,863,5641.0
0.019,28.0,0.53,1096,5812.0
0.008,30.0,0.41,1174,5418.0
0.022,24.0,0.49,850,5032.0
0.028,23.0,0.65,1062,4665.0
0.026,28.0,0.64,1144,4937.0
0.014,29.0,0.44,1043,5839.0
0.027,20.0,0.61,1040,4225.0
0.012,27.0,0.65,1058,4472.0
0.005,21.0,0.43,925,5153.0
0.015,28.0,0.51,995,5420.0
0.029,25.0,0.69,1020,5445.0
0.026,25.0,0.61,998,4380.0
0.018,23.0,0.42,815,5399.0
0.012,21.0,0.48,926,4047.0
0.014,21.0,0.45,1165,4863.0
0.007,20.0,0.52,992,4608.0
0.02,26.0,0.41,1132,4321.0
0.019,26.0,0.47,959,5782.0
0.019,27.0,0.63,1071,5465.0
0.006,29.0,0.6,923,5671.0
0.018,22.0,0.54,1137,5209.0
0.008,27.0,0.65,1187,5728.0
0.011,24.0,0.49,1044,4616.0
0.014,29.0,0.6,1073,4025.0
0.014,27.0,0.4,1130,5158.0
0.027,21.0,0.61,913,4338.0
0.016,26.0,0.67,1161,4822.0
0.022,26.0,0.49,1041,4115.0
0.007,28.0,0.57,1180,4757.0
0.019,22.0,0.67,928,5113.0
0.017,27.0,0.65,1184,5723.0
0.018,22.0,0.44,1190,5343.0
0.027,21.0,0.65,833,5328.0
0.009,26.0,0.67,1129,5497.0
0.006,27.0,0.5,825,4422.0
0.019,23.0,0.52,1020,5706.0
0.01,25.0,0.7,1036,4310.0
0.015,28.0,0.63,833,5008.0
0.018,27.0,0.6,919,5757.0
0.017,24.0,0.62,1123,5976.0
0.005,25.0,0.44,1000,5587.0
0.01,21.0,0.54,1129,4528.0
0.008,30.0,0.4,1096,4228.0
0.019,25.0,0.66,814,5372.0
0.015,22.0,0.5,1191,4055.0
0.022,21.0,0.42,977,4310.0
0.022,21.0,0.46,1174,5603.0
0.01,22.0,0.41,833,4611.0
0.03,25.0,0.67,1007,5809.0
0.027,23.0,0.62,1104,5718.0
0.019,28.0,0.65,979,5321.0
0.027,24.0,0.63,925,4044.0
0.018,20.0,0.4,1197,5656.0
0.014,24.0,0.59,1119,5750.0
0.015,27.0,0.64,1116,5680.0
0.028,22.0,0.41,1084,5585.0
0.02,28.0,0.4,1009,5697.0
0.018,30.0,0.55,1150,5426.0
0.023,24.0,0.57,1007,5900.0
0.027,24.0,0.55,903,4754.0
0.012,30.0,0.63,986,5926.0
0.008,25.0,0.56,885,4251.0
0.022,30.0,0.67,1116,5935.0
0.02,26.0,0.61,972,4807.0
0.011,23.0,0.54,1063,4363.0
0.021,27.0,0.41,972,5898.0
0.028,28.0,0.46,1009,5009.0
0.013,24.0,0.56,941,5294.0
0.019,23.0,0.57,1172,4632.0
0.011,22.0,0.42,920,5977.0
0.012,23.0,0.49,887,5717.0
0.023,30.0,0.51,815,5070.0
0.018,25.0,0.61,1071,4305.0
0.025,20.0,0.63,1169,4271.0
0.023,21.0,0.43,1184,4407.0
0.026,29.0,0.66,841,5237.0
0.021,22.0,0.46,943,4506.0
0.028,28.0,0.63,990,4415.0
0.009,24.0,0.7,1169,4783.0
0.019,24.0,0.59,1006,4505.0
0.014,21.0,0.61,1180,5511.0
0.009,24.0,0.54,990,4837.0
0.02,21.0,0.52,1173,5049.0
0.021,20.0,0.43,1104,4427.0
0.02,24.0,0.44,1179,5495.0
0.008,27.0,0.48,811,5038.0
0.022,25.0,0.45,1142,4070.0
0.012,28.0,0.59,1170,5509.0
0.008,27.0,0.56,930,5132.0
0.007,29.0,0.57,932,4242.0
0.012,24.0,0.44,1115,4633.0
0.025,27.0,0.57,814,5465.0
0.025,28.0,0.69,1128,4216.0
0.018,27.0,0.69,1156,4585.0
0.023,27.0,0.52,1130,4096.0
0.023,28.0,0.4,1077,4896.0
0.006,26.0,0.44,990,5021.0
0.023,26.0,0.57,878,4205.0
0.022,24.0,0.49,902,4890.0
0.027,30.0,0.61,994,5451.0
0.025,23.0,0.47,924,4883.0
0.02,26.0,0.69,1047,5860.0
0.01,30.0,0.61,1060,4343.0
0.023,28.0,0.6,1155,5918.0
0.006,27.0,0.6,987,4905.0
0.011,29.0,0.53,1194,5972.0
0.019,27.0,0.59,1105,4866.0
0.02,25.0,0.62,999,4821.0
0.026,23.0,0.65,1183,5156.0
0.008,24.0,0.4,867,4921.0
0.014,27.0,0.59,1198,4493.0
0.009,24.0,0.46,825,4448.0
0.017,29.0,0.49,887,5403.0
0.016,20.0,0.58,895,5003.0
0.019,21.0,0.43,934,5456.0
0.006,24.0,0.66,1114,4924.0
0.029,25.0,0.67,1183,5318.0
0.024,20.0,0.56,908,5569.0
0.028,21.0,0.45,1124,4433.0
0.014,20.0,0.66,1097,5563.0
0.005,28.0,0.44,827,5502.0
0.029,28.0,0.59,1003,5639.0
0.012,27.0,0.56,1057,4599.0
0.008,25.0,0.7,1075,4065.0
0.011,27.0,0.55,1121,5161.0
0.02,21.0,0.53,1016,5946.0
0.019,26.0,0.42,1146,5251.0
0.024,20.0,0.53,1138,5412.0
0.012,25.0,0.57,1107,4206.0
0.013,30.0,0.4,1092,4807.0
0.01,30.0,0.43,893,4533.0
0.027,25.0,0.6,1029,4777.0
0.027,26.0,0.52,1007,4063.0
0.028,26.0,0.57,886,4559.0
0.018,20.0,0.6,824,5061.0
0.03,30.0,0.6,882,4033.0
0.013,28.0,0.43,828,5827.0
0.009,24.0,0.47,822,4004.0
0.017,28.0,0.47,830,5496.0
0.028,21.0,0.4,1000,4004.0
0.006,20.0,0.63,1171,5596.0
0.03,21.0,0.53,993,5641.0
0.026,21.0,0.4,1084,4722.0
0.01,22.0,0.67,934,4852.0
0.027,22.0,0.49,825,4425.0
0.006,29.0,0.69,1033,4494.0
0.027,24.0,0.52,918,4424.0
0.01,25.0,0.49,913,4878.0
0.021,21.0,0.63,836,4878.0
0.023,25.0,0.55,832,5606.0
0.019,22.0,0.51,1010,4303.0
0.02,24.0,0.47,867,5306.0
0.014,22.0,0.69,1095,5339.0
0.028,20.0,0.6,1094,5165.0
0.025,24.0,0.4,953,5696.0
0.023,20.0,0.48,911,5868.0
0.005,28.0,0.63,1199,4858.0
0.011,20.0,0.44,860,4344.0
0.026,28.0,0.57,1071,5195.0
0.016,30.0,0.64,902,4680.0
0.026,30.0,0.56,1177,4553.0
0.03,30.0,0.6,871,5245.0
0.016,28.0,0.5,906,5884.0
0.012,28.0,0.7,1103,5074.0
0.021,22.0,0.69,872,4108.0
0.027,24.0,0.5,1197,5554.0
0.02,25.0,0.43,867,4694.0
0.02,28.0,0.54,893,5541.0
0.02,25.0,0.54,870,4598.0
0.02,20.0,0.42,828,4835.0
0.005,23.0,0.44,945,4819.0
0.016,24.0,0.63,863,5233.0
0.01,23.0,0.47,1048,4051.0
0.019,23.0,0.46,1175,5351.0
0.018,27.0,0.67,1127,4446.0
0.025,20.0,0.52,815,4618.0
0.013,21.0,0.52,877,4376.0
0.009,20.0,0.42,1058,5843.0
0.007,29.0,0.64,922,5273.0
0.008,24.0,0.52,826,5087.0
0.025,22.0,0.48,963,5179.0
0.022,20.0,0.67,1067,4732.0
0.021,29.0,0.66,902,5871.0
0.013,28.0,0.5,1116,5600.0
0.024,20.0,0.44,1134,5914.0
0.022,29.0,0.44,921,4366.0
0.009,29.0,0.69,1191,4373.0
0.018,24.0,0.58,809,4233.0
0.019,26.0,0.44,909,5259.0
0.023,20.0,0.53,1021,5874.0
0.005,24.0,0.61,970,4067.0
0.025,24.0,0.48,976,4148.0
0.028,22.0,0.64,903,4528.0
0.019,28.0,0.43,1131,4483.0
0.014,22.0,0.59,912,4060.0
0.025,27.0,0.5,1065,5897.0
0.018,25.0,0.53,825,4687.0
0.018,30.0,0.41,864,4309.0
0.007,25.0,0.6,1096,5919.0
0.019,26.0,0.44,813,4587.0
0.011,24.0,0.48,953,4444.0
0.023,26.0,0.61,865,5850.0
0.009,25.0,0.65,1150,4134.0
0.023,22.0,0.65,1075,4809.0
0.02,26.0,0.56,875,5608.0
0.029,26.0,0.5,1066,5849.0
0.023,23.0,0.65,976,5536.0
0.024,20.0,0.46,975,5906.0
0.022,20.0,0.7,1007,4323.0
0.024,25.0,0.57,1066,4150.0
0.01,28.0,0.46,927,4761.0
0.012,26.0,0.68,930,4582.0
0.017,21.0,0.57,812,4663.0
0.023,22.0,0.57,1093,5669.0
0.017,22.0,0.48,810,5429.0
0.029,30.0,0.63,1003,4725.0
0.021,25.0,0.54,911,4373.0
0.012,23.0,0.42,1129,4190.0
0.016,20.0,0.52,906,4172.0
0.005,24.0,0.64,804,4871.0
0.015,20.0,0.69,806,5048.0
0.019,29.0,0.7,1026,4370.0
0.025,30.0,0.69,1077,4059.0
0.027,29.0,0.53,897,4405.0
0.025,25.0,0.62,955,5894.0
0.011,21.0,0.65,1149,5498.0
0.015,25.0,0.58,834,5693.0
0.007,29.0,0.59,857,5553.0
0.008,22.0,0.47,1114,4213.0
0.029,23.0,0.67,863,5841.0
0.018,24.0,0.58,1028,4353.0
0.019,25.0,0.67,949,5830.0
0.023,25.0,0.65,863,5754.0
0.019,22.0,0.63,863,4840.0
0.027,30.0,0.47,910,5155.0
0.024,23.0,0.63,827,4316.0
0.03,22.0,0.67,894,4773.0
0.017,29.0,0.44,861,5705.0
0.018,26.0,0.56,835,4320.0
0.014,23.0,0.53,1041,5506.0
0.016,20.0,0.45,1016,5938.0
0.02,25.0,0.7,1170,4502.0
0.019,30.0,0.6,1024,5335.0
0.022,27.0,0.52,819,4838.0
0.028,28.0,0.53,1099,4180.0
0.014,23.0,0.65,999,4403.0
0.012,26.0,0.56,986,4534.0
0.023,21.0,0.58,1141,4571.0
0.008,23.0,0.47,1005,4293.0
0.024,21.0,0.67,1178,4160.0
0.02,21.0,0.7,1023,4641.0
0.017,29.0,0.46,927,4731.0
0.009,29.0,0.59,1114,5135.0
0.015,27.0,0.57,1047,4606.0
0.017,30.0,0.43,1079,4193.0
0.02,26.0,0.55,1139,4502.0
0.011,20.0,0.62,1168,5378.0
0.007,26.0,0.49,999,5794.0
0.007,23.0,0.53,950,5442.0
0.03,27.0,0.53,1081,5170.0
0.02,26.0,0.63,1098,4323.0
0.027,21.0,0.62,1069,5127.0
0.012,27.0,0.57,1127,4089.0
0.026,28.0,0.54,870,5935.0
0.025,27.0,0.62,1035,5354.0
0.024,25.0,0.44,1091,4044.0
0.017,29.0,0.5,809,5647.0
0.026,22.0,0.51,1026,5253.0
0.012,22.0,0.63,1144,4090.0
0.024,21.0,0.58,1011,4905.0
0.008,23.0,0.55,849,5189.0
0.029,25.0,0.57,987,5695.0
0.025,27.0,0.66,1180,4853.0
0.027,25.0,0.44,1004,5295.0
0.016,29.0,0.5,1084,5546.0
0.021,27.0,0.62,861,4930.0
0.016,27.0,0.69,1195,4591.0
0.011,30.0,0.55,831,4069.0
0.029,23.0,0.47,1109,4854.0
0.018,25.0,0.57,821,5398.0
0.01,23.0,0.61,1034,4444.0
0.016,25.0,0.58,912,5437.0
0.006,20.0,0.61,970,5558.0
0.016,27.0,0.57,1154,4443.0
0.021,28.0,0.45,1180,4486.0
0.022,20.0,0.69,1043,4076.0
0.019,29.0,0.54,986,5420.0
0.008,20.0,0.52,867,4468.0
0.009,28.0,0.65,1184,4614.0
0.026,27.0,0.7,943,5485.0
0.011,27.0,0.61,896,5273.0
0.013,21.0,0.69,1150,4667.0
0.014,30.0,0.63,848,5382.0
0.016,21.0,0.65,929,5581.0
0.021,26.0,0.5,904,4670.0
0.029,28.0,0.69,1045,5541.0
0.028,29.0,0.67,943,4008.0
0.026,29.0,0.56,1019,4097.0
0.029,30.0,0.51,1160,5071.0
0.024,21.0,0.65,843,5482.0
0.016,30.0,0.66,918,4607.0
0.007,29.0,0.51,916,4272.0
0.012,28.0,0.67,1147,5276.0
0.015,26.0,0.67,1111,4554.0
0.026,30.0,0.52,1095,5856.0
0.017,28.0,0.63,983,5719.0
0.014,25.0,0.66,1046,5436.0
0.017,26.0,0.55,1068,5873.0
0.008,26.0,0.41,1181,5589.0
0.016,26.0,0.47,836,5856.0
0.007,28.0,0.42,977,5366.0
0.015,20.0,0.66,826,4865.0
0.01,28.0,0.67,1124,5494.0
0.008,24.0,0.44,1043,5180.0
0.022,20.0,0.43,867,5506.0
0.018,23.0,0.56,845,4001.0
0.01,29.0,0.63,1077,5393.0
0.013,24.0,0.61,831,4683.0
0.029,22.0,0.59,1145,4056.0
0.029,28.0,0.54,1068,5354.0
0.021,20.0,0.51,875,4656.0
0.016,23.0,0.46,833,5078.0
0.029,21.0,0.5,1137,5365.0
0.007,21.0,0.54,812,4202.0
0.021,20.0,0.56,1009,4765.0
0.009,25.0,0.43,830,4140.0
0.027,30.0,0.59,1016,4072.0
0.005,22.0,0.55,1083,5191.0
0.028,23.0,0.69,968,4249.0
0.009,26.0,0.59,876,5716.0
0.018,29.0,0.5,947,5336.0
0.01,27.0,0.67,1109,4496.0
0.022,30.0,0.58,1107,4240.0
0.023,23.0,0.55,1105,4410.0
0.007,28.0,0.69,921,4820.0
0.017,21.0,0.61,1022,5409.0
0.016,27.0,0.45,1100,4704.0
0.015,23.0,0.48,1149,5730.0
0.024,30.0,0.41,1004,5122.0
0.01,30.0,0.54,861,5059.0
0.01,28.0,0.69,1117,5332.0
0.023,22.0,0.47,1177,5285.0
0.02,25.0,0.58,833,5068.0
0.009,28.0,0.48,1028,5672.0
0.016,28.0,0.57,885,4574.0
0.023,26.0,0.6,816,5432.0
0.01,25.0,0.44,1176,5230.0
0.022,21.0,0.61,1180,4222.0
0.025,30.0,0.48,868,5957.0
0.025,23.0,0.43,1149,5906.0
0.017,24.0,0.68,1108,5928.0
0.02,22.0,0.41,1188,5259.0
0.006,20.0,0.6,978,5651.0
0.021,28.0,0.55,853,4426.0
0.017,27.0,0.7,1104,4664.0
0.01,21.0,0.59,890,4106.0
0.016,25.0,0.55,1102,4827.0
0.009,22.0,0.48,870,4500.0
0.01,30.0,0.49,1049,4090.0
0.01,30.0,0.45,837,4759.0
0.008,26.0,0.5,1031,5253.0
0.015,21.0,0.6,861,5619.0
0.02,20.0,0.47,972,5550.0
0.008,23.0,0.7,958,4417.0
0.026,20.0,0.68,988,5125.0
0.024,26.0,0.61,1149,4874.0
0.028,25.0,0.68,829,5245.0
0.005,30.0,0.45,1041,5636.0
0.013,28.0,0.66,912,4252.0
0.01,27.0,0.48,918,4351.0
0.012,23.0,0.42,800,5733.0
0.01,23.0,0.69,1198,5143.0
0.014,27.0,0.6,1021,5765.0
0.012,30.0,0.67,929,4036.0
0.021,26.0,0.54,802,5893.0
0.02,21.0,0.59,1118,4548.0
0.013,20.0,0.45,941,5361.0
0.029,25.0,0.41,880,5755.0
0.018,25.0,0.55,1101,4247.0
0.013,22.0,0.64,1086,4943.0
0.022,23.0,0.49,844,5281.0
0.012,27.0,0.64,1040,5954.0
0.013,28.0,0.66,1106,5063.0
0.022,28.0,0.66,903,4030.0
0.02,21.0,0.55,858,5936.0
0.005,27.0,0.69,1141,4690.0
0.009,20.0,0.44,804,5787.0
0.018,20.0,0.52,1012,5638.0
0.009,28.0,0.47,888,5533.0
0.016,28.0,0.67,1105,5778.0
0.01,24.0,0.57,1057,5804.0
0.015,28.0,0.48,849,4352.0
0.01,22.0,0.49,919,4149.0
0.012,25.0,0.52,1033,4546.0
0.017,20.0,0.43,1024,4428.0
0.026,20.0,0.69,1161,4200.0
0.019,28.0,0.5,950,4142.0
0.02,20.0,0.54,1126,4099.0
0.007,29.0,0.52,1199,4943.0
0.027,24.0,0.57,996,4783.0
0.01,28.0,0.54,1039,4900.0
0.013,28.0,0.4,987,4739.0
0.027,22.0,0.53,1126,4796.0
0.022,23.0,0.56,845,4728.0
0.026,21.0,0.4,925,4367.0
0.006,29.0,0.66,875,5086.0
0.006,30.0,0.56,1140,5713.0
0.026,29.0,0.67,1018,5490.0
0.027,23.0,0.65,1158,5030.0
0.028,26.0,0.48,858,5794.0
0.013,25.0,0.6,994,5027.0
0.006,21.0,0.52,816,4315.0
0.029,21.0,0.53,887,5977.0
0.029,28.0,0.58,877,4330.0
0.023,27.0,0.61,934,5784.0
0.026,30.0,0.62,1167,5496.0
0.012,25.0,0.54,1030,4492.0
0.009,21.0,0.55,1121,4638.0
0.02,21.0,0.7,1125,4917.0
0.03,24.0,0.57,1130,4186.0
0.012,23.0,0.5,1170,4372.0
0.029,23.0,0.4,863,5687.0
0.021,25.0,0.7,1158,5780.0
0.03,30.0,0.58,1040,5067.0
0.012,22.0,0.68,1079,5214.0
0.021,20.0,0.6,995,5139.0
0.014,20.0,0.66,889,4313.0
0.016,28.0,0.67,981,5633.0
0.023,21.0,0.51,936,5247.0
0.015,30.0,0.57,1084,5523.0
0.018,26.0,0.41,1179,4375.0
0.019,29.0,0.47,937,5844.0
0.012,21.0,0.48,808,5200.0
0.028,20.0,0.44,1096,4184.0
0.013,27.0,0.59,932,4110.0
0.008,29.0,0.68,920,4753.0
0.005,22.0,0.5,812,4678.0
0.007,27.0,0.4,1117,4899.0
0.016,20.0,0.55,1171,4867.0
0.026,22.0,0.47,924,4342.0
0.006,28.0,0.55,1176,5645.0
0.014,22.0,0.63,986,4486.0
0.019,29.0,0.5,852,5946.0
0.025,29.0,0.53,1106,5655.0
0.015,25.0,0.65,924,5211.0
0.023,28.0,0.53,1107,4754.0
0.03,30.0,0.65,1087,4684.0
0.026,26.0,0.55,845,5472.0
0.018,28.0,0.54,995,5810.0
0.026,30.0,0.41,1162,5929.0
0.023,29.0,0.65,1080,4746.0
0.021,23.0,0.64,970,4716.0
0.019,28.0,0.68,806,4452.0
0.018,28.0,0.48,899,4776.0
0.019,30.0,0.48,1160,5627.0
0.014,21.0,0.57,936,5839.0
0.028,21.0,0.56,1116,5292.0
0.01,29.0,0.51,843,4865.0
0.014,28.0,0.47,1104,5651.0
0.014,29.0,0.46,828,4917.0
0.023,27.0,0.54,847,4589.0
0.018,30.0,0.53,941,4532.0
0.007,24.0,0.52,965,5361.0
0.025,25.0,0.58,941,5200.0
0.017,28.0,0.7,951,4580.0
0.029,27.0,0.66,936,4186.0
0.014,29.0,0.5,883,4235.0
0.026,29.0,0.51,1102,5255.0
0.022,20.0,0.62,811,5407.0
0.012,27.0,0.53,950,5734.0
0.02,20.0,0.53,940,5963.0
0.021,22.0,0.51,1110,4255.0
0.009,29.0,0.66,818,4774.0
0.02,20.0,0.53,1145,4149.0
0.011,24.0,0.61,1054,5199.0
0.026,21.0,0.46,1033,4845.0
0.017,23.0,0.66,922,4645.0
0.008,21.0,0.64,984,5145.0
0.021,22.0,0.42,952,4996.0
0.024,26.0,0.49,1141,4678.0
0.012,30.0,0.43,1071,4337.0
0.012,25.0,0.62,810,5568.0
0.009,26.0,0.46,1009,5869.0
0.008,25.0,0.63,1135,5252.0
0.013,26.0,0.58,1049,5153.0
0.01,28.0,0.45,924,4695.0
0.024,21.0,0.68,976,5936.0
0.007,28.0,0.45,1160,4647.0
0.006,20.0,0.49,1066,4759.0
0.021,30.0,0.44,866,5273.0
0.021,20.0,0.45,1034,4274.0
0.006,27.0,0.43,844,5050.0
0.007,21.0,0.68,955,4270.0
0.008,27.0,0.42,996,4736.0
0.026,24.0,0.5,812,5325.0
0.007,27.0,0.48,908,4281.0
0.009,28.0,0.62,803,5591.0
0.007,26.0,0.44,879,4463.0
0.014,20.0,0.42,1151,5599.0
0.027,30.0,0.68,858,5117.0
0.015,29.0,0.55,1111,4864.0
0.008,20.0,0.51,1129,4952.0
0.02,21.0,0.57,975,5853.0
0.011,23.0,0.59,1037,5733.0
0.027,29.0,0.54,1000,4296.0
0.023,22.0,0.45,1055,4560.0
0.027,21.0,0.61,988,5619.0
0.026,25.0,0.54,1028,4443.0
0.028,22.0,0.46,1029,5253.0
0.02,21.0,0.5,1005,5475.0
0.025,29.0,0.52,1073,5610.0
0.03,21.0,0.54,1177,4364.0
0.02,26.0,0.7,900,5047.0
0.02,26.0,0.44,1130,5646.0
0.005,30.0,0.66,1057,4697.0
0.01,24.0,0.7,1186,4648.0
0.021,26.0,0.58,982,4417.0
0.021,21.0,0.54,807,4865.0
0.018,28.0,0.65,829,5537.0
0.023,23.0,0.53,1075,5866.0
0.019,26.0,0.7,899,5981.0
0.008,23.0,0.51,1017,4619.0
0.025,27.0,0.54,1138,4100.0
0.017,23.0,0.63,905,4120.0
0.009,25.0,0.65,1109,5648.0
0.022,20.0,0.51,833,5106.0
0.01,30.0,0.57,944,4940.0
0.011,20.0,0.55,1026,5029.0
0.015,27.0,0.41,871,5512.0
0.027,26.0,0.6,948,4987.0
0.024,21.0,0.42,819,5589.0
0.025,28.0,0.7,1075,5688.0
0.017,21.0,0.67,879,4789.0
0.018,22.0,0.45,858,5693.0
0.021,20.0,0.62,868,5395.0
0.026,27.0,0.7,861,4486.0
0.006,25.0,0.45,1125,5433.0
0.007,26.0,0.53,826,4035.0
0.018,28.0,0.41,935,4978.0
0.017,20.0,0.58,912,4612.0
0.019,26.0,0.55,837,4021.0
0.019,29.0,0.4,1003,4560.0
0.029,20.0,0.49,1159,4458.0
0.025,24.0,0.68,984,5671.0
0.013,25.0,0.69,1106,4006.0
0.03,22.0,0.47,1059,4111.0
0.024,22.0,0.46,1068,4023.0
0.005,23.0,0.56,1037,4721.0
0.022,25.0,0.63,887,4862.0
0.022,27.0,0.47,1146,4542.0
0.015,30.0,0.48,896,4518.0
0.006,25.0,0.55,1199,4914.0
0.029,26.0,0.49,929,4683.0
0.028,30.0,0.61,1115,4131.0
0.025,28.0,0.42,1031,5236.0
0.009,23.0,0.69,817,4868.0
0.009,30.0,0.42,808,4890.0
0.013,30.0,0.59,885,4362.0
0.025,26.0,0.48,902,4687.0
0.02,25.0,0.42,984,4353.0
0.02,25.0,0.6,1182,4937.0
0.007,28.0,0.48,1146,4009.0
0.02,25.0,0.67,1018,5221.0
0.012,21.0,0.63,1123,4262.0
0.008,20.0,0.48,1088,4746.0
0.026,28.0,0.4,1160,4723.0
0.014,20.0,0.4,1186,4712.0
0.02,28.0,0.54,927,5611.0
0.013,21.0,0.67,1124,5697.0
0.012,20.0,0.41,1091,5193.0
0.029,23.0,0.52,1112,4307.0
0.011,27.0,0.7,937,4015.0
0.013,27.0,0.48,978,4387.0
0.023,30.0,0.43,879,4398.0
0.023,21.0,0.68,805,4851.0
0.011,20.0,0.69,856,5027.0
0.028,25.0,0.7,983,5190.0
0.021,21.0,0.48,832,5717.0
0.021,25.0,0.41,940,5947.0
0.013,29.0,0.57,833,4119.0
0.016,27.0,0.61,1149,5349.0
0.005,29.0,0.68,1046,4344.0
0.021,29.0,0.46,823,5442.0
0.025,28.0,0.41,878,5114.0
0.012,27.0,0.69,920,4225.0
0.006,22.0,0.59,1176,4173.0
0.024,24.0,0.57,862,4551.0
0.018,21.0,0.62,1171,5040.0
0.006,20.0,0.42,870,4753.0
0.021,22.0,0.61,1004,4974.0
0.012,21.0,0.67,950,4897.0
0.026,25.0,0.57,1192,5082.0
0.027,26.0,0.46,1110,5086.0
0.01,29.0,0.5,876,4156.0
0.023,28.0,0.47,998,4947.0
0.03,24.0,0.53,1075,5384.0
0.024,21.0,0.64,948,5379.0
0.028,25.0,0.55,882,5285.0
0.013,27.0,0.44,922,4146.0
0.029,29.0,0.57,821,4166.0
0.029,25.0,0.65,845,5739.0
0.005,27.0,0.58,1093,5437.0
0.025,27.0,0.56,1122,5325.0
0.024,26.0,0.5,1023,5270.0
0.028,30.0,0.42,950,4399.0
0.011,21.0,0.45,1168,4771.0
0.017,22.0,0.49,943,5098.0
0.025,23.0,0.46,1088,5710.0
0.014,22.0,0.53,905,5018.0
0.013,29.0,0.54,1155,5159.0
0.017,26.0,0.67,1040,4000.0
0.025,21.0,0.7,1027,5316.0
0.03,28.0,0.45,840,5536.0
0.015,22.0,0.6,863,5016.0
0.028,20.0,0.53,825,4037.0
0.017,25.0,0.46,837,5907.0
0.009,29.0,0.51,1013,5180.0
0.023,23.0,0.55,888,4726.0
0.027,28.0,0.58,1175,4946.0
0.007,26.0,0.54,1131,5161.0
0.011,27.0,0.64,923,5614.0
0.023,21.0,0.51,930,4970.0
0.021,22.0,0.54,1166,4123.0
0.016,25.0,0.46,864,5580.0
0.03,30.0,0.42,1134,5230.0
0.028,28.0,0.5,1124,4017.0
0.006,22.0,0.67,952,4956.0
0.021,28.0,0.45,1046,4034.0
0.011,30.0,0.56,1030,4258.0
0.019,24.0,0.67,985,5896.0
0.025,27.0,0.46,809,4917.0
0.018,22.0,0.66,1180,5658.0
0.029,30.0,0.53,1080,5191.0
0.023,22.0,0.49,1022,4947.0
0.027,26.0,0.66,926,5873.0
0.026,30.0,0.57,1077,4343.0
0.014,24.0,0.6,1158,5351.0
0.013,27.0,0.65,1099,5138.0
0.022,24.0,0.63,927,4421.0
0.019,25.0,0.57,898,4189.0
0.008,24.0,0.63,892,5775.0
0.025,22.0,0.49,1112,4241.0
0.026,23.0,0.56,1157,4934.0
0.021,23.0,0.42,1123,6000.0
0.008,27.0,0.41,1011,5437.0
0.021,22.0,0.55,1040,5667.0
0.009,28.0,0.52,1137,4714.0
0.023,29.0,0.53,829,5400.0
0.013,24.0,0.48,1196,4383.0
0.022,27.0,0.49,1148,5139.0
0.024,20.0,0.67,857,4451.0
0.016,26.0,0.64,1001,5525.0
0.008,30.0,0.4,1191,5206.0
0.023,26.0,0.66,827,4741.0
0.017,22.0,0.7,959,5152.0
0.023,20.0,0.56,1085,5224.0
0.012,27.0,0.48,868,5756.0
0.018,22.0,0.57,1104,4051.0
0.015,26.0,0.65,1125,4431.0
0.011,23.0,0.68,956,4129.0
0.023,28.0,0.65,932,5315.0
0.006,29.0,0.55,1165,5934.0
0.016,26.0,0.44,1143,5472.0
0.017,28.0,0.49,891,5280.0
0.01,21.0,0.44,867,4894.0
0.01,26.0,0.68,821,5813.0
0.018,21.0,0.7,806,4886.0
0.008,20.0,0.49,841,4378.0
0.014,21.0,0.6,984,4060.0
0.021,26.0,0.42,958,4808.0
0.022,22.0,0.42,1051,4493.0
0.022,27.0,0.43,991,5536.0
0.028,28.0,0.4,837,5605.0
0.013,20.0,0.58,1112,5322.0
0.007,20.0,0.65,907,4937.0
0.011,25.0,0.56,970,4616.0
0.025,23.0,0.69,1145,5836.0
0.028,30.0,0.51,953,5428.0
0.028,29.0,0.47,1063,5214.0
0.011,27.0,0.4,1011,5996.0
0.005,30.0,0.42,901,4707.0
0.012,22.0,0.45,1046,4219.0
0.007,24.0,0.41,972,5292.0
0.023,29.0,0.7,1024,4629.0
0.018,21.0,0.58,841,4742.0
0.024,27.0,0.6,878,5574.0
0.021,20.0,0.69,960,5798.0
0.007,24.0,0.54,1123,4530.0
0.021,30.0,0.53,1106,5113.0
0.008,30.0,0.42,1112,5005.0
0.025,30.0,0.53,932,4976.0
0.021,28.0,0.66,1151,5227.0
0.006,29.0,0.57,984,5744.0
0.018,29.0,0.46,801,4181.0
0.018,28.0,0.53,1191,5744.0
0.01,27.0,0.57,852,5440.0
0.017,26.0,0.49,870,4772.0
0.03,28.0,0.56,1051,4766.0
0.013,23.0,0.56,915,5442.0
0.018,30.0,0.43,965,4765.0
0.02,30.0,0.62,973,5392.0
0.019,21.0,0.61,1053,5359.0
0.017,20.0,0.53,1102,5166.0
0.007,27.0,0.51,803,5964.0
0.022,22.0,0.7,802,5817.0
0.006,23.0,0.63,996,5579.0
0.009,30.0,0.62,856,5453.0
0.025,22.0,0.57,858,5180.0
0.015,24.0,0.41,902,4650.0
0.011,25.0,0.65,1174,4506.0
0.009,23.0,0.41,1096,5933.0
0.011,21.0,0.44,1123,4265.0
0.023,30.0,0.63,1027,5353.0
0.017,30.0,0.41,982,4697.0
0.008,24.0,0.69,1171,5757.0
0.006,27.0,0.64,1145,5231.0
0.029,23.0,0.52,936,5378.0
0.014,26.0,0.69,1054,4997.0
0.023,30.0,0.63,947,5497.0
0.026,29.0,0.69,878,5309.0
0.027,29.0,0.65,889,5164.0
0.007,20.0,0.42,850,5586.0
0.017,21.0,0.68,954,5195.0
0.024,27.0,0.52,928,4732.0
0.013,20.0,0.62,1043,4996.0
0.02,20.0,0.49,1030,5261.0
0.021,21.0,0.52,971,4122.0
0.02,28.0,0.48,1078,5793.0
0.02,23.0,0.44,1048,5524.0
0.022,26.0,0.53,923,5562.0
0.024,22.0,0.45,1112,4261.0
0.023,24.0,0.47,1191,5329.0
0.017,25.0,0.44,1123,4861.0
0.023,26.0,0.41,1172,4894.0
0.009,22.0,0.64,1021,5975.0
0.006,26.0,0.4,888,5652.0
0.025,26.0,0.43,814,5782.0
0.012,23.0,0.6,1114,4344.0
0.013,25.0,0.48,1194,4769.0
0.008,20.0,0.58,1151,4131.0
0.009,22.0,0.46,1154,5925.0
0.015,26.0,0.49,1186,5197.0
0.018,23.0,0.48,976,4196.0
0.021,25.0,0.67,832,5492.0
0.019,25.0,0.51,819,4138.0
0.009,26.0,0.65,1156,5487.0
0.027,29.0,0.58,951,5954.0
0.026,24.0,0.49,912,5376.0
0.008,27.0,0.64,1101,5895.0
0.029,21.0,0.45,1073,5900.0
0.013,20.0,0.41,1179,5198.0
0.018,24.0,0.4,936,4220.0
0.027,20.0,0.67,1135,4650.0
0.019,25.0,0.56,1145,4442.0
0.029,22.0,0.41,947,5798.0
0.024,24.0,0.48,873,4302.0
0.029,28.0,0.5,958,5555.0
0.016,23.0,0.61,1170,4208.0
0.02,27.0,0.47,1142,4689.0
0.023,20.0,0.56,1021,4299.0
0.011,24.0,0.45,877,5766.0
0.012,24.0,0.43,1098,5064.0
0.019,22.0,0.58,875,4999.0
0.03,20.0,0.59,864,5487.0
0.029,23.0,0.42,1108,4932.0
0.026,25.0,0.45,977,4994.0
0.022,22.0,0.68,851,5813.0
0.016,24.0,0.57,1001,5667.0
0.025,22.0,0.56,806,5086.0
0.008,21.0,0.47,863,5305.0
0.024,23.0,0.52,800,5995.0
0.028,27.0,0.58,807,5318.0
0.021,22.0,0.48,1027,4315.0
0.01,24.0,0.44,1015,5799.0
0.029,23.0,0.61,940,4895.0
0.008,30.0,0.61,968,5349.0
0.009,24.0,0.4,828,5601.0
0.027,22.0,0.67,1001,5974.0
0.027,29.0,0.67,947,4830.0
0.016,22.0,0.57,903,4160.0
0.016,26.0,0.54,1003,4382.0
0.03,29.0,0.53,1175,4831.0
0.017,30.0,0.53,1047,4635.0
0.014,28.0,0.49,1153,5269.0
0.029,28.0,0.54,821,4655.0
0.021,25.0,0.45,1052,4401.0
0.013,25.0,0.55,1025,5616.0
0.005,27.0,0.47,966,5102.0
0.018,20.0,0.62,871,5598.0
0.018,21.0,0.56,1106,5473.0
0.017,21.0,0.44,928,4097.0
0.023,23.0,0.61,1055,4355.0
0.011,23.0,0.52,811,4356.0
0.019,30.0,0.66,1140,4609.0
0.009,27.0,0.4,1109,5832.0
0.016,25.0,0.54,902,5725.0
0.021,27.0,0.6,834,4518.0
0.026,26.0,0.69,1199,5742.0
0.024,25.0,0.6,1020,4136.0
0.019,24.0,0.41,913,4536.0
0.025,29.0,0.64,914,4009.0
0.014,25.0,0.62,1124,4828.0
0.018,22.0,0.7,830,5098.0
0.021,22.0,0.54,1072,5854.0
0.024,22.0,0.62,952,5116.0
0.026,26.0,0.54,883,5425.0
0.006,23.0,0.49,1001,5293.0
0.005,21.0,0.42,837,4616.0
0.02,28.0,0.57,1117,5463.0
0.012,30.0,0.64,810,4498.0
0.027,29.0,0.4,1190,4685.0
0.025,30.0,0.49,886,5740.0
0.026,22.0,0.49,1093,5319.0
0.025,24.0,0.43,828,4856.0
0.026,23.0,0.66,865,5208.0
0.006,20.0,0.53,1134,4400.0
0.022,21.0,0.44,862,4245.0
0.027,30.0,0.48,956,4174.0
0.015,26.0,0.45,1194,4416.0
0.022,27.0,0.6,1020,5633.0
0.025,25.0,0.45,1182,5481.0
0.017,26.0,0.44,1027,4355.0
0.029,26.0,0.45,987,4603.0
0.022,24.0,0.44,810,5663.0
0.016,23.0,0.44,876,4658.0
0.02,23.0,0.61,1002,5987.0
0.016,25.0,0.48,955,5225.0
0.029,27.0,0.65,1162,5941.0
0.012,27.0,0.54,1101,4248.0
0.015,22.0,0.64,948,4301.0
0.01,21.0,0.41,847,4868.0
0.013,24.0,0.52,1098,5004.0
0.011,25.0,0.59,1041,5878.0
0.006,23.0,0.66,1021,4445.0
0.024,29.0,0.66,1126,4496.0
0.006,28.0,0.6,1079,4808.0
0.008,22.0,0.49,872,5587.0
0.018,20.0,0.68,1151,4430.0
0.017,22.0,0.64,862,5217.0
0.016,26.0,0.43,869,4429.0
0.018,20.0,0.42,1084,4424.0
0.019,29.0,0.52,1065,4637.0
0.018,22.0,0.59,1019,4558.0
0.01,30.0,0.43,932,4976.0
0.027,20.0,0.65,1075,4199.0
0.014,28.0,0.64,979,5146.0
0.022,25.0,0.58,908,4122.0
0.007,22.0,0.41,863,4418.0
0.027,30.0,0.68,1047,4409.0
0.011,30.0,0.67,1037,4652.0
0.021,29.0,0.55,1025,4390.0
0.026,22.0,0.64,1162,4306.0
0.008,20.0,0.67,923,5472.0
0.016,26.0,0.44,957,4900.0
0.024,20.0,0.41,869,5509.0
0.009,29.0,0.48,1002,5636.0
0.03,24.0,0.48,851,4691.0
0.015,26.0,0.46,831,4564.0
0.008,22.0,0.51,1031,4031.0
0.029,24.0,0.69,964,5863.0
0.024,29.0,0.56,828,5518.0
0.017,28.0,0.49,1059,4745.0
0.014,25.0,0.51,994,5414.0
0.024,22.0,0.44,1065,4242.0
0.019,26.0,0.67,807,4885.0
0.01,29.0,0.59,1128,5281.0
0.011,24.0,0.63,1080,4048.0
0.02,28.0,0.62,935,4304.0
0.028,28.0,0.52,1132,5832.0
0.016,28.0,0.6,949,4082.0
0.017,20.0,0.5,1011,5142.0
0.023,23.0,0.59,1133,4510.0
0.029,24.0,0.63,1133,4501.0
0.016,23.0,0.46,855,4645.0
0.008,24.0,0.4,1095,5678.0
0.01,29.0,0.58,843,4798.0
0.025,27.0,0.44,998,4191.0
0.018,29.0,0.67,982,4952.0
0.023,26.0,0.56,973,5835.0
0.018,23.0,0.68,1017,4364.0
0.013,29.0,0.56,920,4153.0
0.011,30.0,0.46,1137,5125.0
0.019,26.0,0.56,1123,5431.0
0.019,28.0,0.43,1091,4329.0
0.015,21.0,0.5,970,4255.0
0.028,22.0,0.51,1026,5433.0
0.01,21.0,0.49,1002,5443.0
0.028,26.0,0.69,811,5372.0
0.029,24.0,0.54,1031,5734.0
0.024,30.0,0.55,833,4928.0
0.023,25.0,0.58,1140,5884.0
0.007,30.0,0.65,953,5555.0
0.028,28.0,0.47,1147,5850.0
0.024,30.0,0.6,968,4391.0
0.028,30.0,0.47,1077,5330.0
0.028,30.0,0.41,817,4673.0
0.019,29.0,0.6,947,4232.0
0.023,25.0,0.58,1031,5419.0
0.009,30.0,0.62,1122,4845.0
0.008,22.0,0.53,1107,5632.0
0.025,30.0,0.63,1177,4749.0
0.028,21.0,0.6,803,4044.0
0.007,26.0,0.44,824,5034.0
0.024,23.0,0.53,1067,5268.0
0.005,20.0,0.47,1028,4470.0
0.021,22.0,0.59,1189,5563.0
0.014,20.0,0.43,1087,4851.0
0.007,23.0,0.51,1049,4755.0
0.022,25.0,0.47,841,5485.0
0.028,27.0,0.66,964,4401.0
0.017,23.0,0.52,845,4013.0
0.017,28.0,0.7,925,4390.0
0.022,23.0,0.62,992,5783.0
0.005,23.0,0.42,1091,5309.0
0.026,27.0,0.51,1037,5552.0
0.025,27.0,0.6,930,4266.0
0.026,22.0,0.58,1183,5403.0
0.005,21.0,0.62,1002,4965.0
0.021,26.0,0.43,1068,5025.0
0.011,20.0,0.49,1195,4334.0
0.013,28.0,0.62,981,5231.0
0.014,23.0,0.53,935,4198.0
0.022,26.0,0.58,1048,4445.0
0.024,25.0,0.44,976,4556.0
0.015,20.0,0.57,1069,4604.0
0.027,26.0,0.49,819,4904.0
0.019,22.0,0.61,1121,5997.0
0.019,22.0,0.49,1016,4263.0
0.025,30.0,0.43,997,4576.0
0.029,27.0,0.52,891,4834.0
0.03,30.0,0.49,1063,5070.0
0.011,27.0,0.45,909,5720.0
0.029,25.0,0.51,971,5760.0
0.006,29.0,0.61,975,5714.0
0.011,21.0,0.45,950,5109.0
0.024,23.0,0.69,822,4328.0
0.03,26.0,0.63,1143,4806.0
0.022,24.0,0.43,800,4414.0
0.027,24.0,0.51,1075,5639.0
0.028,20.0,0.45,860,5941.0
0.025,30.0,0.58,1078,4551.0
0.01,24.0,0.47,892,4838.0
0.006,28.0,0.69,1132,5108.0
0.021,22.0,0.69,1131,4795.0
0.008,22.0,0.66,1067,5273.0
0.021,26.0,0.41,1064,4431.0
0.018,30.0,0.51,1067,4466.0
0.005,21.0,0.63,801,5329.0
0.025,26.0,0.52,827,5639.0
0.026,27.0,0.59,1039,4141.0
0.02,25.0,0.62,914,5526.0
0.019,22.0,0.48,980,4795.0
0.008,30.0,0.48,1005,4909.0
0.028,26.0,0.62,818,5343.0
0.012,29.0,0.55,884,4770.0
0.021,30.0,0.46,1172,4274.0
0.008,22.0,0.52,900,4387.0
0.01,25.0,0.7,938,5803.0
0.028,20.0,0.52,995,4400.0
0.009,25.0,0.61,898,5631.0
0.024,30.0,0.7,912,4097.0
0.017,24.0,0.48,1041,5546.0
0.023,23.0,0.68,961,5211.0
0.007,25.0,0.51,1145,4271.0
0.014,21.0,0.57,961,5873.0
0.019,28.0,0.4,1055,4294.0
0.02,28.0,0.43,1061,4308.0
0.013,22.0,0.53,1179,5737.0
0.025,25.0,0.41,1134,5852.0
0.018,30.0,0.6,953,5534.0
0.014,27.0,0.68,920,5942.0
0.005,29.0,0.51,950,4218.0
0.018,28.0,0.67,938,4818.0
0.014,29.0,0.44,902,5334.0
0.007,21.0,0.6,837,5184.0
0.016,27.0,0.52,1037,5187.0
0.014,20.0,0.49,1180,5386.0
0.012,28.0,0.7,812,5912.0
0.012,20.0,0.44,819,4645.0
0.028,25.0,0.5,920,4680.0
0.023,22.0,0.57,958,5075.0
0.02,23.0,0.67,1177,5614.0
0.013,22.0,0.56,1197,4952.0
0.02,29.0,0.56,941,4856.0
0.021,21.0,0.43,1186,5294.0
0.006,23.0,0.43,833,4700.0
0.029,21.0,0.61,956,5237.0
0.007,29.0,0.51,865,4151.0
0.005,22.0,0.64,956,5813.0
0.015,25.0,0.63,1047,4176.0
0.014,30.0,0.44,841,4824.0
0.005,28.0,0.51,1027,5962.0
0.005,21.0,0.45,916,5343.0
0.026,26.0,0.65,804,5485.0
0.027,28.0,0.6,1099,5977.0
0.028,25.0,0.65,1187,4725.0
0.017,28.0,0.55,1151,5886.0
0.027,21.0,0.56,898,4954.0
0.019,27.0,0.53,990,5653.0
0.028,26.0,0.57,1069,5224.0
0.014,23.0,0.64,1097,4316.0
0.013,29.0,0.64,1013,5663.0
0.021,22.0,0.62,952,5765.0
0.01,28.0,0.63,1031,4318.0
0.03,22.0,0.56,981,5165.0
0.011,20.0,0.68,1032,4479.0
0.021,28.0,0.47,1138,5230.0
0.012,22.0,0.58,1160,5536.0
0.005,20.0,0.59,983,4066.0
0.02,22.0,0.44,979,5726.0
0.024,29.0,0.54,1105,4167.0
0.009,22.0,0.6,1177,4178.0
0.023,26.0,0.52,881,4652.0
0.027,26.0,0.44,963,4579.0
0.016,25.0,0.65,808,5179.0
0.006,29.0,0.57,1077,5036.0
0.007,27.0,0.49,1196,4214.0
0.018,20.0,0.64,1198,5640.0
0.028,28.0,0.46,1040,5620.0
0.017,25.0,0.54,1128,4300.0
0.014,29.0,0.65,1195,5932.0
0.03,28.0,0.57,1044,5969.0
0.013,30.0,0.55,931,4718.0
0.018,20.0,0.67,1056,4157.0
0.014,22.0,0.44,847,4959.0
0.03,21.0,0.55,966,4892.0
0.013,22.0,0.51,916,5388.0
0.029,28.0,0.66,963,4729.0
0.025,25.0,0.43,939,4388.0
0.016,22.0,0.7,1121,4063.0
0.016,29.0,0.45,959,5821.0
0.029,24.0,0.64,1141,4684.0
0.023,25.0,0.49,875,4136.0
0.008,29.0,0.6,920,4752.0
0.018,29.0,0.68,888,4777.0
0.013,20.0,0.42,963,5908.0
0.026,27.0,0.49,1020,5599.0
0.029,29.0,0.66,869,5721.0
0.011,24.0,0.43,1107,5162.0
0.015,30.0,0.7,971,4090.0
0.02,20.0,0.65,1021,4843.0
0.025,21.0,0.45,868,5642.0
0.016,20.0,0.43,940,4801.0
0.006,25.0,0.46,1082,4022.0
0.017,24.0,0.65,1004,4118.0
0.015,23.0,0.49,1011,5248.0
0.019,22.0,0.64,857,5267.0
0.019,23.0,0.62,1179,4257.0
0.025,22.0,0.67,1056,4979.0
0.009,30.0,0.66,941,4592.0
0.019,30.0,0.6,914,5546.0
0.006,22.0,0.62,866,5326.0
0.008,30.0,0.53,976,5758.0
0.008,27.0,0.65,1081,5342.0
0.026,30.0,0.65,998,4959.0
0.01,27.0,0.42,878,5908.0
0.015,27.0,0.64,1099,4776.0
0.016,20.0,0.47,1013,5647.0
0.025,24.0,0.67,838,5653.0
0.005,23.0,0.65,1022,4734.0
0.024,29.0,0.69,880,5021.0
0.015,30.0,0.43,1127,5585.0
0.023,21.0,0.51,1081,4856.0
0.016,27.0,0.56,999,4168.0
0.019,26.0,0.64,1196,4602.0
0.013,28.0,0.61,931,5795.0
0.015,24.0,0.53,1173,4310.0
0.01,29.0,0.51,1165,5842.0
0.015,26.0,0.6,1174,4402.0
0.025,21.0,0.41,861,4622.0
0.013,24.0,0.58,1015,5879.0
0.027,29.0,0.67,922,4157.0
0.007,22.0,0.54,865,4858.0
0.011,28.0,0.57,830,5355.0
0.006,28.0,0.51,987,4030.0
0.025,21.0,0.59,1082,4052.0
0.022,25.0,0.48,842,5139.0
0.028,24.0,0.43,860,5511.0
0.015,22.0,0.52,801,4470.0
0.013,28.0,0.69,918,4962.0
0.009,25.0,0.52,1092,4228.0
0.029,29.0,0.51,1023,5496.0
0.021,26.0,0.68,910,5051.0
0.014,23.0,0.62,1070,5222.0
0.024,29.0,0.55,1052,4219.0
0.006,30.0,0.59,1101,5175.0
0.005,23.0,0.59,883,4292.0
0.018,22.0,0.51,1104,5198.0
0.023,21.0,0.5,1022,5830.0
0.016,30.0,0.55,1067,4617.0
0.009,22.0,0.45,904,4455.0
0.018,21.0,0.65,920,4118.0
0.012,22.0,0.64,1196,4721.0
0.024,30.0,0.68,1005,5619.0
0.024,25.0,0.47,973,5369.0
0.015,22.0,0.42,1141,5392.0
0.02,27.0,0.69,1192,4993.0
0.019,30.0,0.45,1181,5188.0
0.025,20.0,0.51,888,4329.0
0.006,24.0,0.7,1039,5506.0
0.007,28.0,0.63,1008,4205.0
0.006,30.0,0.59,923,5655.0
0.014,26.0,0.42,993,4445.0
0.007,25.0,0.51,822,4222.0
0.008,25.0,0.43,1171,4750.0
0.008,24.0,0.44,902,5253.0
0.027,30.0,0.59,1132,5975.0
0.01,21.0,0.68,1014,5077.0
0.012,30.0,0.53,806,5202.0
0.025,27.0,0.55,1023,4475.0
0.013,26.0,0.62,1052,5384.0
0.015,30.0,0.48,1077,4486.0
0.013,27.0,0.59,1119,5133.0
0.009,28.0,0.42,853,4443.0
0.022,20.0,0.6,976,4686.0
0.017,25.0,0.62,1176,4730.0
0.014,22.0,0.54,879,5859.0
0.014,26.0,0.61,1011,4305.0
0.018,27.0,0.69,1118,5801.0
0.015,21.0,0.42,1185,5246.0
0.008,27.0,0.61,872,4715.0
0.018,28.0,0.65,831,5818.0
0.029,20.0,0.41,971,4959.0
0.012,27.0,0.67,1117,4091.0
0.025,25.0,0.69,856,4950.0
0.012,24.0,0.64,996,4313.0
0.019,26.0,0.58,1072,4847.0
0.023,21.0,0.51,985,4603.0
0.013,30.0,0.6,928,5939.0
0.021,26.0,0.51,1137,5109.0
0.009,30.0,0.43,881,4961.0
0.019,29.0,0.62,946,5892.0
0.017,23.0,0.66,1196,4359.0
0.026,20.0,0.57,968,5632.0
0.022,22.0,0.63,940,5874.0
0.014,29.0,0.49,1052,5562.0
0.013,21.0,0.51,941,5373.0
0.011,22.0,0.43,1020,4921.0
0.017,24.0,0.52,1191,4061.0
0.012,27.0,0.58,929,5262.0
0.021,29.0,0.51,917,4639.0
0.008,30.0,0.54,1166,5257.0
0.02,20.0,0.61,947,5227.0
0.019,23.0,0.69,1110,4106.0
0.03,30.0,0.44,877,5306.0
0.012,24.0,0.59,847,5560.0
0.012,28.0,0.47,801,4850.0
0.005,21.0,0.45,1069,4968.0
0.014,27.0,0.64,964,5859.0
0.023,29.0,0.4,880,4217.0
0.01,21.0,0.49,800,4451.0
0.014,22.0,0.67,1104,5331.0
0.006,24.0,0.55,838,5383.0
0.011,30.0,0.59,928,4545.0
0.028,28.0,0.42,909,4554.0
0.014,21.0,0.48,1101,5811.0
0.007,20.0,0.5,1175,5164.0
0.022,26.0,0.44,998,4861.0
0.03,23.0,0.63,1060,5070.0
0.025,25.0,0.62,952,5927.0
0.007,27.0,0.57,824,5359.0
0.019,22.0,0.49,958,5201.0
0.03,29.0,0.69,1088,5326.0
0.025,23.0,0.61,841,4941.0
0.016,24.0,0.68,827,5043.0
0.02,21.0,0.66,1023,5851.0
0.018,23.0,0.53,1172,4331.0
0.019,30.0,0.63,842,5655.0
0.019,29.0,0.51,1077,4177.0
0.027,24.0,0.43,1002,4029.0
0.015,25.0,0.66,848,4896.0
0.017,25.0,0.4,992,5036.0
0.014,27.0,0.59,852,5243.0
0.006,26.0,0.5,1068,4969.0
0.01,22.0,0.42,947,5694.0
0.011,22.0,0.68,1165,5061.0
0.019,30.0,0.66,1021,5986.0
0.014,22.0,0.47,1101,5333.0
0.006,24.0,0.53,1089,5295.0
0.019,22.0,0.62,1192,4198.0
0.019,23.0,0.48,985,4464.0
0.006,21.0,0.43,1061,5578.0
0.011,30.0,0.58,1069,5278.0
0.005,22.0,0.53,868,5095.0
0.013,24.0,0.47,1070,5786.0
0.013,21.0,0.54,981,4887.0
0.009,30.0,0.67,1114,5000.0
0.029,26.0,0.66,892,5862.0
0.007,28.0,0.52,915,5598.0
0.019,28.0,0.6,1007,5494.0
0.02,30.0,0.4,930,4958.0
0.018,21.0,0.67,899,5041.0
0.01,25.0,0.64,1031,4306.0
0.015,29.0,0.61,1128,4023.0
0.025,20.0,0.4,1079,4813.0
0.011,26.0,0.45,921,4372.0
0.028,29.0,0.58,969,5248.0
0.027,24.0,0.45,1189,5121.0
0.009,29.0,0.68,1138,4071.0
0.023,20.0,0.67,953,4599.0
0.006,21.0,0.64,875,4117.0
0.028,25.0,0.46,1139,5481.0
0.023,30.0,0.65,912,4157.0
0.012,21.0,0.67,856,5806.0
0.025,25.0,0.59,1108,4415.0
0.012,25.0,0.48,991,4022.0
0.017,24.0,0.44,991,5940.0
0.01,23.0,0.59,1060,4552.0
0.014,25.0,0.46,806,4603.0
0.008,27.0,0.42,894,4054.0
0.022,30.0,0.66,1032,4648.0
0.011,24.0,0.57,1137,4623.0
0.008,26.0,0.54,1033,4678.0
0.01,22.0,0.48,952,4896.0
0.028,20.0,0.4,926,5931.0
0.016,20.0,0.41,1171,4438.0
0.026,29.0,0.43,946,5345.0
0.03,21.0,0.4,956,4053.0
0.028,20.0,0.6,1051,4094.0
0.03,27.0,0.65,941,4560.0
0.015,22.0,0.67,1061,4046.0
0.013,26.0,0.47,1123,5324.0
0.011,28.0,0.65,950,5827.0
0.009,26.0,0.68,1108,5790.0
0.006,21.0,0.5,988,5624.0
0.025,24.0,0.56,805,4662.0
0.024,29.0,0.7,1030,4147.0
0.021,22.0,0.56,1032,4301.0
0.008,21.0,0.43,979,4372.0
0.026,24.0,0.55,997,5768.0
0.01,27.0,0.44,917,4483.0
0.01,28.0,0.43,890,5483.0
0.008,21.0,0.64,1172,4766.0
0.013,27.0,0.65,851,4226.0
0.008,21.0,0.69,992,5145.0
0.021,26.0,0.4,1161,4719.0
0.019,21.0,0.56,920,5511.0
0.028,26.0,0.59,1164,4252.0
0.011,24.0,0.49,1168,4534.0
0.023,22.0,0.41,1084,4140.0
0.011,28.0,0.66,965,5621.0
0.015,28.0,0.45,1099,5987.0
0.029,23.0,0.46,941,4242.0
0.007,21.0,0.61,990,5523.0
0.021,20.0,0.6,941,4347.0
0.021,25.0,0.49,954,5189.0
0.011,25.0,0.68,821,4073.0
0.021,20.0,0.65,1026,4877.0
0.007,29.0,0.5,907,4843.0
0.007,28.0,0.55,1101,4555.0
0.007,30.0,0.59,968,5884.0
0.02,24.0,0.51,908,5142.0
0.021,26.0,0.51,1195,5323.0
0.005,27.0,0.7,1200,5679.0
0.023,29.0,0.66,1168,5993.0
0.024,24.0,0.62,911,4311.0
0.02,21.0,0.61,953,5660.0
0.008,22.0,0.55,839,4707.0
0.022,22.0,0.62,993,4745.0
0.013,25.0,0.68,931,5706.0
0.018,27.0,0.46,1137,5741.0
0.017,26.0,0.63,1117,5789.0
0.013,23.0,0.66,963,5917.0
0.027,20.0,0.63,1178,4897.0
0.018,23.0,0.66,999,5836.0
0.028,20.0,0.47,939,4317.0
0.021,23.0,0.43,1050,4309.0
0.026,26.0,0.62,1089,4331.0
0.029,22.0,0.62,1013,5912.0
0.017,25.0,0.42,976,5510.0
0.023,20.0,0.66,811,5802.0
0.02,30.0,0.55,947,5391.0
0.017,22.0,0.63,827,4352.0
0.013,26.0,0.48,917,4902.0
0.028,28.0,0.51,916,5241.0
0.017,22.0,0.46,868,4868.0
0.012,22.0,0.57,1092,4543.0
0.03,28.0,0.49,821,5087.0
0.015,23.0,0.56,1045,5784.0
0.025,29.0,0.53,1061,4451.0
0.013,30.0,0.6,1028,4895.0
0.01,27.0,0.65,1160,4687.0
0.022,25.0,0.51,1132,4517.0
0.015,23.0,0.55,1099,4812.0
0.008,28.0,0.45,1063,4670.0
0.025,30.0,0.51,1170,5413.0
0.014,20.0,0.45,1123,5097.0
0.02,26.0,0.64,912,5236.0
0.014,24.0,0.65,1093,4002.0
0.018,28.0,0.6,897,5836.0
0.029,27.0,0.66,821,4393.0
0.022,24.0,0.42,820,4341.0
0.03,26.0,0.62,931,4922.0
0.013,23.0,0.4,882,5707.0
0.02,24.0,0.51,1069,4604.0
0.005,28.0,0.52,843,4419.0
0.015,24.0,0.67,1056,4516.0
0.016,20.0,0.65,919,4048.0
0.029,20.0,0.46,896,4026.0
0.021,27.0,0.43,1051,4615.0
0.021,22.0,0.42,1119,5770.0
0.026,23.0,0.63,896,4850.0
0.029,22.0,0.47,999,4617.0
0.028,28.0,0.6,925,4747.0
0.011,30.0,0.45,1027,4027.0
0.014,27.0,0.69,841,5841.0
0.008,28.0,0.62,951,5196.0
0.013,27.0,0.59,1101,4159.0
0.015,23.0,0.57,969,4544.0
0.009,26.0,0.65,1136,4912.0
0.019,28.0,0.62,1195,4297.0
0.013,30.0,0.59,1032,4843.0
0.025,25.0,0.57,1021,4739.0
0.013,30.0,0.47,1102,4960.0
0.009,21.0,0.46,1037,5882.0
0.007,24.0,0.59,1148,4936.0
0.021,22.0,0.48,1006,5420.0
0.023,20.0,0.54,991,4439.0
0.008,27.0,0.48,838,5639.0
0.029,21.0,0.69,1153,5142.0
0.019,20.0,0.43,950,5872.0
0.013,25.0,0.67,933,4137.0
0.012,30.0,0.49,1096,4780.0
0.008,24.0,0.4,1044,4676.0
0.025,22.0,0.51,1050,4339.0
0.021,28.0,0.62,970,5717.0
0.029,26.0,0.61,911,5635.0
0.027,29.0,0.67,1104,5199.0
0.008,27.0,0.59,1118,5556.0
0.006,25.0,0.4,989,5845.0
0.009,20.0,0.58,1078,5225.0
0.027,21.0,0.62,1126,4450.0
0.005,26.0,0.65,1062,4224.0
0.02,25.0,0.55,1050,5042.0
0.007,25.0,0.46,1106,5106.0
0.021,28.0,0.44,1015,4586.0
0.024,24.0,0.67,925,4682.0
0.027,26.0,0.64,953,5048.0
0.024,28.0,0.53,1159,5955.0
0.012,30.0,0.45,1039,5223.0
0.008,26.0,0.5,887,4022.0
0.027,28.0,0.54,855,4751.0
0.03,20.0,0.57,1170,5825.0
0.026,28.0,0.41,1100,4665.0
0.005,22.0,0.49,999,5740.0
0.006,28.0,0.53,978,5523.0
0.027,30.0,0.53,1040,5492.0
0.018,24.0,0.6,997,5616.0
0.007,20.0,0.44,869,5325.0
0.02,24.0,0.69,866,5745.0
0.025,21.0,0.59,1068,4991.0
0.014,25.0,0.4,980,4802.0
0.017,30.0,0.45,1047,5684.0
0.012,24.0,0.52,1125,5716.0
0.021,28.0,0.59,1171,5733.0
0.017,29.0,0.54,1148,4984.0
0.02,27.0,0.5,896,4226.0
0.006,28.0,0.51,847,5024.0
0.021,30.0,0.69,1166,4752.0
0.01,29.0,0.66,1060,4911.0
0.008,28.0,0.58,1135,5047.0
0.025,27.0,0.46,962,5590.0
0.022,22.0,0.65,963,4738.0
0.016,20.0,0.64,912,5207.0
0.012,24.0,0.53,1122,5963.0
0.018,25.0,0.63,1112,5623.0
0.021,23.0,0.45,828,4591.0
0.03,22.0,0.7,851,4577.0
0.008,27.0,0.61,1149,5296.0
0.012,21.0,0.55,1173,5968.0
0.027,24.0,0.51,888,5151.0
0.005,23.0,0.42,987,4582.0
0.016,29.0,0.56,903,4592.0
0.02,30.0,0.47,858,4818.0
0.008,23.0,0.61,1075,4834.0
0.029,28.0,0.52,1083,5562.0
0.027,26.0,0.6,1082,5254.0
0.029,24.0,0.68,929,5302.0
0.03,30.0,0.47,826,5113.0
0.028,21.0,0.68,900,4405.0
0.013,23.0,0.66,1029,4477.0
0.013,25.0,0.54,1027,4860.0
0.01,20.0,0.6,1039,4606.0
0.024,24.0,0.64,1137,5177.0
0.026,27.0,0.43,853,5482.0
0.018,25.0,0.52,880,5278.0
0.028,30.0,0.5,1039,4907.0
0.012,24.0,0.56,918,4438.0
0.007,28.0,0.43,961,4064.0
0.02,20.0,0.7,1146,4516.0
0.022,27.0,0.68,877,4050.0
0.007,28.0,0.61,1126,5028.0
0.026,24.0,0.44,904,4368.0
0.007,21.0,0.44,874,5164.0
0.029,20.0,0.54,908,4273.0
0.015,22.0,0.4,883,4894.0
0.027,23.0,0.57,952,5296.0
0.007,24.0,0.64,1119,4292.0
0.016,29.0,0.61,849,4293.0
0.026,28.0,0.69,1198,5869.0
0.006,20.0,0.43,1139,5726.0
0.021,20.0,0.64,891,5404.0
0.029,21.0,0.63,921,5799.0
0.016,27.0,0.55,811,5568.0
0.025,26.0,0.66,1009,4312.0
0.02,28.0,0.6,895,5544.0
0.029,21.0,0.66,1173,5607.0
0.021,20.0,0.5,839,5682.0
0.012,27.0,0.45,1162,4824.0
0.023,29.0,0.7,1186,5151.0
0.021,22.0,0.49,822,5602.0
0.006,21.0,0.43,815,4500.0
0.013,26.0,0.5,832,4916.0
0.019,27.0,0.47,835,4253.0
0.024,30.0,0.64,1200,4162.0
0.006,29.0,0.58,1086,5275.0
0.012,23.0,0.56,853,4809.0
0.03,24.0,0.43,900,5460.0
0.006,22.0,0.62,1116,4583.0
0.025,29.0,0.53,1026,4305.0
0.028,28.0,0.53,856,5824.0
0.007,26.0,0.55,1118,4361.0
0.007,24.0,0.52,1195,4064.0
0.029,26.0,0.41,970,4841.0
0.027,25.0,0.7,1127,5393.0
0.019,24.0,0.7,839,4475.0
0.025,24.0,0.58,954,4288.0
0.016,23.0,0.62,909,4931.0
0.014,24.0,0.59,876,5624.0
0.029,26.0,0.45,1075,5562.0
0.022,27.0,0.56,846,4639.0
0.027,27.0,0.53,834,5816.0
0.023,23.0,0.46,1057,5198.0
0.009,21.0,0.53,936,5469.0
0.027,26.0,0.43,1058,5958.0
0.007,24.0,0.59,850,5365.0
0.016,29.0,0.59,1072,4256.0
0.01,23.0,0.69,1110,4932.0
0.029,28.0,0.49,810,4656.0
0.01,24.0,0.51,837,5461.0
0.026,26.0,0.57,890,4150.0
0.016,25.0,0.52,1148,4943.0
0.005,30.0,0.69,1012,4185.0
0.022,21.0,0.45,815,4812.0
0.023,29.0,0.46,806,4732.0
0.007,22.0,0.64,908,4327.0
0.016,25.0,0.56,952,4434.0
0.029,26.0,0.64,924,5166.0
0.014,27.0,0.54,1114,4854.0
0.02,29.0,0.64,865,4111.0
0.021,27.0,0.56,877,5519.0
0.01,29.0,0.5,978,5894.0
0.018,23.0,0.49,840,4079.0
0.018,24.0,0.58,1139,4188.0
0.007,30.0,0.43,1087,5462.0
0.025,27.0,0.57,1104,5445.0
0.014,26.0,0.61,869,4668.0
0.01,23.0,0.42,911,4427.0
0.022,24.0,0.64,834,5628.0
0.017,22.0,0.5,975,4875.0
0.007,25.0,0.63,1130,5553.0
0.01,30.0,0.51,871,5407.0
0.018,20.0,0.58,1023,5964.0
0.011,29.0,0.44,911,5060.0
0.02,22.0,0.67,1135,4696.0
0.028,28.0,0.43,1165,4746.0
0.025,28.0,0.58,1076,5690.0
0.007,21.0,0.68,1145,5160.0
0.01,30.0,0.67,1026,5482.0
0.022,23.0,0.62,990,5292.0
0.019,29.0,0.41,956,4056.0
0.021,26.0,0.54,1134,4018.0
0.029,25.0,0.64,983,4609.0
0.019,30.0,0.54,1090,4359.0
0.007,30.0,0.47,1177,4324.0
0.007,23.0,0.65,1165,4577.0
0.017,30.0,0.57,1079,5030.0
0.007,20.0,0.68,1101,4042.0
0.011,25.0,0.43,1085,5758.0
0.015,24.0,0.6,1067,4955.0
0.011,27.0,0.56,1168,4176.0
0.025,21.0,0.44,1150,4731.0
0.029,26.0,0.45,1167,4993.0
0.02,29.0,0.48,1183,5293.0
0.028,26.0,0.53,1053,4667.0
0.01,21.0,0.63,895,4235.0
0.028,28.0,0.47,1194,4638.0
0.023,30.0,0.67,1053,4207.0
0.029,25.0,0.69,1181,4994.0
0.011,30.0,0.58,884,5692.0
0.014,28.0,0.7,1112,5178.0
0.01,28.0,0.41,815,4792.0
0.01,27.0,0.54,1068,4626.0
0.018,24.0,0.67,1199,5441.0
0.021,27.0,0.44,845,5180.0
0.02,26.0,0.46,1196,4498.0
0.011,25.0,0.41,886,4413.0
0.025,26.0,0.54,841,5298.0
0.014,26.0,0.62,958,5780.0
0.026,28.0,0.48,1198,5482.0
0.018,26.0,0.59,836,4491.0
0.027,28.0,0.4,1075,5934.0
0.017,20.0,0.61,839,4094.0
0.023,25.0,0.64,937,5577.0
0.021,23.0,0.64,999,4872.0
0.018,28.0,0.59,832,5374.0
0.017,30.0,0.66,1033,4274.0
0.022,28.0,0.61,1150,5936.0
0.025,25.0,0.48,1009,4254.0
0.023,25.0,0.52,873,4946.0
0.026,29.0,0.62,823,5445.0
0.014,20.0,0.62,1108,4920.0
0.019,30.0,0.52,1015,4329.0
0.014,27.0,0.66,1105,4616.0
0.009,28.0,0.42,1143,4009.0
0.029,22.0,0.59,1012,4593.0
0.027,23.0,0.59,1086,5150.0
0.006,20.0,0.7,901,5856.0
0.014,21.0,0.6,1109,4916.0
0.012,30.0,0.41,928,5635.0
0.022,25.0,0.62,801,4782.0
0.024,28.0,0.43,1129,4747.0
0.012,25.0,0.42,813,4722.0
0.024,26.0,0.59,816,4328.0
0.02,30.0,0.7,833,4261.0
0.015,24.0,0.48,1088,5864.0
0.014,30.0,0.42,1195,5326.0
0.007,21.0,0.59,1140,5326.0
0.019,21.0,0.5,814,4055.0
0.021,22.0,0.53,1108,4021.0
0.022,21.0,0.57,886,4636.0
0.01,29.0,0.44,1012,5585.0
0.006,25.0,0.63,1199,4874.0
0.026,26.0,0.46,958,4800.0
0.024,27.0,0.41,1108,4083.0
0.028,22.0,0.58,1157,5703.0
0.015,26.0,0.64,838,4738.0
0.016,23.0,0.69,1032,4220.0
0.01,27.0,0.66,803,4552.0
0.028,22.0,0.7,890,4450.0
0.028,27.0,0.58,932,4945.0
0.018,26.0,0.46,1139,5931.0
0.007,23.0,0.6,867,5146.0
0.007,21.0,0.45,1089,5576.0
0.012,27.0,0.63,1155,4032.0
0.005,21.0,0.66,1059,5630.0
0.007,30.0,0.51,1023,4479.0
0.019,23.0,0.56,858,5658.0
0.016,20.0,0.47,1110,4441.0
0.009,25.0,0.53,1125,4651.0
0.018,29.0,0.4,1048,4503.0
0.023,28.0,0.43,853,4421.0
0.017,20.0,0.46,900,4844.0
0.015,25.0,0.7,949,5203.0
0.019,28.0,0.64,1053,4736.0
0.024,29.0,0.5,874,4780.0
0.022,29.0,0.53,1002,5408.0
0.025,21.0,0.54,808,5666.0
0.017,23.0,0.68,1141,5155.0
0.007,22.0,0.63,848,4286.0
0.025,22.0,0.45,854,5931.0
0.024,28.0,0.42,1127,5204.0
0.017,26.0,0.54,903,4018.0
0.009,30.0,0.46,870,4598.0
0.019,25.0,0.46,849,4396.0
0.023,30.0,0.67,914,5960.0
0.029,23.0,0.41,910,4847.0
0.025,26.0,0.55,1186,4123.0
0.008,22.0,0.66,1103,5124.0
0.022,24.0,0.56,1073,5354.0
0.015,20.0,0.53,1119,4248.0
0.022,25.0,0.43,1194,5482.0
0.007,28.0,0.43,808,4910.0
0.025,30.0,0.51,1009,5215.0
0.02,24.0,0.61,1088,5450.0
0.006,26.0,0.63,952,4000.0
0.013,21.0,0.63,1049,4389.0
0.018,25.0,0.44,874,4357.0
0.016,29.0,0.58,900,4568.0
0.006,21.0,0.59,843,5592.0
0.007,27.0,0.48,945,4238.0
0.018,28.0,0.66,1128,5049.0
0.013,27.0,0.62,1076,4849.0
0.009,27.0,0.62,911,5993.0
0.012,21.0,0.7,920,4621.0
0.028,25.0,0.5,1138,4391.0
0.022,29.0,0.55,804,5413.0
0.023,21.0,0.42,1148,4772.0
0.011,28.0,0.44,964,5114.0
0.007,29.0,0.57,1017,4796.0
0.023,28.0,0.56,1108,5456.0
0.018,25.0,0.53,941,4770.0
0.008,27.0,0.42,921,4360.0
0.01,24.0,0.47,945,4872.0
0.007,27.0,0.6,887,4282.0
0.029,29.0,0.66,1171,5564.0
0.03,23.0,0.52,1181,5583.0
0.01,21.0,0.46,921,4377.0
0.019,25.0,0.41,1019,4272.0
0.026,27.0,0.4,866,5452.0
0.028,29.0,0.62,886,4811.0
0.01,20.0,0.48,1005,5087.0
0.026,23.0,0.68,832,4503.0
0.016,24.0,0.68,980,4705.0
0.013,25.0,0.51,888,5293.0
0.026,25.0,0.56,1017,5300.0
0.015,28.0,0.42,942,4555.0
0.023,25.0,0.61,804,4100.0
0.005,23.0,0.53,860,4384.0
0.029,26.0,0.67,951,5192.0
0.028,24.0,0.49,1096,4190.0
0.008,30.0,0.69,945,4861.0
0.024,25.0,0.53,867,4646.0
0.025,27.0,0.65,901,5441.0
0.02,26.0,0.6,909,5278.0
0.014,30.0,0.54,1036,5748.0
0.009,20.0,0.6,1075,4381.0
0.017,20.0,0.42,988,5158.0
0.027,28.0,0.69,1072,5100.0
0.011,30.0,0.57,930,5489.0
0.02,20.0,0.48,1191,4348.0
0.022,29.0,0.61,1032,4296.0
0.014,26.0,0.47,1102,4135.0
0.016,28.0,0.63,993,5110.0
0.007,23.0,0.63,875,4355.0
0.018,20.0,0.58,1136,4026.0
0.019,22.0,0.58,975,5795.0
0.01,21.0,0.66,1126,4599.0
0.02,30.0,0.53,948,4779.0
0.013,20.0,0.49,1171,4985.0
0.026,30.0,0.7,880,4528.0
0.014,30.0,0.56,1084,5199.0
0.025,22.0,0.69,1086,4230.0
0.019,30.0,0.64,1118,4996.0
0.02,25.0,0.5,1144,4454.0
0.019,27.0,0.41,991,5940.0
0.024,26.0,0.7,1146,4653.0
0.021,20.0,0.47,1121,4471.0
0.025,26.0,0.62,955,4878.0
0.005,21.0,0.65,1188,5641.0
0.009,24.0,0.56,1125,5053.0
0.026,29.0,0.41,1141,4421.0
0.014,28.0,0.48,1034,4578.0
0.019,21.0,0.41,1037,4928.0
0.018,28.0,0.49,849,5693.0
0.024,23.0,0.47,917,5663.0
0.007,23.0,0.49,832,4809.0
0.023,27.0,0.63,1013,5012.0
0.009,27.0,0.56,813,4587.0
0.02,26.0,0.41,959,4142.0
0.026,26.0,0.57,873,5843.0
0.008,22.0,0.6,995,5879.0
0.009,23.0,0.43,853,5879.0
0.016,29.0,0.62,1189,4152.0
0.015,26.0,0.51,1193,4698.0
0.026,22.0,0.45,1091,4788.0
0.016,26.0,0.48,972,5273.0
0.025,30.0,0.55,978,4078.0
0.009,22.0,0.66,905,4937.0
0.023,27.0,0.46,849,5617.0
0.008,20.0,0.47,843,4144.0
0.024,21.0,0.43,1076,5326.0
0.025,26.0,0.44,822,4956.0
0.028,24.0,0.46,861,5870.0
0.007,23.0,0.58,948,4066.0
0.016,24.0,0.54,990,4546.0
0.027,30.0,0.52,1001,5112.0
0.008,22.0,0.66,974,4391.0
0.012,26.0,0.41,830,4545.0
0.022,25.0,0.57,1102,4590.0
0.019,22.0,0.54,1129,4653.0
0.013,20.0,0.47,1018,5134.0
0.022,24.0,0.5,991,5353.0
0.012,26.0,0.63,966,4425.0
0.013,26.0,0.68,1160,5343.0
0.012,22.0,0.56,904,5441.0
0.009,30.0,0.4,852,4193.0
0.01,20.0,0.69,1036,4395.0
0.028,28.0,0.56,824,5392.0
0.027,21.0,0.69,898,4657.0
0.028,23.0,0.5,921,5919.0
0.016,27.0,0.43,1114,5119.0
0.023,30.0,0.69,817,5854.0
0.013,29.0,0.51,1187,5668.0
0.015,21.0,0.6,819,4765.0
0.022,27.0,0.5,1136,5728.0
0.018,21.0,0.66,848,4092.0
0.016,27.0,0.67,1097,5500.0
0.015,25.0,0.69,1160,5271.0
0.006,28.0,0.67,1012,4481.0
0.027,27.0,0.5,1109,4599.0
0.017,21.0,0.68,1023,4233.0
0.014,26.0,0.56,917,4785.0
0.017,29.0,0.54,1127,4595.0
0.016,29.0,0.45,843,4304.0
0.023,26.0,0.51,972,5925.0
0.006,20.0,0.51,801,5390.0
0.018,27.0,0.46,1081,4365.0
0.025,24.0,0.63,832,5468.0
0.013,26.0,0.58,1016,4200.0
0.021,20.0,0.52,927,4614.0
0.01,30.0,0.56,1050,4086.0
0.009,26.0,0.44,1169,5427.0
0.02,25.0,0.56,1050,4617.0
0.01,30.0,0.61,863,5996.0
0.024,30.0,0.51,981,5612.0
0.022,23.0,0.4,913,5268.0
0.008,22.0,0.46,1055,5580.0
0.022,28.0,0.53,804,4538.0
0.018,29.0,0.45,869,5211.0
0.022,27.0,0.52,1084,5478.0
0.023,27.0,0.61,1200,5833.0
0.005,25.0,0.54,1175,4942.0
0.02,22.0,0.42,1018,5278.0
0.006,26.0,0.7,868,4923.0
0.008,25.0,0.41,1028,4906.0
0.005,30.0,0.45,906,4045.0
0.016,26.0,0.68,910,5750.0
0.017,27.0,0.45,1152,4074.0
0.006,28.0,0.45,1149,5740.0
0.027,22.0,0.64,1082,4711.0
0.015,27.0,0.45,883,4209.0
0.03,28.0,0.4,1081,4313.0
0.013,22.0,0.44,823,4987.0
0.019,29.0,0.61,1113,5862.0
0.026,23.0,0.57,929,4947.0
0.014,20.0,0.63,1081,5258.0
0.025,28.0,0.46,917,5723.0
0.018,20.0,0.56,838,4538.0
0.011,25.0,0.41,1159,4130.0
0.019,20.0,0.64,852,5947.0
0.015,22.0,0.58,1130,5512.0
0.013,20.0,0.59,827,5953.0
0.028,29.0,0.45,1089,4077.0
0.01,24.0,0.68,1005,4827.0
0.028,22.0,0.7,950,4363.0
0.017,27.0,0.62,1187,4364.0
0.027,22.0,0.41,819,4895.0
0.02,26.0,0.68,883,4348.0
0.022,26.0,0.63,851,4312.0
0.012,24.0,0.64,996,4983.0
0.025,30.0,0.62,1003,4827.0
0.005,20.0,0.44,1084,5354.0
0.017,29.0,0.57,1190,5736.0
0.025,30.0,0.44,1066,5470.0
0.015,21.0,0.7,950,4974.0
0.006,28.0,0.52,825,5955.0
0.006,23.0,0.47,963,5275.0
0.021,22.0,0.6,962,4375.0
0.018,27.0,0.62,1127,5608.0
0.009,25.0,0.62,826,5590.0
0.018,26.0,0.5,824,5147.0
0.006,28.0,0.46,1200,5591.0
0.029,29.0,0.45,952,4568.0
0.024,24.0,0.42,943,5161.0
0.009,29.0,0.63,1184,5533.0
0.017,29.0,0.46,994,5589.0
0.014,25.0,0.53,1087,4353.0
0.027,23.0,0.4,890,5566.0
0.029,23.0,0.67,826,5533.0
0.029,29.0,0.48,1184,4952.0
0.023,23.0,0.64,818,4143.0
0.021,26.0,0.63,823,5889.0
0.014,25.0,0.61,1131,4412.0
0.016,23.0,0.44,966,4926.0
0.01,25.0,0.55,1186,4795.0
0.024,23.0,0.52,1108,4375.0
0.017,21.0,0.54,947,5970.0
0.027,26.0,0.68,816,4705.0
0.015,30.0,0.45,1039,4791.0
0.027,27.0,0.7,1148,4627.0
0.027,29.0,0.42,1110,5916.0
0.026,20.0,0.63,1048,4332.0
0.026,22.0,0.64,1146,5075.0
0.026,22.0,0.51,1164,4512.0
0.014,29.0,0.56,910,5421.0
0.023,26.0,0.46,1144,4261.0
0.029,22.0,0.62,1016,4602.0
0.01,20.0,0.46,1060,4282.0
0.016,26.0,0.6,930,4975.0
0.007,25.0,0.66,1186,4481.0
0.013,29.0,0.57,922,4161.0
0.028,21.0,0.54,1167,4129.0
0.009,29.0,0.6,967,5031.0
0.009,27.0,0.6,1141,5578.0
0.018,23.0,0.44,984,4703.0
0.027,20.0,0.42,1144,5134.0
0.014,26.0,0.58,868,4072.0
0.011,22.0,0.67,805,5347.0
0.016,29.0,0.5,827,5624.0
0.013,24.0,0.67,1014,4715.0
0.021,25.0,0.7,1069,4540.0
0.013,28.0,0.69,1088,4941.0
0.025,23.0,0.7,946,5602.0
0.011,30.0,0.62,946,5446.0
0.023,26.0,0.52,907,5861.0
0.014,27.0,0.56,1096,5260.0
0.015,22.0,0.66,1132,5852.0
0.007,30.0,0.66,819,4475.0
0.009,27.0,0.62,1015,5120.0
0.022,21.0,0.5,955,4858.0
0.009,20.0,0.57,1162,4437.0
0.028,28.0,0.61,1062,4306.0
0.008,24.0,0.49,1004,4899.0
0.025,30.0,0.61,1199,4927.0
0.013,22.0,0.52,965,5968.0
0.029,23.0,0.44,1136,4820.0
0.011,27.0,0.67,827,5417.0
0.018,29.0,0.46,1078,5869.0
0.007,27.0,0.63,973,5159.0
0.025,28.0,0.6,894,4702.0
0.023,28.0,0.4,999,4806.0
0.012,27.0,0.59,915,4305.0
0.013,29.0,0.41,1150,5525.0
0.025,22.0,0.43,1178,5158.0
0.025,28.0,0.62,1110,4924.0
0.021,22.0,0.64,1112,5722.0
0.017,28.0,0.48,1117,4503.0
0.023,26.0,0.54,951,4725.0
0.025,20.0,0.63,1020,5978.0
0.025,29.0,0.62,912,5511.0
0.028,20.0,0.69,928,4893.0
0.021,27.0,0.65,1184,4740.0
0.009,25.0,0.63,814,4848.0
0.012,26.0,0.53,1107,4923.0
0.008,25.0,0.49,904,5053.0
0.024,20.0,0.65,907,5532.0
0.022,20.0,0.63,1088,5832.0
0.009,25.0,0.46,873,4843.0
0.029,20.0,0.44,989,5026.0
0.015,25.0,0.63,939,4393.0
0.007,30.0,0.63,1016,5608.0
0.017,29.0,0.66,828,4722.0
0.019,29.0,0.47,947,5027.0
0.015,23.0,0.66,826,4606.0
0.013,28.0,0.5,1021,5341.0
0.008,25.0,0.57,1174,5344.0
0.013,25.0,0.48,920,5666.0
0.018,22.0,0.47,840,5654.0
0.008,20.0,0.4,1047,5975.0
0.028,27.0,0.62,892,4534.0
0.025,30.0,0.57,899,4200.0
0.027,28.0,0.49,865,5243.0
0.006,27.0,0.44,1040,5779.0
0.009,25.0,0.57,905,4402.0
0.017,26.0,0.54,964,4859.0
0.017,28.0,0.44,838,4852.0
0.021,29.0,0.4,853,4302.0
0.011,29.0,0.58,1085,4006.0
0.019,26.0,0.46,1076,4260.0
0.028,29.0,0.66,860,4222.0
0.023,21.0,0.68,845,4969.0
0.019,23.0,0.41,1155,5728.0
0.019,27.0,0.47,953,4962.0
0.019,20.0,0.67,979,5620.0
0.008,29.0,0.67,945,5881.0
0.006,29.0,0.68,1030,4114.0
0.016,30.0,0.55,999,5317.0
0.01,27.0,0.55,1086,4445.0
0.024,27.0,0.52,1017,4613.0
0.006,27.0,0.47,975,5043.0
0.027,29.0,0.46,862,5365.0
0.022,30.0,0.62,1022,5451.0
0.016,27.0,0.67,1048,5365.0
0.015,26.0,0.7,1154,4159.0
0.012,25.0,0.48,951,5196.0
0.007,24.0,0.58,1178,4943.0
0.008,20.0,0.5,1091,5395.0
0.03,24.0,0.41,1141,5930.0
0.03,20.0,0.41,1023,5127.0
0.009,30.0,0.67,1024,5996.0
0.005,26.0,0.48,982,4077.0
0.021,20.0,0.44,1063,5595.0
0.025,23.0,0.61,860,5561.0
0.014,30.0,0.43,1117,5543.0
0.018,27.0,0.49,1072,5680.0
0.009,28.0,0.41,1037,5841.0
0.012,27.0,0.41,1195,5897.0
0.007,27.0,0.59,1027,5915.0
0.018,24.0,0.42,1069,4219.0
0.024,24.0,0.56,1111,5077.0
0.02,27.0,0.6,1089,4988.0
0.016,23.0,0.62,867,5039.0
0.019,28.0,0.62,1067,5838.0
0.009,24.0,0.51,1196,5541.0
0.024,30.0,0.51,1067,5613.0
0.022,21.0,0.47,1025,5821.0
0.009,28.0,0.43,937,5579.0
0.014,29.0,0.7,893,4713.0
0.012,26.0,0.57,839,4436.0
0.024,22.0,0.49,988,4491.0
0.02,20.0,0.63,909,4187.0
0.008,22.0,0.64,1191,4336.0
0.021,30.0,0.42,1131,4817.0
0.02,29.0,0.55,935,4697.0
0.025,29.0,0.44,1153,5585.0
0.012,26.0,0.63,967,4221.0
0.018,28.0,0.65,1023,5426.0
0.009,28.0,0.45,1034,4990.0
0.01,24.0,0.57,883,5019.0
0.016,23.0,0.46,812,5862.0
0.018,30.0,0.47,983,4768.0
0.015,25.0,0.48,1097,5346.0
0.017,28.0,0.64,854,5358.0
0.027,25.0,0.64,1142,5445.0
0.015,26.0,0.55,830,5522.0
0.006,21.0,0.42,1100,4665.0
0.007,21.0,0.68,1136,4898.0
0.021,30.0,0.7,1200,5209.0
0.009,28.0,0.62,822,4115.0
0.023,28.0,0.54,1065,5015.0
0.014,26.0,0.58,945,5496.0
0.011,30.0,0.7,1102,4826.0
0.019,20.0,0.52,1087,5908.0
0.022,28.0,0.55,1091,5934.0
0.023,22.0,0.43,807,5137.0
0.027,28.0,0.57,1159,5062.0
0.006,23.0,0.54,996,5759.0
0.024,20.0,0.52,813,4956.0
0.017,22.0,0.61,1117,5144.0
0.021,20.0,0.66,1140,4341.0
0.01,23.0,0.4,803,4404.0
0.021,25.0,0.51,918,5557.0
0.007,22.0,0.5,1168,4090.0
0.025,22.0,0.62,1111,5105.0
0.011,25.0,0.67,1104,5034.0
0.01,29.0,0.52,1177,5497.0
0.014,21.0,0.46,849,5157.0
0.013,27.0,0.56,1131,5197.0
0.026,29.0,0.68,1065,4752.0
0.029,27.0,0.44,985,4906.0
0.015,29.0,0.46,1188,4869.0
0.013,27.0,0.68,1022,4462.0
0.02,25.0,0.69,1108,5128.0
0.021,24.0,0.54,1158,4651.0
0.017,20.0,0.58,938,4460.0
0.014,26.0,0.61,968,4498.0
0.025,21.0,0.49,825,5857.0
0.021,25.0,0.4,1022,5049.0
0.02,24.0,0.53,1185,5766.0
0.006,28.0,0.63,1198,5729.0
0.029,24.0,0.64,1108,4485.0
0.023,28.0,0.61,1120,4836.0
0.015,27.0,0.4,1060,4109.0
0.027,30.0,0.45,994,5960.0
0.01,20.0,0.67,1062,4676.0
0.021,20.0,0.55,1196,5279.0
0.022,28.0,0.61,815,5443.0
0.008,23.0,0.65,923,5409.0
0.014,29.0,0.48,1169,5963.0
0.007,26.0,0.56,1185,5323.0
0.014,27.0,0.54,1029,4853.0
0.028,30.0,0.64,1015,5379.0
0.012,28.0,0.57,995,4382.0
0.021,24.0,0.58,933,5453.0
0.025,24.0,0.45,1025,4551.0
0.025,26.0,0.54,932,5159.0
0.018,22.0,0.64,863,4444.0
0.007,28.0,0.63,1183,4960.0
0.008,25.0,0.66,908,5292.0
0.014,24.0,0.53,1141,5723.0
0.007,21.0,0.48,1132,5726.0
0.006,25.0,0.52,1199,5114.0
0.022,24.0,0.6,881,5459.0
0.018,24.0,0.44,1179,5032.0
0.017,27.0,0.65,1189,5466.0
0.009,21.0,0.7,966,4465.0
0.028,20.0,0.68,910,5096.0
0.026,24.0,0.47,1172,5139.0
0.028,20.0,0.43,864,5990.0
0.018,22.0,0.58,1077,5446.0
0.03,20.0,0.41,1052,5685.0
0.008,29.0,0.64,1083,4898.0
0.015,21.0,0.45,985,5039.0
0.022,22.0,0.48,1141,4274.0
0.018,20.0,0.53,983,4684.0
0.007,22.0,0.67,1032,5942.0
0.01,20.0,0.69,929,4118.0
0.02,21.0,0.61,948,5573.0
0.028,25.0,0.63,1121,4818.0
0.028,21.0,0.4,1119,5394.0
0.02,24.0,0.61,1093,5141.0
0.012,26.0,0.53,1129,5338.0
0.014,21.0,0.5,998,4115.0
0.029,23.0,0.67,1023,5439.0
0.013,29.0,0.53,1113,5556.0
0.006,24.0,0.69,997,4234.0
0.027,21.0,0.59,1098,5486.0
0.008,28.0,0.54,1193,5469.0
0.026,30.0,0.67,1069,5525.0
0.008,28.0,0.69,800,4718.0
0.006,28.0,0.59,1170,5616.0
0.03,21.0,0.43,1155,5203.0
0.013,29.0,0.6,838,4771.0
0.012,25.0,0.52,1164,4442.0
0.026,24.0,0.44,1113,5780.0
0.009,21.0,0.58,845,5029.0
0.015,22.0,0.45,1091,4490.0
0.017,26.0,0.68,813,5493.0
0.013,21.0,0.62,849,4399.0
0.022,25.0,0.51,1122,5116.0
0.019,28.0,0.6,1091,4425.0
0.013,26.0,0.55,993,4512.0
0.018,23.0,0.52,926,4228.0
0.007,23.0,0.46,1109,4436.0
0.024,25.0,0.66,977,5371.0
0.013,28.0,0.61,891,5962.0
0.021,24.0,0.43,1154,5922.0
0.027,26.0,0.64,1002,5760.0
0.02,25.0,0.67,998,4520.0
0.009,25.0,0.68,832,4535.0
0.015,21.0,0.56,1134,5255.0
0.021,28.0,0.62,946,5456.0
0.006,21.0,0.55,1123,5654.0
0.013,30.0,0.57,896,4935.0
0.009,25.0,0.52,846,5367.0
0.007,22.0,0.56,855,5214.0
0.006,23.0,0.66,1015,4166.0
0.019,21.0,0.6,1092,4301.0
0.027,21.0,0.61,1084,4305.0
0.028,26.0,0.63,1007,5200.0
0.015,26.0,0.68,1195,4987.0
0.006,20.0,0.41,1150,5965.0
0.008,22.0,0.52,967,4648.0
0.01,30.0,0.53,837,4478.0
0.008,22.0,0.44,1056,4289.0
0.014,21.0,0.7,1131,5592.0
0.025,25.0,0.46,1001,4040.0
0.018,22.0,0.47,1177,5488.0
0.011,24.0,0.49,1084,4633.0
0.028,26.0,0.41,906,5865.0
0.013,21.0,0.69,885,4299.0
0.021,26.0,0.42,1093,4973.0
0.018,30.0,0.47,949,4522.0
0.024,30.0,0.44,1184,5771.0
0.009,30.0,0.6,1150,5115.0
0.02,30.0,0.57,898,5409.0
0.025,25.0,0.65,1060,5440.0
0.019,25.0,0.55,1032,5016.0
0.014,21.0,0.58,999,4933.0
0.026,23.0,0.58,815,4085.0
0.029,25.0,0.66,1155,4691.0
0.013,25.0,0.67,1111,4984.0
0.016,30.0,0.7,994,4548.0
0.014,20.0,0.6,1136,4138.0
0.009,29.0,0.69,876,4472.0
0.013,27.0,0.57,975,4780.0
0.01,28.0,0.49,917,4436.0
0.007,25.0,0.62,973,5525.0
0.019,26.0,0.47,1105,5439.0
0.015,22.0,0.52,1037,4116.0
0.022,27.0,0.56,955,4432.0
0.013,26.0,0.52,1004,5717.0
0.006,20.0,0.53,839,5050.0
0.027,22.0,0.49,959,5464.0
0.016,21.0,0.44,1193,5149.0
0.015,22.0,0.45,969,5932.0
0.02,28.0,0.6,982,4352.0
0.03,21.0,0.46,1077,4266.0
0.009,28.0,0.52,860,5525.0
0.006,29.0,0.59,875,5032.0
0.026,25.0,0.56,937,5340.0
0.027,26.0,0.48,1111,4061.0
0.02,23.0,0.55,913,4774.0
0.007,29.0,0.63,1121,5827.0
0.01,26.0,0.4,902,5407.0
0.015,25.0,0.69,810,4168.0
0.019,22.0,0.58,1081,5246.0
0.02,21.0,0.67,1173,4591.0
0.008,21.0,0.43,841,5290.0
0.025,24.0,0.66,971,5147.0
0.008,24.0,0.49,1071,4081.0
0.023,26.0,0.68,832,4641.0
0.019,28.0,0.4,1179,5650.0
0.029,25.0,0.67,1155,4641.0
0.025,21.0,0.44,893,4923.0
0.023,20.0,0.49,1114,4747.0
0.012,27.0,0.55,800,5595.0
0.022,28.0,0.53,1137,4674.0
0.014,27.0,0.6,1061,5224.0
0.006,21.0,0.43,835,4106.0
0.028,20.0,0.63,817,4585.0
0.016,21.0,0.4,984,4320.0
0.019,20.0,0.45,1165,4432.0
0.015,21.0,0.47,1043,4174.0
0.019,22.0,0.6,1026,4604.0
0.007,30.0,0.55,848,5983.0
0.029,21.0,0.45,1024,4413.0
0.016,26.0,0.47,880,4043.0
0.021,26.0,0.56,1070,5257.0
0.021,21.0,0.69,870,4012.0
0.015,22.0,0.64,1034,5041.0
0.018,28.0,0.5,966,5886.0
0.025,29.0,0.68,938,4669.0
0.023,20.0,0.69,872,5595.0
0.01,20.0,0.68,1033,5690.0
0.027,22.0,0.64,1112,5433.0
0.026,20.0,0.58,1069,4028.0
0.016,26.0,0.68,1007,4303.0
0.02,26.0,0.63,1146,4325.0
0.008,25.0,0.48,1062,4188.0
0.022,21.0,0.51,1053,4166.0
0.022,30.0,0.58,876,4996.0
0.023,26.0,0.56,917,4597.0
0.005,29.0,0.52,1148,5866.0
0.028,26.0,0.43,1057,5039.0
0.013,22.0,0.45,868,4870.0
0.015,29.0,0.41,986,4123.0
0.016,24.0,0.49,1172,4343.0
0.018,23.0,0.52,854,4136.0
0.009,27.0,0.45,954,5766.0
0.026,21.0,0.5,1029,5015.0
0.009,26.0,0.7,1026,4289.0
0.019,23.0,0.58,1161,4352.0
0.015,30.0,0.49,967,4019.0
0.011,29.0,0.42,938,5229.0
0.006,23.0,0.53,1041,4877.0
0.017,22.0,0.58,871,4064.0
0.028,23.0,0.55,897,4762.0
0.012,23.0,0.64,901,4402.0
0.011,24.0,0.69,1148,5378.0
0.027,20.0,0.47,930,5645.0
0.008,27.0,0.67,1148,4119.0
0.029,21.0,0.58,1095,5429.0
0.024,20.0,0.41,814,5770.0
0.016,26.0,0.62,1037,4025.0
0.02,22.0,0.66,1059,5149.0
0.007,26.0,0.62,925,5462.0
0.016,24.0,0.4,1023,5890.0
0.009,21.0,0.59,942,5228.0
0.015,20.0,0.7,1176,4742.0
0.011,30.0,0.42,1158,4199.0
0.024,29.0,0.67,1010,4596.0
0.022,29.0,0.52,836,4711.0
0.017,27.0,0.59,930,4956.0
0.017,23.0,0.48,1138,4589.0
0.021,25.0,0.42,1176,4078.0
0.006,29.0,0.55,1028,5420.0
0.028,23.0,0.51,946,5136.0
0.012,20.0,0.46,1009,4431.0
0.016,23.0,0.43,928,4023.0
0.018,28.0,0.54,833,5244.0
0.016,27.0,0.6,1110,5240.0
0.008,25.0,0.45,1053,4672.0
0.014,24.0,0.5,1141,5713.0
0.011,29.0,0.54,932,4987.0
0.017,28.0,0.64,1032,4427.0
0.008,27.0,0.63,1199,5110.0
0.018,27.0,0.62,1158,4232.0
0.02,30.0,0.65,1074,5095.0
0.013,24.0,0.51,1070,4391.0
0.024,24.0,0.61,1070,5370.0
0.026,28.0,0.63,918,5740.0
0.017,26.0,0.46,914,4153.0
0.023,29.0,0.61,804,4948.0
0.021,23.0,0.69,1060,4179.0
0.029,29.0,0.59,1189,5599.0
0.011,25.0,0.51,1038,4655.0
0.027,24.0,0.61,1031,5262.0
0.013,28.0,0.59,828,5961.0
0.017,26.0,0.51,861,5598.0
0.029,22.0,0.41,1188,5525.0
0.03,29.0,0.5,917,4083.0
0.023,23.0,0.62,1137,4031.0
0.029,28.0,0.48,1001,4651.0
0.017,25.0,0.46,912,4331.0
0.011,26.0,0.54,955,4997.0
0.028,21.0,0.53,829,5279.0
0.02,22.0,0.55,807,5405.0
0.018,22.0,0.53,1067,5859.0
0.01,22.0,0.53,900,4025.0
0.017,22.0,0.55,920,5435.0
0.013,28.0,0.67,1194,5650.0
0.026,29.0,0.58,874,4489.0
0.028,23.0,0.4,1108,5152.0
0.015,27.0,0.7,874,4352.0
0.005,28.0,0.46,1010,4314.0
0.022,28.0,0.47,810,5576.0
0.028,20.0,0.56,1165,5978.0
0.022,22.0,0.4,984,4188.0
0.026,23.0,0.61,847,5479.0
0.006,30.0,0.53,875,5210.0
0.022,29.0,0.43,859,5107.0
0.021,30.0,0.4,1029,5464.0
0.011,29.0,0.64,833,5687.0
0.029,20.0,0.59,1086,5521.0
0.012,26.0,0.61,803,5942.0
0.026,22.0,0.65,1005,5015.0
0.026,21.0,0.7,934,4975.0
0.016,26.0,0.45,1017,5290.0
0.026,22.0,0.62,1168,5780.0
0.006,23.0,0.41,938,4656.0
0.006,23.0,0.49,820,5859.0
0.014,28.0,0.41,1013,4783.0
0.015,24.0,0.59,1086,5556.0
0.009,20.0,0.48,908,4592.0
0.028,23.0,0.42,1157,4046.0
0.025,20.0,0.44,909,5309.0
0.011,30.0,0.66,951,5022.0
0.006,20.0,0.46,951,5685.0
0.029,20.0,0.44,860,4255.0
0.017,29.0,0.62,853,5478.0
0.011,20.0,0.4,981,5631.0
0.018,24.0,0.59,858,4146.0
0.017,29.0,0.69,919,5035.0
0.005,27.0,0.66,1065,4704.0
0.02,30.0,0.55,1105,5369.0
0.005,23.0,0.5,984,5485.0
0.028,23.0,0.45,1068,4639.0
0.026,21.0,0.55,1082,5519.0
0.005,20.0,0.51,1186,5926.0
0.017,26.0,0.63,1135,4110.0
0.028,20.0,0.48,961,5619.0
0.024,27.0,0.58,814,5496.0
0.007,26.0,0.63,895,4656.0
0.021,28.0,0.57,1161,5616.0
0.023,29.0,0.68,1152,4456.0
0.006,30.0,0.61,1174,4265.0
0.01,30.0,0.66,856,4552.0
0.013,28.0,0.4,885,5537.0
0.028,26.0,0.67,879,4534.0
0.014,29.0,0.58,1191,5338.0
0.011,23.0,0.55,988,5427.0
0.029,23.0,0.43,897,4895.0
0.019,23.0,0.41,1082,4171.0
0.006,22.0,0.58,996,5467.0
0.02,30.0,0.46,987,4970.0
0.023,25.0,0.67,934,5650.0
0.016,22.0,0.67,1080,5885.0
0.006,22.0,0.59,810,4203.0
0.01,22.0,0.55,886,5291.0
0.006,29.0,0.41,1163,4039.0
0.011,26.0,0.52,941,5263.0
0.012,20.0,0.41,858,4285.0
0.03,22.0,0.59,1029,5142.0
0.023,20.0,0.46,1031,5954.0
0.028,22.0,0.64,1137,4570.0
0.022,22.0,0.64,1013,4753.0
0.01,27.0,0.47,1057,5190.0
0.024,26.0,0.44,1180,4854.0
0.006,20.0,0.44,825,4112.0
0.018,30.0,0.45,1053,4499.0
0.017,22.0,0.55,962,4005.0
0.029,26.0,0.42,1055,5626.0
0.024,27.0,0.44,1036,4206.0
0.008,22.0,0.61,1079,5550.0
0.006,21.0,0.7,1043,4040.0
0.013,29.0,0.67,814,5673.0
0.005,20.0,0.68,885,5678.0
0.026,21.0,0.65,839,4359.0
0.007,30.0,0.47,1123,4661.0
0.027,26.0,0.5,870,5441.0
0.02,23.0,0.51,1008,5210.0
0.018,20.0,0.66,816,4928.0
0.014,22.0,0.53,805,5792.0
0.009,28.0,0.7,1025,5969.0
0.009,29.0,0.45,961,5766.0
0.006,26.0,0.63,814,5360.0
0.017,25.0,0.41,1104,4695.0
0.01,23.0,0.51,1080,5212.0
0.019,24.0,0.7,1038,5144.0
0.01,28.0,0.65,1180,5754.0
0.024,26.0,0.58,1136,4710.0
0.007,24.0,0.43,1103,4323.0
0.013,24.0,0.7,1124,5832.0
0.021,28.0,0.53,837,4450.0
0.018,24.0,0.48,1163,5895.0
0.007,23.0,0.49,1180,4601.0
0.026,25.0,0.4,1110,5157.0
0.021,22.0,0.46,950,5286.0
0.015,22.0,0.7,866,4277.0
0.009,23.0,0.65,1191,4718.0
0.009,27.0,0.44,924,5290.0
0.03,22.0,0.47,1071,4670.0
0.011,30.0,0.49,986,5053.0
0.02,22.0,0.53,1112,5025.0
0.018,28.0,0.5,1182,5062.0
0.006,20.0,0.63,1096,5062.0
0.006,27.0,0.57,1110,4236.0
0.027,27.0,0.43,978,4274.0
0.013,24.0,0.47,1064,4962.0
0.009,21.0,0.61,999,6000.0
0.029,22.0,0.6,957,4241.0
0.03,27.0,0.49,800,5375.0
0.015,29.0,0.4,915,4732.0
0.016,28.0,0.61,933,4331.0
0.017,27.0,0.51,1066,5185.0
0.009,22.0,0.6,988,4927.0
0.009,22.0,0.69,1184,5008.0
0.016,21.0,0.42,991,5212.0
0.019,24.0,0.66,1197,5831.0
0.023,24.0,0.42,977,5559.0
0.025,30.0,0.65,880,4798.0
0.025,30.0,0.54,1051,4870.0
0.029,29.0,0.6,1060,4452.0
0.03,22.0,0.48,1010,4617.0
0.007,24.0,0.64,1159,5578.0
0.018,23.0,0.62,1088,5770.0
0.027,25.0,0.7,1025,4507.0
0.029,27.0,0.67,899,4198.0
0.015,23.0,0.6,875,5174.0
0.022,20.0,0.58,1067,5341.0
0.013,24.0,0.62,943,5613.0
0.012,22.0,0.56,1031,4743.0
0.008,21.0,0.45,819,5831.0
0.008,22.0,0.62,1144,5964.0
0.015,20.0,0.64,905,5288.0
0.027,25.0,0.44,870,4168.0
0.007,25.0,0.44,820,4661.0
0.029,26.0,0.6,915,4538.0
0.03,26.0,0.55,813,5428.0
0.022,28.0,0.52,808,5364.0
0.005,29.0,0.6,1035,5054.0
0.02,30.0,0.59,1028,5680.0
0.022,21.0,0.59,898,5761.0
0.022,22.0,0.53,964,4980.0
0.014,23.0,0.48,1159,5632.0
0.025,25.0,0.64,1064,5492.0
0.015,26.0,0.5,1004,4966.0
0.011,23.0,0.41,1199,4123.0
0.017,30.0,0.65,1148,4913.0
0.015,20.0,0.7,1128,4770.0
0.019,27.0,0.56,1002,4286.0
0.007,23.0,0.66,1048,5539.0
0.023,24.0,0.44,1155,5296.0
0.007,23.0,0.49,1185,4250.0
0.024,30.0,0.69,1072,5297.0
0.019,30.0,0.67,1153,5449.0
0.014,30.0,0.49,839,4954.0
0.015,27.0,0.66,1145,4227.0
0.013,22.0,0.46,965,5045.0
0.007,27.0,0.68,1170,5136.0
0.023,26.0,0.48,816,5398.0
0.023,27.0,0.45,966,5740.0
0.007,20.0,0.51,863,5780.0
0.017,29.0,0.48,994,5998.0
0.026,28.0,0.42,843,5376.0
0.015,23.0,0.44,1100,5046.0
0.023,25.0,0.5,926,4834.0
0.01,22.0,0.51,954,5875.0
0.005,21.0,0.51,939,5933.0
0.029,23.0,0.5,805,5187.0
0.019,30.0,0.65,891,4144.0
0.015,25.0,0.67,1018,5409.0
0.011,26.0,0.58,960,5243.0
0.022,22.0,0.69,1181,5339.0
0.009,28.0,0.48,971,5002.0
0.025,23.0,0.56,1076,4567.0
0.025,26.0,0.53,1121,4392.0
0.03,26.0,0.7,925,4158.0
0.029,21.0,0.42,1020,5257.0
0.026,23.0,0.51,996,5035.0
0.021,21.0,0.53,1050,4462.0
0.006,24.0,0.61,818,4264.0
0.022,24.0,0.49,1115,4539.0
0.007,26.0,0.57,830,4913.0
0.009,20.0,0.63,1165,4320.0
0.016,28.0,0.65,1052,5321.0
0.014,22.0,0.42,1159,5765.0
0.009,22.0,0.54,949,5407.0
0.022,24.0,0.69,1080,4052.0
0.014,21.0,0.59,986,4960.0
0.018,27.0,0.45,1066,5180.0
0.015,23.0,0.6,938,4736.0
0.025,30.0,0.62,945,4047.0
0.013,25.0,0.66,1048,5699.0
0.029,24.0,0.52,821,5196.0
0.012,26.0,0.56,932,5592.0
0.011,23.0,0.58,919,4706.0
0.012,22.0,0.58,818,4355.0
0.022,24.0,0.56,1101,4038.0
0.017,28.0,0.67,818,4192.0
0.021,22.0,0.48,1178,5851.0
0.006,29.0,0.58,1148,4397.0
0.02,25.0,0.61,1027,5290.0
0.023,20.0,0.49,1151,5437.0
0.016,22.0,0.51,1046,5732.0
0.008,20.0,0.5,942,4591.0
0.009,20.0,0.68,1128,5832.0
0.02,29.0,0.64,1111,4840.0
0.014,29.0,0.46,1004,4765.0
0.024,29.0,0.54,1032,5532.0
0.016,20.0,0.59,1131,4507.0
0.024,29.0,0.56,818,5917.0
0.016,22.0,0.64,1183,5908.0
0.03,27.0,0.44,980,5575.0
0.009,30.0,0.67,950,4613.0
0.03,28.0,0.62,1048,4368.0
0.007,24.0,0.53,928,5651.0
0.03,28.0,0.65,864,5139.0
0.025,21.0,0.52,1013,4311.0
0.015,29.0,0.67,1121,4128.0
0.009,23.0,0.48,848,5458.0
0.011,27.0,0.42,1069,5394.0
0.007,30.0,0.51,908,5692.0
0.009,25.0,0.6,943,5109.0
0.023,29.0,0.63,1008,4594.0
0.028,28.0,0.54,998,5364.0
0.029,29.0,0.66,947,4643.0
0.022,27.0,0.42,1017,4454.0
0.014,21.0,0.46,860,4220.0
0.015,23.0,0.59,940,4259.0
0.015,22.0,0.57,1162,4408.0
0.024,21.0,0.56,1161,4876.0
0.014,22.0,0.58,1193,5747.0
0.011,26.0,0.55,888,4224.0
0.024,25.0,0.69,860,5172.0
0.02,27.0,0.52,1000,5901.0
0.009,27.0,0.64,1075,4298.0
0.007,26.0,0.4,819,5400.0
0.015,21.0,0.54,1149,5027.0
0.017,23.0,0.49,959,4759.0
0.017,27.0,0.41,1163,4531.0
0.006,20.0,0.5,1011,4309.0
0.022,25.0,0.6,1006,4877.0
0.023,26.0,0.69,949,4332.0
0.024,27.0,0.4,904,6000.0
0.026,27.0,0.56,1159,5571.0
0.018,22.0,0.65,989,5365.0
0.026,23.0,0.56,1080,4015.0
0.006,24.0,0.61,1185,4564.0
0.007,24.0,0.47,1061,5505.0
0.011,25.0,0.49,1117,4604.0
0.01,23.0,0.57,864,5711.0
0.02,20.0,0.47,1188,5764.0
0.013,27.0,0.52,853,5900.0
0.006,22.0,0.7,1146,5606.0
0.018,21.0,0.69,975,4071.0
0.02,22.0,0.6,827,4032.0
0.026,25.0,0.46,1086,5201.0
0.025,23.0,0.52,892,4556.0
0.01,24.0,0.64,888,4250.0
0.015,26.0,0.47,1063,5579.0
0.007,21.0,0.59,1142,4754.0
0.022,28.0,0.56,1127,4889.0
0.024,29.0,0.67,1103,4398.0
0.006,24.0,0.56,899,5437.0
0.023,28.0,0.67,925,5550.0
0.013,23.0,0.45,1047,5708.0
0.023,29.0,0.61,1169,4982.0
0.024,20.0,0.44,1087,4220.0
0.015,28.0,0.51,997,4274.0
0.013,22.0,0.65,1138,4475.0
0.014,23.0,0.5,923,4193.0
0.03,20.0,0.43,1052,5415.0
0.017,21.0,0.4,1007,5325.0
0.029,29.0,0.51,1027,4030.0
0.018,22.0,0.41,836,4287.0
0.03,25.0,0.66,995,4954.0
0.021,28.0,0.55,982,5879.0
0.021,23.0,0.45,857,4856.0
0.023,28.0,0.44,1130,5528.0
0.023,23.0,0.65,932,4859.0
0.015,24.0,0.53,844,5858.0
0.017,21.0,0.61,1187,5493.0
0.015,23.0,0.58,1184,4524.0
0.011,27.0,0.52,995,4046.0
0.026,26.0,0.64,1196,5161.0
0.013,27.0,0.69,990,5177.0
0.018,26.0,0.49,908,5106.0
0.008,21.0,0.46,839,4769.0
0.013,24.0,0.63,867,4565.0
0.018,25.0,0.58,992,5157.0
0.012,20.0,0.55,1177,4843.0
0.024,20.0,0.6,1083,5563.0
0.026,30.0,0.69,919,4574.0
0.027,21.0,0.48,1066,5780.0
0.02,24.0,0.51,1153,5047.0
0.028,21.0,0.45,971,5788.0
0.015,22.0,0.58,853,5174.0
0.026,22.0,0.58,841,4271.0
0.026,28.0,0.57,1185,4760.0
0.024,20.0,0.68,1066,4657.0
0.007,29.0,0.6,1115,4029.0
0.02,27.0,0.45,1038,4298.0
0.016,30.0,0.44,1064,4964.0
0.005,26.0,0.69,840,5449.0
0.027,20.0,0.51,809,4942.0
0.018,25.0,0.47,826,5725.0
0.009,22.0,0.6,1127,4343.0
0.019,25.0,0.67,880,5035.0
0.005,29.0,0.56,1147,4361.0
0.02,29.0,0.43,993,4601.0
0.018,20.0,0.41,973,4677.0
0.016,21.0,0.47,908,5026.0
0.019,24.0,0.69,1100,5583.0
0.029,27.0,0.51,1168,4280.0
0.025,20.0,0.4,904,5277.0
0.007,30.0,0.49,923,5570.0
0.02,30.0,0.47,1045,5718.0
0.029,20.0,0.64,1051,5033.0
0.03,23.0,0.59,1189,5685.0
0.02,23.0,0.42,951,4665.0
0.014,26.0,0.45,1184,5856.0
0.015,22.0,0.57,1035,4297.0
0.011,23.0,0.58,1171,5875.0
0.022,26.0,0.62,1104,5512.0
0.026,30.0,0.64,949,5207.0
0.025,22.0,0.62,1169,5609.0
0.007,27.0,0.46,1043,4865.0
0.013,24.0,0.63,844,5598.0
0.007,24.0,0.7,1157,4165.0
0.027,24.0,0.63,1170,5478.0
0.017,28.0,0.7,1125,5144.0
0.028,20.0,0.61,872,4998.0
0.023,28.0,0.59,951,5339.0
0.019,29.0,0.52,1121,4589.0
0.022,23.0,0.67,1039,4847.0
0.026,26.0,0.45,944,5226.0
0.02,20.0,0.62,941,4934.0
0.026,25.0,0.65,1088,5083.0
0.015,29.0,0.51,809,5491.0
0.017,23.0,0.49,1108,5720.0
0.005,23.0,0.54,1065,5792.0
0.023,28.0,0.46,922,4889.0
0.027,28.0,0.68,1106,4968.0
0.006,23.0,0.58,855,4906.0
0.026,22.0,0.63,1126,5181.0
0.018,20.0,0.41,1147,5680.0
0.016,27.0,0.42,1105,5083.0
0.016,27.0,0.48,993,4056.0
0.016,29.0,0.53,988,5853.0
0.028,26.0,0.62,986,4727.0
0.006,20.0,0.4,803,5230.0
0.017,24.0,0.62,1029,5228.0
0.021,27.0,0.7,1108,4448.0
0.024,27.0,0.56,1043,4973.0
0.012,26.0,0.65,885,4841.0
0.013,25.0,0.55,1128,5147.0
0.025,29.0,0.4,801,5622.0
0.018,29.0,0.53,824,4334.0
0.012,28.0,0.69,1107,4978.0
0.023,23.0,0.58,1195,4526.0
0.024,23.0,0.59,895,5573.0
0.01,28.0,0.66,992,4842.0
0.012,28.0,0.65,1099,5671.0
0.012,22.0,0.68,837,5511.0
0.029,25.0,0.45,1189,5009.0
0.008,25.0,0.69,1056,5238.0
0.01,29.0,0.6,1000,5257.0
0.011,29.0,0.53,1125,5713.0
0.027,26.0,0.55,954,5279.0
0.013,20.0,0.56,1182,4217.0
0.028,30.0,0.42,937,5562.0
0.02,26.0,0.68,1127,4274.0
0.018,29.0,0.42,1004,5030.0
0.008,29.0,0.4,1142,4699.0
0.03,29.0,0.61,939,4591.0
0.006,20.0,0.61,1161,5638.0
0.012,21.0,0.7,967,5338.0
0.018,26.0,0.54,1148,5073.0
0.026,23.0,0.59,1144,5847.0
0.023,28.0,0.47,943,5650.0
0.016,26.0,0.6,951,4847.0
0.018,23.0,0.5,904,4992.0
0.013,27.0,0.54,1103,5984.0
0.014,27.0,0.52,1155,5449.0
0.03,20.0,0.46,1049,4745.0
0.015,26.0,0.54,1045,5803.0
0.011,28.0,0.52,1114,4738.0
0.017,25.0,0.57,904,4898.0
0.027,24.0,0.6,955,4593.0
0.016,28.0,0.69,1107,4220.0
0.015,22.0,0.41,950,5096.0
0.014,24.0,0.5,917,4327.0
0.024,20.0,0.65,1182,5178.0
0.029,25.0,0.58,1075,4210.0
0.011,26.0,0.63,1012,4117.0
0.029,24.0,0.54,1109,5090.0
0.007,22.0,0.45,1004,4651.0
0.017,28.0,0.5,816,4193.0
0.019,29.0,0.45,809,5421.0
0.017,27.0,0.66,990,5000.0
0.01,24.0,0.56,928,4222.0
0.008,26.0,0.43,875,5621.0
0.026,24.0,0.69,1159,5636.0
0.008,28.0,0.51,896,4752.0
0.014,27.0,0.62,1176,4900.0
0.02,25.0,0.7,806,4907.0
0.014,25.0,0.44,838,5104.0
0.029,28.0,0.56,883,4012.0
0.01,20.0,0.48,870,5887.0
0.023,27.0,0.44,1104,4581.0
0.014,25.0,0.69,967,5307.0
0.022,26.0,0.57,953,5706.0
0.027,20.0,0.66,1091,5511.0
0.009,30.0,0.66,1132,5051.0
0.019,27.0,0.48,823,5141.0
0.016,24.0,0.49,1169,4966.0
0.019,25.0,0.51,1064,5217.0
0.027,24.0,0.69,1150,5960.0
0.024,26.0,0.42,946,5620.0
0.018,29.0,0.48,1157,4069.0
0.027,20.0,0.66,1075,5101.0
0.026,20.0,0.64,813,5839.0
0.016,21.0,0.45,1098,5202.0
0.006,26.0,0.46,989,5238.0
0.025,21.0,0.62,1061,4688.0
0.022,26.0,0.53,917,5303.0
0.017,29.0,0.5,1091,5490.0
0.01,29.0,0.49,874,5490.0
0.01,29.0,0.51,1189,4834.0
0.014,27.0,0.58,1028,5772.0
0.02,26.0,0.65,1055,5503.0
0.023,27.0,0.53,989,4269.0
0.027,26.0,0.58,1110,5135.0
0.012,22.0,0.44,1131,5319.0
0.009,28.0,0.43,1065,5474.0
0.021,28.0,0.45,940,5040.0
0.011,28.0,0.5,1098,4780.0
0.024,23.0,0.63,1029,5134.0
0.029,29.0,0.56,850,4958.0
0.022,25.0,0.65,1171,4935.0
0.007,24.0,0.4,872,5175.0
0.012,27.0,0.68,850,5117.0
0.018,29.0,0.41,875,5426.0
0.005,30.0,0.54,974,5391.0
0.027,20.0,0.54,1006,4717.0
0.019,25.0,0.5,1045,4184.0
0.013,23.0,0.45,938,4378.0
0.006,29.0,0.52,837,4282.0
0.013,25.0,0.42,911,4103.0
0.028,24.0,0.68,1012,5499.0
0.021,30.0,0.62,890,4420.0
0.012,22.0,0.53,1132,4488.0
0.026,30.0,0.67,1134,5437.0
0.028,24.0,0.6,1058,5340.0
0.011,22.0,0.47,1023,4087.0
0.016,28.0,0.48,1075,5932.0
0.017,25.0,0.54,1056,4129.0
0.024,23.0,0.69,912,5688.0
0.005,21.0,0.68,1135,5276.0
0.027,20.0,0.66,1153,4795.0
0.028,26.0,0.4,843,5995.0
0.008,26.0,0.62,935,4618.0
0.021,21.0,0.41,864,4900.0
0.014,21.0,0.58,933,4554.0
0.012,27.0,0.66,956,4458.0
0.013,22.0,0.58,1100,4149.0
0.017,20.0,0.53,820,5168.0
0.01,20.0,0.41,1091,4825.0
0.022,23.0,0.68,1177,4444.0
0.021,21.0,0.62,990,5067.0
0.006,25.0,0.42,862,4478.0
0.029,21.0,0.46,1107,5943.0
0.028,28.0,0.7,1059,5692.0
0.022,26.0,0.41,879,4348.0
0.02,29.0,0.69,1164,5137.0
0.009,23.0,0.4,1063,4719.0
0.017,20.0,0.69,882,4964.0
0.016,24.0,0.57,1193,4590.0
0.009,23.0,0.4,1173,4985.0
0.016,23.0,0.58,1042,4785.0
0.022,24.0,0.59,954,5907.0
0.007,24.0,0.56,1192,4248.0
0.012,25.0,0.65,868,4847.0
0.027,28.0,0.6,1065,5100.0
0.028,22.0,0.64,1140,5640.0
0.012,26.0,0.47,980,5508.0
0.025,22.0,0.65,1147,4398.0
0.017,24.0,0.56,806,4084.0
0.019,30.0,0.61,1099,5943.0
0.026,23.0,0.54,855,4409.0
0.028,21.0,0.6,836,5629.0
0.023,25.0,0.56,1057,5931.0
0.009,24.0,0.47,1076,5031.0
0.02,30.0,0.47,860,5893.0
0.017,28.0,0.53,820,4523.0
0.015,23.0,0.57,962,5528.0
0.025,25.0,0.53,966,5338.0
0.018,29.0,0.44,1031,5801.0
0.025,25.0,0.41,1064,5270.0
0.027,22.0,0.56,1175,4592.0
0.011,22.0,0.47,991,5467.0
0.011,25.0,0.55,903,4353.0
0.014,26.0,0.66,1151,4603.0
0.009,22.0,0.58,937,5704.0
0.029,21.0,0.49,1047,5563.0
0.005,30.0,0.44,1086,4736.0
0.024,30.0,0.5,988,4059.0
0.028,21.0,0.46,805,5883.0
0.007,26.0,0.41,1047,4586.0
0.027,30.0,0.5,890,4676.0
0.021,25.0,0.4,1130,5911.0
0.012,22.0,0.68,833,4517.0
0.018,21.0,0.64,1074,5652.0
0.018,28.0,0.68,904,5873.0
0.02,24.0,0.53,1033,5397.0
0.029,26.0,0.59,818,5329.0
0.021,21.0,0.45,1142,5050.0
0.021,26.0,0.54,972,5451.0
0.006,25.0,0.48,892,5960.0
0.011,28.0,0.56,974,4531.0
0.009,24.0,0.47,919,4109.0
0.015,27.0,0.64,1172,4126.0
0.022,26.0,0.46,967,5652.0
0.01,29.0,0.69,875,5453.0
0.009,22.0,0.52,931,4611.0
0.008,30.0,0.64,848,4311.0
0.03,20.0,0.51,858,5447.0
0.013,20.0,0.44,1176,4457.0
0.015,27.0,0.64,1064,5634.0
0.027,21.0,0.4,1153,4442.0
0.016,25.0,0.47,1159,5928.0
0.007,20.0,0.45,988,5305.0
0.029,29.0,0.58,1067,4878.0
0.029,23.0,0.51,897,4222.0
0.024,24.0,0.49,936,5589.0
0.017,24.0,0.6,1037,5451.0
0.005,21.0,0.54,1115,4262.0
0.015,30.0,0.53,974,4135.0
0.028,23.0,0.63,959,5911.0
0.016,21.0,0.59,929,5419.0
0.022,25.0,0.6,1111,4620.0
0.028,28.0,0.6,1069,5864.0
0.017,25.0,0.47,985,4249.0
0.007,29.0,0.42,1004,4803.0
0.021,29.0,0.55,936,4667.0
0.007,26.0,0.44,1129,4457.0
0.02,28.0,0.55,859,5481.0
0.007,28.0,0.55,806,4956.0
0.028,26.0,0.61,1165,5659.0
0.029,27.0,0.55,1083,5800.0
0.026,25.0,0.66,1110,5877.0
0.02,22.0,0.52,990,5481.0
0.011,24.0,0.52,918,4012.0
0.019,23.0,0.42,952,5247.0
0.017,20.0,0.57,981,4745.0
0.013,20.0,0.55,922,5718.0
0.006,25.0,0.58,1125,5834.0
0.012,21.0,0.64,1020,4184.0
0.018,22.0,0.56,809,4169.0
0.015,24.0,0.5,885,5785.0
0.006,27.0,0.47,888,4650.0
0.019,23.0,0.63,831,4971.0
0.008,28.0,0.44,1036,4401.0
0.013,30.0,0.55,977,5366.0
0.027,27.0,0.4,847,4875.0
0.018,21.0,0.45,1175,5382.0
0.025,27.0,0.59,1008,4524.0
0.009,20.0,0.49,926,5337.0
0.025,28.0,0.63,851,5624.0
0.016,20.0,0.66,834,5889.0
0.008,30.0,0.42,1071,5925.0
0.022,30.0,0.45,922,4902.0
0.023,27.0,0.65,981,4497.0
0.015,27.0,0.7,1112,4661.0
0.012,23.0,0.66,1077,5947.0
0.015,25.0,0.64,1016,5722.0
0.011,26.0,0.47,1144,5430.0
0.021,29.0,0.61,1143,4022.0
0.029,25.0,0.42,825,4509.0
0.016,22.0,0.68,919,5448.0
0.015,23.0,0.55,1035,4330.0
0.018,24.0,0.54,998,5489.0
0.009,24.0,0.54,1050,5427.0
0.006,23.0,0.59,890,5883.0
0.025,28.0,0.54,916,5750.0
0.012,20.0,0.44,857,4736.0
0.014,21.0,0.67,991,5905.0
0.014,28.0,0.64,1192,5912.0
0.018,22.0,0.62,851,5363.0
0.025,28.0,0.45,916,5856.0
0.012,26.0,0.57,1020,4867.0
0.028,24.0,0.46,972,5127.0
0.03,21.0,0.65,1104,5217.0
0.01,21.0,0.64,872,5582.0
0.015,27.0,0.66,970,5988.0
0.008,29.0,0.65,1085,4195.0
0.021,26.0,0.58,1101,4592.0
0.019,22.0,0.58,846,4326.0
0.011,29.0,0.54,1081,4261.0
0.02,24.0,0.51,909,4876.0
0.012,20.0,0.61,1113,4539.0
0.006,21.0,0.62,1015,4057.0
0.014,30.0,0.63,945,5764.0
0.015,27.0,0.63,1178,5626.0
0.026,28.0,0.49,1038,5348.0
0.016,30.0,0.58,1164,5709.0
0.013,21.0,0.64,904,4929.0
0.022,23.0,0.66,965,5487.0
0.029,23.0,0.52,1174,5491.0
0.005,25.0,0.42,966,5897.0
0.029,20.0,0.66,1019,4324.0
0.012,28.0,0.52,1144,5846.0
0.009,20.0,0.62,1172,4370.0
0.015,24.0,0.58,1165,5766.0
0.01,20.0,0.47,969,4225.0
0.028,23.0,0.51,1022,5758.0
0.009,29.0,0.69,889,5122.0
0.028,27.0,0.51,919,5906.0
0.016,20.0,0.7,970,5667.0
0.018,22.0,0.56,1058,4863.0
0.025,27.0,0.55,1112,5954.0
0.03,30.0,0.61,931,4419.0
0.011,20.0,0.41,827,5519.0
0.005,21.0,0.48,1161,4030.0
0.025,26.0,0.68,1119,5599.0
0.023,29.0,0.46,1103,5992.0
0.014,25.0,0.63,855,5981.0
0.021,23.0,0.44,842,5679.0
0.021,21.0,0.54,927,4661.0
0.015,26.0,0.41,1145,5318.0
0.02,26.0,0.41,975,4113.0
0.026,28.0,0.7,1053,5631.0
0.029,24.0,0.55,1070,4622.0
0.012,27.0,0.66,1060,4353.0
0.029,29.0,0.65,1076,4327.0
0.02,21.0,0.63,978,4323.0
0.017,23.0,0.7,942,5117.0
0.023,28.0,0.68,1162,4594.0
0.015,23.0,0.65,1069,4343.0
0.015,29.0,0.65,1001,5059.0
0.014,21.0,0.69,975,4238.0
0.009,23.0,0.42,941,5031.0
0.022,24.0,0.66,924,4803.0
0.025,26.0,0.7,974,4477.0
0.017,30.0,0.44,1077,5537.0
0.025,24.0,0.64,834,5282.0
0.01,20.0,0.44,1195,4501.0
0.011,28.0,0.52,1009,5146.0
0.027,29.0,0.49,910,5642.0
0.018,28.0,0.56,928,5092.0
0.02,24.0,0.57,918,4680.0
0.025,26.0,0.53,945,4464.0
0.005,22.0,0.7,1184,5854.0
0.022,30.0,0.7,1079,5800.0
0.021,29.0,0.51,1154,5653.0
0.005,26.0,0.58,1152,5337.0
0.024,25.0,0.6,829,4398.0
0.014,25.0,0.41,966,4888.0
0.016,22.0,0.42,988,4470.0
0.017,24.0,0.7,1054,4243.0
0.013,28.0,0.46,854,4955.0
0.016,28.0,0.52,1044,4509.0
0.028,23.0,0.49,941,5434.0
0.014,30.0,0.44,993,5058.0
0.009,23.0,0.61,824,5224.0
0.009,23.0,0.57,1122,4241.0
0.012,21.0,0.44,946,5217.0
0.029,23.0,0.54,855,4008.0
0.01,27.0,0.48,1054,5948.0
0.02,30.0,0.6,861,4527.0
0.015,24.0,0.61,899,4875.0
0.007,21.0,0.43,822,4977.0
0.019,22.0,0.61,1191,5286.0
0.005,24.0,0.49,1137,5848.0
0.027,20.0,0.66,1042,5297.0
0.009,29.0,0.69,1197,5321.0
0.022,20.0,0.43,867,5015.0
0.02,26.0,0.64,835,4238.0
0.029,29.0,0.63,1191,4531.0
0.029,22.0,0.58,907,5887.0
0.008,21.0,0.59,928,5665.0
0.017,27.0,0.61,1120,5327.0
0.007,26.0,0.58,1187,5335.0
0.024,25.0,0.5,1111,4585.0
0.015,24.0,0.61,928,4762.0
0.01,25.0,0.55,1076,5204.0
0.006,26.0,0.62,1032,4635.0
0.012,22.0,0.69,945,4922.0
0.025,29.0,0.51,1156,4622.0
0.028,30.0,0.67,983,4667.0
0.028,25.0,0.51,1191,5019.0
0.015,25.0,0.6,1167,5267.0
0.029,29.0,0.67,910,5287.0
0.015,30.0,0.63,899,5944.0
0.013,28.0,0.65,996,4738.0
0.005,23.0,0.58,852,4620.0
0.025,30.0,0.7,1154,5913.0
0.022,24.0,0.69,1062,5535.0
0.03,22.0,0.42,963,4595.0
0.019,29.0,0.7,902,5089.0
0.023,23.0,0.58,844,4926.0
0.022,23.0,0.51,947,5806.0
0.014,24.0,0.53,880,4875.0
0.01,21.0,0.67,924,5626.0
0.007,29.0,0.43,1187,4890.0
0.012,20.0,0.51,1061,4696.0
0.015,22.0,0.7,894,5326.0
0.007,24.0,0.64,1188,5679.0
0.007,29.0,0.63,1168,4087.0
0.006,23.0,0.54,987,5012.0
0.009,26.0,0.41,841,5646.0
0.027,28.0,0.66,841,4924.0
0.021,27.0,0.45,926,5506.0
0.026,28.0,0.42,985,4499.0
0.008,22.0,0.49,828,4733.0
0.027,28.0,0.62,1056,5311.0
0.018,21.0,0.54,1147,4602.0
0.007,26.0,0.63,1175,5147.0
0.005,27.0,0.6,900,5941.0
0.015,30.0,0.51,991,5352.0
0.006,24.0,0.47,1028,5333.0
0.021,26.0,0.41,1138,4106.0
0.025,29.0,0.68,963,4492.0
0.01,20.0,0.44,1040,4498.0
0.009,23.0,0.65,1102,5489.0
0.008,21.0,0.55,891,5033.0
0.02,26.0,0.51,1098,5038.0
0.025,25.0,0.51,1024,4975.0
0.013,20.0,0.61,1175,5375.0
0.028,27.0,0.58,929,4311.0
0.005,20.0,0.64,1150,4146.0
0.027,20.0,0.52,850,5817.0
0.023,27.0,0.49,819,5437.0
0.018,21.0,0.61,967,4814.0
0.013,20.0,0.58,951,4242.0
0.012,23.0,0.63,905,5091.0
0.023,27.0,0.55,1078,4465.0
0.016,27.0,0.65,1196,5876.0
0.027,22.0,0.43,994,4738.0
0.023,24.0,0.56,1183,5537.0
0.019,22.0,0.53,1091,5641.0
0.008,29.0,0.4,802,5831.0
0.027,26.0,0.4,895,4231.0
0.028,30.0,0.51,812,5529.0
0.014,28.0,0.52,955,4523.0
0.008,25.0,0.4,866,5589.0
0.027,25.0,0.45,956,4217.0
0.015,28.0,0.56,1168,5680.0
0.018,28.0,0.58,1171,5515.0
0.021,21.0,0.63,816,4291.0
0.011,20.0,0.42,1168,4323.0
0.023,28.0,0.4,898,5791.0
0.023,26.0,0.6,1095,4936.0
0.006,26.0,0.65,1034,4702.0
0.009,24.0,0.55,894,4121.0
0.01,29.0,0.59,1189,4692.0
0.021,25.0,0.62,844,4363.0
0.011,20.0,0.55,909,4571.0
0.007,20.0,0.52,1054,4866.0
0.022,30.0,0.5,1063,4353.0
0.016,29.0,0.41,1091,5569.0
0.02,21.0,0.7,953,5166.0
0.018,28.0,0.6,910,4953.0
0.016,27.0,0.41,906,4724.0
0.026,22.0,0.42,957,5991.0
0.025,21.0,0.55,1182,5714.0
0.017,26.0,0.48,1126,4496.0
0.015,21.0,0.5,1174,4143.0
0.026,21.0,0.65,1182,5472.0
0.016,24.0,0.58,1200,5470.0
0.021,27.0,0.61,1020,5834.0
0.012,22.0,0.63,1166,4403.0
0.006,20.0,0.47,837,5158.0
0.009,23.0,0.66,900,5763.0
0.027,24.0,0.43,900,4691.0
0.025,27.0,0.46,1087,5862.0
0.008,25.0,0.59,1181,5706.0
0.018,27.0,0.61,1108,4145.0
0.024,28.0,0.67,1101,4022.0
0.015,22.0,0.53,977,4094.0
0.022,24.0,0.55,1175,4208.0
0.011,20.0,0.55,1103,4738.0
0.007,30.0,0.46,1072,4036.0
0.018,24.0,0.44,972,5720.0
0.025,24.0,0.67,1188,4958.0
0.011,21.0,0.7,819,5964.0
0.025,30.0,0.4,913,4639.0
0.023,29.0,0.49,1093,4865.0
0.014,27.0,0.5,885,4267.0
0.022,25.0,0.6,935,4232.0
0.007,20.0,0.47,972,4789.0
0.012,27.0,0.54,1128,4833.0
0.026,22.0,0.41,895,4004.0
0.029,22.0,0.67,1150,5117.0
0.008,23.0,0.44,995,5165.0
0.023,26.0,0.6,909,4680.0
0.024,29.0,0.49,903,5335.0
0.013,22.0,0.43,1168,4552.0
0.024,20.0,0.43,870,4752.0
0.017,28.0,0.4,1195,4047.0
0.029,29.0,0.63,1156,4035.0
0.009,20.0,0.55,876,5812.0
0.024,29.0,0.45,1069,5907.0
0.014,30.0,0.59,801,4525.0
0.017,22.0,0.47,1069,5023.0
0.014,29.0,0.49,1008,5985.0
0.017,22.0,0.53,1011,4083.0
0.011,20.0,0.47,843,4610.0
0.01,29.0,0.45,855,5606.0
0.024,24.0,0.48,933,4211.0
0.022,27.0,0.63,835,5797.0
0.025,28.0,0.62,1025,5979.0
0.016,30.0,0.65,842,5611.0
0.022,24.0,0.66,1115,5289.0
0.006,20.0,0.64,955,4941.0
0.017,20.0,0.64,985,5216.0
0.028,23.0,0.43,972,4840.0
0.012,28.0,0.42,808,4907.0
0.026,30.0,0.7,1151,5794.0
0.014,25.0,0.51,937,4777.0
0.025,24.0,0.51,876,4033.0
0.017,24.0,0.66,1152,5952.0
0.006,20.0,0.56,874,4333.0
0.029,23.0,0.6,1076,4451.0
0.01,26.0,0.69,912,4248.0
0.024,21.0,0.52,824,4791.0
0.026,20.0,0.58,1100,5842.0
0.027,25.0,0.51,1027,4996.0
0.012,24.0,0.44,1042,4765.0
0.021,29.0,0.65,1152,5125.0
0.009,28.0,0.64,960,5720.0
0.013,21.0,0.59,1029,5913.0
0.017,27.0,0.69,977,4435.0
0.011,24.0,0.68,961,4959.0
0.018,30.0,0.47,1008,5718.0
0.027,21.0,0.59,983,5169.0
0.028,25.0,0.56,956,4411.0
0.013,30.0,0.58,1137,5239.0
0.029,22.0,0.55,902,4722.0
0.007,28.0,0.44,937,5038.0
0.027,21.0,0.46,894,4935.0
0.029,21.0,0.62,1104,4943.0
0.025,21.0,0.42,935,4826.0
0.008,28.0,0.49,875,4962.0
0.025,29.0,0.69,953,4950.0
0.022,21.0,0.5,860,4920.0
0.01,26.0,0.42,996,4468.0
0.012,20.0,0.62,1162,4323.0
0.027,28.0,0.54,915,4199.0
0.026,23.0,0.5,940,5089.0
0.021,25.0,0.51,993,4123.0
0.007,29.0,0.51,1034,5292.0
0.008,20.0,0.53,860,4515.0
0.009,23.0,0.52,898,4224.0
0.029,23.0,0.6,1121,4191.0
0.009,28.0,0.52,841,4061.0
0.027,30.0,0.43,1159,4389.0
0.012,30.0,0.47,990,5131.0
0.02,26.0,0.68,990,4213.0
0.01,23.0,0.4,801,4639.0
0.01,29.0,0.46,1091,4825.0
0.029,24.0,0.56,1111,4188.0
0.023,27.0,0.4,889,5005.0
0.013,20.0,0.69,804,4602.0
0.028,25.0,0.49,1156,4862.0
0.015,23.0,0.48,1092,4343.0
0.017,20.0,0.54,1101,5757.0
0.028,26.0,0.5,841,5401.0
0.02,30.0,0.53,873,5302.0
0.011,28.0,0.55,1127,4561.0
0.012,23.0,0.57,1008,5861.0
0.026,23.0,0.44,948,5063.0
0.009,21.0,0.51,866,4662.0
0.016,27.0,0.56,1163,4530.0
0.017,23.0,0.68,927,5014.0
0.006,21.0,0.46,1155,4706.0
0.008,27.0,0.58,877,4354.0
0.028,30.0,0.48,918,5390.0
0.01,22.0,0.43,944,4590.0
0.012,21.0,0.49,813,5623.0
0.016,21.0,0.42,1161,4145.0
0.022,30.0,0.56,840,4062.0
0.018,22.0,0.62,988,5229.0
0.009,26.0,0.67,968,5840.0
0.006,22.0,0.56,1023,5375.0
0.015,20.0,0.54,849,4660.0
0.005,25.0,0.41,962,5977.0
0.03,22.0,0.64,1087,4892.0
0.014,27.0,0.59,999,4229.0
0.011,29.0,0.54,840,5317.0
0.03,27.0,0.63,868,5976.0
0.027,28.0,0.68,1183,5210.0
0.02,23.0,0.7,1169,4911.0
0.007,28.0,0.56,1051,4123.0
0.019,23.0,0.59,1050,5397.0
0.009,27.0,0.65,840,4604.0
0.028,26.0,0.58,1106,4894.0
0.013,22.0,0.44,1085,4667.0
0.011,28.0,0.64,991,5093.0
0.005,25.0,0.58,929,5258.0
0.02,26.0,0.43,1137,4184.0
0.03,29.0,0.57,1083,5128.0
0.015,22.0,0.64,1147,5134.0
0.026,25.0,0.48,1197,4258.0
0.007,21.0,0.43,1097,4497.0
0.018,26.0,0.65,1067,4853.0
0.017,26.0,0.53,1018,5252.0
0.009,22.0,0.61,914,5262.0
0.013,20.0,0.49,1011,4363.0
0.01,27.0,0.54,938,5989.0
0.023,23.0,0.66,996,4856.0
0.021,25.0,0.49,1098,5861.0
0.016,21.0,0.5,853,4075.0
0.026,21.0,0.44,909,4254.0
0.014,27.0,0.65,802,5182.0
0.028,29.0,0.43,984,4514.0
0.019,21.0,0.48,896,4351.0
0.023,20.0,0.69,1055,5485.0
0.028,25.0,0.47,1007,5836.0
0.009,20.0,0.66,887,5154.0
0.012,26.0,0.49,1161,5529.0
0.028,25.0,0.61,892,5708.0
0.024,21.0,0.45,953,4916.0
0.01,25.0,0.41,1088,5094.0
0.007,20.0,0.56,1064,4466.0
0.008,24.0,0.66,1192,5262.0
0.013,22.0,0.54,946,5009.0
0.019,28.0,0.43,873,5936.0
0.027,28.0,0.55,1176,4551.0
0.011,29.0,0.55,1027,4187.0
0.019,26.0,0.41,812,4714.0
0.01,27.0,0.45,837,5042.0
0.028,20.0,0.49,952,5834.0
0.024,20.0,0.58,983,5107.0
0.02,22.0,0.5,1088,4807.0
0.023,21.0,0.42,975,4284.0
0.009,26.0,0.59,1107,5659.0
0.013,26.0,0.63,1127,4512.0
0.016,26.0,0.5,925,5709.0
0.017,27.0,0.55,888,4394.0
0.01,28.0,0.67,1167,5007.0
0.006,22.0,0.6,962,5005.0
0.029,27.0,0.69,871,5643.0
0.029,27.0,0.53,880,4469.0
0.018,30.0,0.58,883,4677.0
0.024,24.0,0.4,1100,4658.0
0.029,27.0,0.44,834,5849.0
0.016,20.0,0.55,1200,4801.0
0.005,22.0,0.47,964,5778.0
0.009,27.0,0.57,941,4360.0
0.021,28.0,0.68,815,4479.0
0.027,22.0,0.43,1125,5369.0
0.027,27.0,0.4,919,5238.0
0.029,29.0,0.49,1031,5414.0
0.013,22.0,0.43,1007,4098.0
0.016,30.0,0.46,822,5237.0
0.029,29.0,0.62,1118,5244.0
0.012,25.0,0.59,1043,4132.0
0.007,29.0,0.63,1151,4005.0
0.006,27.0,0.41,829,5358.0
0.006,20.0,0.66,1000,5380.0
0.028,29.0,0.55,857,5408.0
0.014,29.0,0.7,804,4233.0
0.013,24.0,0.61,845,5289.0
0.029,21.0,0.64,800,5980.0
0.015,30.0,0.43,804,4616.0
0.029,25.0,0.67,1084,5703.0
0.025,27.0,0.43,1140,5280.0
0.023,28.0,0.55,997,4268.0
0.009,30.0,0.68,916,4254.0
0.016,28.0,0.65,1099,5108.0
0.022,24.0,0.69,1111,4223.0
0.016,29.0,0.63,838,5891.0
0.009,22.0,0.51,1130,4550.0
0.019,23.0,0.64,1059,4161.0
0.01,20.0,0.66,986,5924.0
0.021,26.0,0.44,868,5595.0
0.007,23.0,0.49,913,5314.0
0.021,21.0,0.56,977,5746.0
0.009,28.0,0.51,859,4155.0
0.008,28.0,0.42,1088,4862.0
0.025,20.0,0.54,1136,4279.0
0.03,21.0,0.48,1100,5933.0
0.023,30.0,0.5,1028,5256.0
0.017,26.0,0.63,1198,5521.0
0.028,25.0,0.6,1148,4725.0
0.022,23.0,0.69,1031,4948.0
0.015,28.0,0.67,1064,5126.0
0.024,22.0,0.65,1095,4807.0
0.012,23.0,0.7,962,4888.0
0.026,30.0,0.65,1047,4089.0
0.023,26.0,0.58,1089,5482.0
0.028,30.0,0.63,1179,5891.0
0.027,29.0,0.6,1166,5263.0
0.008,23.0,0.63,1005,4461.0
0.008,29.0,0.61,1174,5461.0
0.029,26.0,0.68,1199,4046.0
0.017,23.0,0.56,928,4642.0
0.016,22.0,0.6,810,5832.0
0.025,25.0,0.64,1118,4588.0
0.018,22.0,0.47,890,4525.0
0.025,24.0,0.65,1103,4239.0
0.012,24.0,0.65,863,5806.0
0.027,28.0,0.51,1010,5275.0
0.008,29.0,0.45,891,5747.0
0.026,22.0,0.58,1146,5657.0
0.015,26.0,0.5,835,4915.0
0.029,20.0,0.57,812,5748.0
0.013,21.0,0.58,1089,5018.0
0.007,27.0,0.46,848,4574.0
0.018,24.0,0.61,1156,5259.0
0.018,23.0,0.56,825,5067.0
0.006,29.0,0.68,1127,5252.0
0.019,24.0,0.45,1033,4478.0
0.014,26.0,0.57,955,4941.0
0.015,27.0,0.69,817,5032.0
0.007,26.0,0.51,1042,4127.0
0.015,26.0,0.54,962,5165.0
0.008,26.0,0.66,1137,4624.0
0.006,25.0,0.61,1065,5662.0
0.02,29.0,0.66,1197,4265.0
0.027,28.0,0.56,1157,5842.0
0.019,22.0,0.57,864,5547.0
0.018,23.0,0.47,897,5203.0
0.014,27.0,0.61,1161,5716.0
0.013,24.0,0.57,1025,5706.0
0.018,26.0,0.65,822,4609.0
0.025,28.0,0.48,941,4811.0
0.006,22.0,0.44,1103,4918.0
0.029,30.0,0.55,945,5340.0
0.014,30.0,0.61,810,5605.0
0.007,23.0,0.52,965,4706.0
0.025,24.0,0.61,1010,5699.0
0.015,22.0,0.63,1102,5726.0
0.014,22.0,0.69,1031,5865.0
0.009,24.0,0.56,891,5794.0
0.011,29.0,0.56,991,5499.0
0.029,23.0,0.64,980,4224.0
0.026,20.0,0.64,907,5809.0
0.021,21.0,0.57,1048,5617.0
0.015,24.0,0.69,1027,5118.0
0.013,20.0,0.58,1140,5036.0
0.017,29.0,0.66,1081,5825.0
0.03,22.0,0.41,817,5915.0
0.027,23.0,0.62,1048,5357.0
0.013,26.0,0.66,807,4092.0
0.018,21.0,0.66,919,5874.0
0.022,27.0,0.41,1000,4383.0
0.017,25.0,0.6,1015,4283.0
0.017,22.0,0.57,842,5130.0
0.027,24.0,0.54,1066,4956.0
0.021,26.0,0.68,1080,5737.0
0.017,24.0,0.43,1007,4873.0
0.018,26.0,0.59,1186,5619.0
0.03,28.0,0.41,864,4015.0
0.007,25.0,0.52,863,4255.0
0.029,21.0,0.57,869,4847.0
0.025,22.0,0.68,1066,4253.0
0.021,27.0,0.51,1019,5742.0
0.027,25.0,0.41,861,5824.0
0.009,26.0,0.51,1142,4773.0
0.008,23.0,0.45,1005,5942.0
0.023,21.0,0.62,898,5211.0
0.015,23.0,0.62,907,4665.0
0.022,29.0,0.7,1158,4729.0
0.022,28.0,0.51,1014,4362.0
0.006,25.0,0.4,877,4969.0
0.027,23.0,0.63,973,4559.0
0.006,24.0,0.56,1138,5380.0
0.012,27.0,0.52,926,4876.0
0.01,24.0,0.51,1083,4163.0
0.027,26.0,0.69,1125,4087.0
0.026,27.0,0.62,1189,5520.0
0.022,26.0,0.48,900,5438.0
0.027,30.0,0.52,847,4309.0
0.028,30.0,0.6,1162,5607.0
0.027,24.0,0.56,904,5243.0
0.03,25.0,0.62,925,5846.0
0.023,28.0,0.54,936,5146.0
0.029,22.0,0.55,920,5488.0
0.028,25.0,0.66,1091,4288.0
0.018,27.0,0.7,1015,5442.0
0.023,23.0,0.6,1090,5772.0
0.016,21.0,0.43,956,4359.0
0.013,20.0,0.49,891,5062.0
0.02,26.0,0.67,838,4387.0
0.024,21.0,0.6,884,5899.0
0.017,29.0,0.45,929,4528.0
0.012,30.0,0.52,825,5806.0
0.019,27.0,0.53,1103,5055.0
0.012,30.0,0.66,1134,4965.0
0.023,27.0,0.5,1143,4145.0
0.026,24.0,0.5,942,5540.0
0.02,30.0,0.65,846,4462.0
0.009,27.0,0.64,1015,5315.0
0.021,26.0,0.66,942,4646.0
0.02,22.0,0.48,878,4921.0
0.022,21.0,0.54,1078,5525.0
0.028,23.0,0.55,850,4434.0
0.011,27.0,0.57,827,4307.0
0.03,26.0,0.57,966,4488.0
0.006,21.0,0.65,1012,4409.0
0.016,21.0,0.41,828,4854.0
0.007,22.0,0.46,900,4487.0
0.028,25.0,0.6,842,5515.0
0.024,23.0,0.59,850,4901.0
0.021,30.0,0.65,981,4238.0
0.02,23.0,0.56,1037,5174.0
0.019,26.0,0.48,896,4525.0
0.028,29.0,0.43,1019,5481.0
0.02,30.0,0.6,985,4124.0
0.021,30.0,0.56,1187,5855.0
0.01,23.0,0.54,960,4587.0
0.013,22.0,0.61,962,4699.0
0.014,26.0,0.43,909,5604.0
0.011,21.0,0.65,920,4822.0
0.017,28.0,0.6,932,5790.0
0.02,20.0,0.57,909,5998.0
0.026,24.0,0.47,1031,4791.0
0.007,21.0,0.65,954,5171.0
0.028,29.0,0.68,1054,4531.0
0.01,22.0,0.68,989,4175.0
0.011,27.0,0.6,1020,5335.0
0.026,28.0,0.66,850,5552.0
0.023,23.0,0.63,1129,4997.0
0.024,30.0,0.47,975,5916.0
0.027,25.0,0.44,1178,5862.0
0.03,30.0,0.45,1035,5966.0
0.011,29.0,0.63,1146,5621.0
0.012,23.0,0.48,1165,4790.0
0.023,24.0,0.56,1168,4813.0
0.007,29.0,0.68,1148,5105.0
0.029,23.0,0.63,1013,4518.0
0.013,26.0,0.47,821,4251.0
0.011,24.0,0.42,1179,5667.0
0.007,22.0,0.64,1101,4481.0
0.01,22.0,0.62,909,4035.0
0.015,30.0,0.42,975,4582.0
0.023,29.0,0.53,901,5152.0
0.011,28.0,0.45,1050,5617.0
0.015,26.0,0.66,817,5566.0
0.019,24.0,0.65,920,5661.0
0.026,23.0,0.63,988,4309.0
0.026,24.0,0.54,867,5677.0
0.023,25.0,0.56,866,4816.0
0.014,23.0,0.51,1039,4961.0
0.016,29.0,0.59,1200,4815.0
0.027,29.0,0.47,852,5470.0
0.01,26.0,0.46,897,5410.0
0.028,22.0,0.4,966,4172.0
0.005,21.0,0.41,972,4277.0
0.023,26.0,0.43,1130,4851.0
0.01,27.0,0.52,937,5276.0
0.011,23.0,0.7,843,4130.0
0.016,25.0,0.5,1106,4854.0
0.03,23.0,0.47,1155,4943.0
0.021,29.0,0.55,1037,5479.0
0.019,29.0,0.58,1189,5897.0
0.026,26.0,0.57,881,4310.0
0.016,26.0,0.56,895,5249.0
0.006,24.0,0.56,802,4233.0
0.021,30.0,0.57,1049,5159.0
0.023,27.0,0.45,853,5603.0
0.025,22.0,0.44,1093,5095.0
0.022,23.0,0.41,834,5300.0
0.022,22.0,0.65,808,5986.0
0.022,28.0,0.59,997,5923.0
0.007,21.0,0.45,864,4286.0
0.027,22.0,0.42,1175,4745.0
0.022,23.0,0.66,1069,5067.0
0.016,28.0,0.43,1119,4342.0
0.012,24.0,0.58,875,4699.0
0.016,22.0,0.47,1019,4926.0
0.024,21.0,0.45,855,4850.0
0.027,24.0,0.47,806,4224.0
0.026,30.0,0.57,918,4847.0
0.022,25.0,0.44,828,5048.0
0.025,24.0,0.5,1060,4174.0
0.018,25.0,0.4,1135,5934.0
0.01,29.0,0.58,988,4267.0
0.014,30.0,0.66,1021,5341.0
0.005,24.0,0.64,1033,5895.0
0.013,28.0,0.67,1165,5628.0
0.01,30.0,0.54,908,4482.0
0.006,26.0,0.53,1127,4026.0
0.016,26.0,0.56,1152,4016.0
0.02,25.0,0.48,1056,4923.0
0.02,25.0,0.46,810,4274.0
0.026,25.0,0.62,943,5393.0
0.027,22.0,0.7,1117,5547.0
0.005,24.0,0.7,1153,4352.0
0.022,23.0,0.46,948,5063.0
0.005,27.0,0.56,1175,4247.0
0.017,20.0,0.64,946,5546.0
0.028,30.0,0.64,1063,4041.0
0.024,29.0,0.62,991,4913.0
0.016,20.0,0.62,863,4945.0
0.008,23.0,0.59,995,5541.0
0.023,30.0,0.44,898,4468.0
0.023,22.0,0.44,1045,4709.0
0.009,30.0,0.44,1050,4288.0
0.028,24.0,0.42,959,5087.0
0.023,26.0,0.55,840,5139.0
0.007,20.0,0.56,972,4815.0
0.012,22.0,0.53,1008,5952.0
0.024,21.0,0.63,1043,5493.0
0.017,23.0,0.64,862,4974.0
0.02,21.0,0.57,816,5335.0
0.022,22.0,0.7,938,4756.0
0.009,23.0,0.44,952,5033.0
0.021,23.0,0.59,1070,4622.0
0.022,24.0,0.49,1133,4467.0
0.025,26.0,0.67,822,4401.0
0.021,30.0,0.54,842,4143.0
0.01,30.0,0.59,888,4898.0
0.025,29.0,0.7,885,5255.0
0.016,28.0,0.62,852,4028.0
0.026,25.0,0.64,825,5820.0
0.022,30.0,0.51,974,4566.0
0.021,24.0,0.51,977,5457.0
0.006,21.0,0.47,941,5800.0
0.018,23.0,0.53,984,4521.0
0.025,24.0,0.63,1108,5424.0
0.012,21.0,0.46,1048,4790.0
0.015,24.0,0.48,1171,5021.0
0.014,21.0,0.6,1193,5618.0
0.028,30.0,0.53,803,4644.0
0.019,21.0,0.41,1185,4395.0
0.01,29.0,0.48,873,5402.0
0.011,20.0,0.69,817,4155.0
0.024,26.0,0.58,873,4268.0
0.009,23.0,0.61,1037,4931.0
0.01,20.0,0.46,960,5754.0
0.027,29.0,0.48,857,5048.0
0.018,26.0,0.68,1047,5438.0
0.029,23.0,0.53,941,4991.0
0.022,27.0,0.53,988,5629.0
0.028,23.0,0.66,946,4755.0
0.008,22.0,0.69,1165,4872.0
0.012,24.0,0.7,1120,4346.0
0.02,25.0,0.44,927,5132.0
0.01,20.0,0.4,931,4683.0
0.019,23.0,0.52,878,4405.0
0.017,29.0,0.7,1124,4037.0
0.011,30.0,0.45,1186,4375.0
0.013,29.0,0.62,961,5120.0
0.012,23.0,0.53,1041,4761.0
0.006,27.0,0.47,976,4685.0
0.023,23.0,0.52,899,4531.0
0.029,28.0,0.41,1087,4729.0
0.012,22.0,0.63,982,4676.0
0.029,25.0,0.46,1078,4194.0
0.022,23.0,0.59,1156,5556.0
0.012,30.0,0.63,1079,4650.0
0.018,20.0,0.56,851,4831.0
0.016,26.0,0.65,881,5169.0
0.018,22.0,0.48,1120,4479.0
0.017,21.0,0.66,922,4781.0
0.017,22.0,0.5,943,4016.0
0.009,22.0,0.47,1161,4925.0
0.021,24.0,0.56,929,5232.0
0.021,29.0,0.56,1031,4734.0
0.007,27.0,0.65,805,4099.0
0.027,26.0,0.66,1150,4868.0
0.015,29.0,0.57,924,5255.0
0.024,23.0,0.47,1189,4040.0
0.017,24.0,0.56,919,4810.0
0.015,25.0,0.52,1054,5498.0
0.021,26.0,0.61,1103,4076.0
0.017,21.0,0.59,1018,4798.0
0.03,20.0,0.56,1188,5991.0
0.023,20.0,0.6,1004,5008.0
0.022,22.0,0.56,1134,5279.0
0.006,30.0,0.44,1075,5021.0
0.017,23.0,0.69,1047,4202.0
0.019,20.0,0.41,902,5727.0
0.012,20.0,0.56,1084,5697.0
0.023,23.0,0.58,1117,5400.0
0.017,22.0,0.4,1045,4999.0
0.029,24.0,0.65,896,5555.0
0.025,26.0,0.6,852,5238.0
0.009,30.0,0.57,1043,5723.0
0.018,24.0,0.48,1183,4825.0
0.023,22.0,0.69,1119,4659.0
0.014,30.0,0.43,867,5323.0
0.017,27.0,0.62,888,5752.0
0.017,20.0,0.67,1069,4302.0
0.024,28.0,0.51,912,5248.0
0.029,23.0,0.58,812,4959.0
0.026,24.0,0.56,825,5385.0
0.017,23.0,0.6,1091,5381.0
0.027,25.0,0.46,1042,5024.0
0.018,27.0,0.63,1174,5383.0
0.023,29.0,0.7,1134,5418.0
0.018,21.0,0.49,933,5316.0
0.016,20.0,0.47,1192,5586.0
0.015,25.0,0.52,1156,5655.0
0.024,28.0,0.46,1065,4212.0
0.013,26.0,0.6,1071,4332.0
0.017,23.0,0.61,1001,5713.0
0.024,25.0,0.65,1050,5955.0
0.022,20.0,0.44,802,5789.0
0.009,25.0,0.7,1185,4576.0
0.026,22.0,0.67,1095,5683.0
0.006,20.0,0.7,1152,4951.0
0.02,27.0,0.49,981,4333.0
0.024,25.0,0.47,900,4496.0
0.028,24.0,0.46,1081,4939.0
0.009,28.0,0.63,911,5439.0
0.022,20.0,0.5,863,5028.0
0.014,26.0,0.6,900,5330.0
0.017,24.0,0.47,818,5109.0
0.017,24.0,0.63,812,4123.0
0.014,20.0,0.46,876,4551.0
0.028,29.0,0.46,935,5100.0
0.025,25.0,0.43,937,4947.0
0.015,27.0,0.52,1198,4194.0
0.024,26.0,0.64,895,5664.0
0.014,20.0,0.43,1091,5336.0
0.013,20.0,0.42,802,4900.0
0.017,24.0,0.53,1132,4319.0
0.02,25.0,0.42,1010,5256.0
0.012,25.0,0.57,1185,4515.0
0.025,30.0,0.58,1094,4478.0
0.008,23.0,0.65,1012,4436.0
0.014,29.0,0.7,982,4401.0
0.025,30.0,0.4,982,4533.0
0.028,29.0,0.51,941,4921.0
0.014,24.0,0.54,840,4514.0
0.026,22.0,0.48,1139,4897.0
0.028,26.0,0.55,851,4571.0
0.009,23.0,0.61,1198,5755.0
0.026,20.0,0.41,1112,5075.0
0.017,22.0,0.48,1044,5994.0
0.03,28.0,0.62,907,4939.0
0.025,29.0,0.56,905,4658.0
0.013,24.0,0.47,870,5822.0
0.023,29.0,0.61,815,4813.0
0.016,30.0,0.7,841,5968.0
0.017,29.0,0.43,1200,5258.0
0.021,21.0,0.4,1004,4683.0
0.006,28.0,0.49,1022,5354.0
0.011,21.0,0.48,1051,4448.0
0.021,24.0,0.54,1200,5338.0
0.019,20.0,0.68,860,5390.0
0.009,20.0,0.48,1185,4959.0
0.012,27.0,0.53,1137,4929.0
0.006,29.0,0.66,852,5435.0
0.008,22.0,0.62,909,5244.0
0.027,22.0,0.49,879,5233.0
0.02,30.0,0.5,995,5983.0
0.02,27.0,0.62,847,5116.0
0.022,27.0,0.7,1194,4342.0
0.026,21.0,0.66,948,5079.0
0.012,20.0,0.54,1122,4361.0
0.025,20.0,0.46,882,5981.0
0.024,21.0,0.42,1055,4182.0
0.023,23.0,0.59,1000,5794.0
0.022,22.0,0.5,903,5573.0
0.008,29.0,0.4,890,5127.0
0.014,28.0,0.62,1131,4635.0
0.022,22.0,0.62,1160,5802.0
0.03,29.0,0.62,853,4615.0
0.029,21.0,0.42,1015,4411.0
0.019,22.0,0.64,1028,5823.0
0.008,30.0,0.59,1017,4287.0
0.019,30.0,0.43,1018,5203.0
0.007,23.0,0.57,848,5984.0
0.012,24.0,0.47,971,5901.0
0.026,26.0,0.42,806,4994.0
0.007,20.0,0.59,1110,5273.0
0.007,27.0,0.52,1194,4373.0
0.016,21.0,0.52,1101,4819.0
0.007,26.0,0.53,1170,4316.0
0.025,21.0,0.44,857,5445.0
0.022,25.0,0.42,1033,4882.0
0.026,26.0,0.66,814,4775.0
0.015,23.0,0.59,856,5198.0
0.019,24.0,0.59,1162,4384.0
0.013,20.0,0.63,854,5768.0
0.023,20.0,0.62,880,5188.0
0.03,22.0,0.57,1093,4771.0
0.02,20.0,0.45,881,5629.0
0.008,30.0,0.6,1165,4907.0
0.024,23.0,0.46,1179,5648.0
0.028,24.0,0.57,1167,5382.0
0.01,21.0,0.66,1073,5424.0
0.016,30.0,0.57,1028,4380.0
0.023,30.0,0.67,1006,4393.0
0.017,21.0,0.68,933,4503.0
0.007,26.0,0.63,1132,4798.0
0.02,24.0,0.49,935,4560.0
0.02,22.0,0.58,1053,4432.0
0.013,30.0,0.6,1132,4298.0
0.021,26.0,0.7,833,4361.0
0.013,22.0,0.62,1173,4848.0
0.01,21.0,0.64,806,4278.0
0.01,24.0,0.46,904,4242.0
0.013,30.0,0.61,972,5179.0
0.023,26.0,0.63,1158,5073.0
0.023,29.0,0.66,1115,4937.0
0.009,21.0,0.66,1050,5610.0
0.027,26.0,0.56,1161,5044.0
0.024,20.0,0.47,1177,4361.0
0.014,28.0,0.51,833,5225.0
0.013,28.0,0.55,1019,5529.0
0.014,21.0,0.46,1002,5491.0
0.021,20.0,0.44,1176,5036.0
0.022,25.0,0.51,1034,4573.0
0.017,21.0,0.65,849,5595.0
0.006,22.0,0.43,810,4056.0
0.018,29.0,0.7,1111,5519.0
0.026,21.0,0.47,857,4292.0
0.025,25.0,0.48,803,4832.0
0.017,24.0,0.41,841,4184.0
0.023,23.0,0.58,1083,5381.0
0.015,26.0,0.64,1116,4485.0
0.016,28.0,0.58,1035,4391.0
0.01,22.0,0.6,922,4203.0
0.027,26.0,0.41,807,5678.0
0.013,20.0,0.69,1139,4446.0
0.015,25.0,0.65,829,5803.0
0.016,21.0,0.69,941,5207.0
0.018,29.0,0.46,803,4933.0
0.006,29.0,0.69,1010,5396.0
0.007,26.0,0.46,849,5112.0
0.016,25.0,0.41,1016,4597.0
0.021,29.0,0.6,1088,5905.0
0.014,25.0,0.52,908,5092.0
0.008,21.0,0.69,1147,4437.0
0.024,30.0,0.64,1065,5249.0
0.028,20.0,0.4,1195,4232.0
0.018,24.0,0.54,889,5931.0
0.01,28.0,0.45,900,4389.0
0.011,25.0,0.46,1078,4179.0
0.014,22.0,0.63,900,5039.0
0.025,20.0,0.55,822,5339.0
0.01,22.0,0.59,1143,5083.0
0.011,27.0,0.53,987,4664.0
0.007,30.0,0.46,1056,4588.0
0.029,23.0,0.69,807,5907.0
0.027,26.0,0.57,872,4553.0
0.007,20.0,0.57,868,5701.0
0.005,20.0,0.47,1169,4748.0
0.014,26.0,0.44,1187,4163.0
0.023,30.0,0.62,1130,5048.0
0.009,23.0,0.63,1076,4583.0
0.013,27.0,0.63,915,5890.0
0.017,26.0,0.44,1004,5665.0
0.029,23.0,0.64,1061,5038.0
0.008,23.0,0.47,926,4000.0
0.016,27.0,0.67,1189,4227.0
0.026,26.0,0.41,999,5706.0
0.025,25.0,0.57,991,4208.0
0.008,21.0,0.49,983,4886.0
0.021,22.0,0.46,1112,5766.0
0.028,23.0,0.47,1072,4618.0
0.006,20.0,0.55,824,5327.0
0.027,25.0,0.47,965,4774.0
0.006,22.0,0.56,1147,4656.0
0.016,25.0,0.49,1103,4317.0
0.019,30.0,0.62,843,5862.0
0.019,20.0,0.56,1107,4175.0
0.026,23.0,0.62,879,4955.0
0.028,23.0,0.64,1161,4216.0
0.029,30.0,0.54,867,5244.0
0.014,30.0,0.48,1100,5344.0
0.03,25.0,0.48,810,5997.0
0.018,21.0,0.45,1043,4418.0
0.028,20.0,0.65,932,4655.0
0.007,26.0,0.6,1040,5782.0
0.007,22.0,0.62,1073,4578.0
0.025,22.0,0.41,988,5775.0
0.019,29.0,0.61,1179,5797.0
0.024,26.0,0.67,1057,4011.0
0.023,20.0,0.53,1200,4601.0
0.018,30.0,0.53,828,4226.0
0.028,22.0,0.68,920,5789.0
0.011,25.0,0.48,834,5732.0
0.009,28.0,0.55,1164,5716.0
0.008,22.0,0.59,874,4738.0
0.027,26.0,0.52,1125,5450.0
0.014,29.0,0.65,1088,5056.0
0.023,29.0,0.67,1053,4472.0
0.013,22.0,0.68,1110,5164.0
0.009,21.0,0.58,868,4249.0
0.027,27.0,0.52,1090,5953.0
0.012,30.0,0.69,868,4120.0
0.013,24.0,0.56,1053,4801.0
0.018,25.0,0.62,1180,4333.0
0.007,25.0,0.49,821,5001.0
0.006,23.0,0.52,1174,5539.0
0.007,30.0,0.69,930,5300.0
0.024,21.0,0.53,888,4554.0
0.027,29.0,0.45,1140,5540.0
0.005,24.0,0.66,959,5064.0
0.012,30.0,0.45,925,4032.0
0.011,29.0,0.41,1188,5059.0
0.015,24.0,0.6,1081,5441.0
0.008,25.0,0.64,870,5503.0
0.012,21.0,0.4,955,5609.0
0.011,30.0,0.65,830,5360.0
0.008,25.0,0.57,999,5032.0
0.027,23.0,0.51,1104,4020.0
0.007,23.0,0.68,1074,5622.0
0.008,30.0,0.55,868,5407.0
0.02,24.0,0.69,1188,5467.0
0.025,29.0,0.41,1022,4562.0
0.026,29.0,0.61,1040,5257.0
0.011,28.0,0.66,942,5693.0
0.007,25.0,0.49,1174,4338.0
0.008,28.0,0.46,816,4619.0
0.017,27.0,0.41,1145,4080.0
0.005,26.0,0.68,1027,4227.0
0.005,28.0,0.62,1192,5340.0
0.019,20.0,0.47,1066,4267.0
0.03,30.0,0.41,904,5034.0
0.022,27.0,0.65,844,4078.0
0.006,21.0,0.59,891,5468.0
0.013,23.0,0.64,878,4051.0
0.015,27.0,0.51,874,5590.0
0.021,22.0,0.43,970,5750.0
0.024,30.0,0.4,931,5819.0
0.021,28.0,0.4,1146,5507.0
0.018,29.0,0.67,841,5875.0
0.026,20.0,0.69,1009,4035.0
0.018,22.0,0.65,876,5818.0
0.026,20.0,0.69,903,4884.0
0.029,22.0,0.69,1036,5800.0
0.026,25.0,0.56,965,5606.0
0.026,29.0,0.62,1092,5265.0
0.015,25.0,0.64,1175,5543.0
0.014,27.0,0.54,1181,5236.0
0.03,20.0,0.68,848,5171.0
0.029,24.0,0.45,812,5864.0
0.022,21.0,0.41,849,5526.0
0.014,23.0,0.57,914,4783.0
0.017,23.0,0.42,1071,5921.0
0.012,22.0,0.65,934,5518.0
0.029,22.0,0.54,1057,4409.0
0.017,24.0,0.7,1018,4509.0
0.026,24.0,0.51,1029,4419.0
0.01,22.0,0.59,1088,4466.0
0.016,23.0,0.44,803,5961.0
0.018,20.0,0.63,919,4673.0
0.013,25.0,0.58,986,5540.0
0.014,28.0,0.65,917,4277.0
0.014,30.0,0.66,970,5966.0
0.006,27.0,0.48,1070,5612.0
0.025,20.0,0.68,842,4893.0
0.026,26.0,0.59,932,5601.0
0.019,24.0,0.66,943,4969.0
0.018,29.0,0.47,1045,5357.0
0.012,20.0,0.65,936,4195.0
0.028,27.0,0.57,1114,5630.0
0.007,23.0,0.65,1153,4174.0
0.028,25.0,0.5,1117,5229.0
0.025,28.0,0.65,897,4393.0
0.022,22.0,0.42,1174,5842.0
0.017,28.0,0.7,838,5226.0
0.019,21.0,0.7,1019,5788.0
0.026,20.0,0.61,1023,5701.0
0.006,25.0,0.59,1049,5593.0
0.029,26.0,0.42,1012,5444.0
0.023,26.0,0.53,938,4416.0
0.023,27.0,0.7,1036,4564.0
0.029,24.0,0.69,835,5296.0
0.01,24.0,0.67,888,5887.0
0.019,20.0,0.55,950,4396.0
0.007,28.0,0.57,998,4153.0
0.025,30.0,0.58,988,4119.0
0.01,23.0,0.68,839,4068.0
0.024,23.0,0.47,1148,4191.0
0.025,24.0,0.52,824,4995.0
0.02,26.0,0.52,1045,4459.0
0.023,23.0,0.61,971,4045.0
0.006,20.0,0.41,949,5234.0
0.029,26.0,0.41,1001,5072.0
0.027,30.0,0.54,993,4215.0
0.021,29.0,0.53,995,5653.0
0.008,21.0,0.4,934,5987.0
0.01,29.0,0.69,950,4253.0
0.022,29.0,0.49,900,5190.0
0.022,28.0,0.45,943,5749.0
0.012,29.0,0.54,852,5518.0
0.006,27.0,0.55,1089,5536.0
0.027,27.0,0.46,811,5371.0
0.007,20.0,0.53,1038,5441.0
0.013,24.0,0.57,851,4966.0
0.009,24.0,0.59,1136,4063.0
0.02,26.0,0.67,1152,4410.0
0.022,26.0,0.66,1155,5179.0
0.017,23.0,0.44,1101,4366.0
0.005,21.0,0.65,1007,4089.0
0.027,29.0,0.61,840,5082.0
0.014,28.0,0.5,1112,4860.0
0.007,30.0,0.44,1029,4767.0
0.025,28.0,0.52,922,5978.0
0.023,25.0,0.55,1118,5105.0
0.025,28.0,0.57,1029,5914.0
0.008,26.0,0.43,1061,4630.0
0.026,25.0,0.69,803,5811.0
0.019,20.0,0.6,908,4904.0
0.02,20.0,0.42,1171,4566.0
0.007,26.0,0.67,842,5269.0
0.026,21.0,0.58,976,5422.0
0.019,20.0,0.65,909,4453.0
0.019,20.0,0.6,1093,4353.0
0.024,29.0,0.42,844,5808.0
0.022,29.0,0.42,1162,4015.0
0.024,21.0,0.48,883,5362.0
0.014,28.0,0.44,1177,5064.0
0.007,25.0,0.49,965,5504.0
0.017,28.0,0.55,838,4896.0
0.026,28.0,0.46,1025,4918.0
0.025,29.0,0.61,1178,4838.0
0.015,23.0,0.62,1190,4359.0
0.028,26.0,0.66,1161,4188.0
0.006,28.0,0.68,837,5994.0
0.011,25.0,0.42,912,5659.0
0.006,27.0,0.56,1061,5224.0
0.008,29.0,0.52,918,5357.0
0.019,27.0,0.65,851,5643.0
0.016,21.0,0.67,962,4138.0
0.006,21.0,0.53,819,4380.0
0.028,30.0,0.5,860,5226.0
0.017,26.0,0.4,1110,4395.0
0.017,26.0,0.61,1016,4213.0
0.027,26.0,0.4,973,4734.0
0.01,28.0,0.66,1015,5759.0
0.029,23.0,0.55,835,5258.0
0.011,30.0,0.41,919,5376.0
0.01,29.0,0.63,960,5070.0
0.007,25.0,0.68,842,4667.0
0.017,28.0,0.43,1034,5212.0
0.01,23.0,0.64,1145,5811.0
0.009,28.0,0.59,809,4989.0
0.025,20.0,0.67,955,5913.0
0.007,24.0,0.68,928,5362.0
0.024,25.0,0.59,877,4127.0
0.029,25.0,0.41,932,5486.0
0.019,27.0,0.57,1170,4216.0
0.017,29.0,0.63,1088,4278.0
0.008,24.0,0.49,1172,4624.0
0.019,22.0,0.59,883,4863.0
0.01,27.0,0.58,1036,4436.0
0.027,29.0,0.51,1108,4061.0
0.008,29.0,0.61,991,4362.0
0.026,24.0,0.47,1192,5246.0
0.03,29.0,0.59,952,4156.0
0.024,24.0,0.4,1009,5296.0
0.006,26.0,0.44,1172,5611.0
0.013,21.0,0.66,949,5282.0
0.013,21.0,0.7,1127,5869.0
0.016,23.0,0.44,1155,5744.0
0.02,25.0,0.47,1069,4511.0
0.016,21.0,0.47,1163,4259.0
0.008,20.0,0.69,1054,5462.0
0.024,25.0,0.56,816,5662.0
0.023,22.0,0.45,1034,5888.0
0.008,29.0,0.52,1056,4548.0
0.01,30.0,0.63,1034,5427.0
0.021,26.0,0.7,933,5516.0
0.016,21.0,0.43,1142,4832.0
0.028,22.0,0.4,858,4371.0
0.021,30.0,0.59,1078,5160.0
0.008,20.0,0.4,959,5949.0
0.012,30.0,0.59,949,4503.0
0.011,26.0,0.7,1165,4099.0
0.005,27.0,0.5,938,4308.0
0.017,20.0,0.55,808,5456.0
0.015,27.0,0.63,1023,4403.0
0.019,29.0,0.6,941,4464.0
0.024,24.0,0.46,828,4838.0
0.01,25.0,0.49,1079,5110.0
0.013,22.0,0.51,1102,5451.0
0.027,27.0,0.63,884,5741.0
0.018,26.0,0.5,871,5049.0
0.02,25.0,0.62,928,5816.0
0.012,26.0,0.57,813,5156.0
0.03,28.0,0.67,929,4124.0
0.015,22.0,0.44,1039,5918.0
0.006,26.0,0.52,1119,4212.0
0.018,21.0,0.43,1097,4129.0
0.006,24.0,0.58,824,4701.0
0.028,29.0,0.41,1062,5993.0
0.028,25.0,0.41,1070,5854.0
0.029,27.0,0.61,945,5565.0
0.018,26.0,0.57,868,5167.0
0.014,28.0,0.61,869,5963.0
0.008,25.0,0.63,1126,4765.0
0.012,21.0,0.4,999,5294.0
0.017,22.0,0.45,957,5421.0
0.019,28.0,0.56,1181,5558.0
0.007,28.0,0.6,960,5375.0
0.013,23.0,0.58,1161,5257.0
0.015,26.0,0.64,811,5621.0
0.017,29.0,0.63,860,4871.0
0.027,22.0,0.7,824,4808.0
0.028,23.0,0.56,821,5296.0
0.011,26.0,0.63,957,4292.0
0.018,30.0,0.54,1174,5180.0
0.024,30.0,0.4,906,5304.0
0.025,23.0,0.46,984,5646.0
0.027,25.0,0.7,1093,4493.0
0.007,22.0,0.42,1167,4949.0
0.008,25.0,0.53,853,4850.0
0.023,28.0,0.48,1057,5750.0
0.01,29.0,0.7,1060,4069.0
0.014,20.0,0.7,865,5452.0
0.008,20.0,0.57,1153,5073.0
0.01,23.0,0.62,1017,4166.0
0.018,26.0,0.68,998,4752.0
0.022,26.0,0.51,979,4702.0
0.015,26.0,0.62,850,5422.0
0.017,30.0,0.67,937,5466.0
0.019,27.0,0.45,1064,5241.0
0.009,20.0,0.52,1173,5504.0
0.013,25.0,0.54,1188,4178.0
0.01,21.0,0.55,903,5073.0
0.022,25.0,0.61,812,5093.0
0.015,22.0,0.58,1160,4598.0
0.008,28.0,0.67,1031,4945.0
0.012,29.0,0.68,1174,5028.0
0.023,30.0,0.53,1027,4947.0
0.018,24.0,0.56,896,5877.0
0.021,25.0,0.47,1135,4428.0
0.024,27.0,0.49,1050,4391.0
0.012,20.0,0.56,1050,4118.0
0.029,20.0,0.42,1005,4967.0
0.026,21.0,0.7,894,5926.0
0.02,21.0,0.6,1021,4771.0
0.021,21.0,0.49,892,4523.0
0.02,21.0,0.7,1033,5670.0
0.021,27.0,0.53,839,4634.0
0.009,26.0,0.51,1149,5564.0
0.012,29.0,0.54,1044,5951.0
0.014,24.0,0.56,864,5695.0
0.018,26.0,0.67,1167,4761.0
0.018,25.0,0.58,1102,5270.0
0.012,21.0,0.46,1086,4798.0
0.019,23.0,0.47,946,5486.0
0.029,22.0,0.66,938,5381.0
0.013,26.0,0.62,1000,4476.0
0.023,21.0,0.58,973,4626.0
0.009,30.0,0.69,957,5642.0
0.012,23.0,0.45,876,4662.0
0.027,25.0,0.58,1182,4898.0
0.011,24.0,0.69,1142,5532.0
0.006,27.0,0.68,1126,5804.0
0.008,30.0,0.46,1163,5590.0
0.02,24.0,0.43,1030,5512.0
0.03,20.0,0.46,1164,5193.0
0.025,20.0,0.42,1185,5909.0
0.019,28.0,0.41,904,4438.0
0.024,30.0,0.55,1108,4343.0
0.022,20.0,0.42,800,5177.0
0.019,27.0,0.68,1199,4644.0
0.005,20.0,0.66,900,5104.0
0.026,21.0,0.42,1040,5231.0
0.009,30.0,0.45,1053,5456.0
0.024,20.0,0.67,1173,4795.0
0.022,21.0,0.55,990,5387.0
0.012,29.0,0.68,952,4420.0
0.028,22.0,0.56,941,4698.0
0.025,30.0,0.56,838,5615.0
0.015,23.0,0.46,890,4856.0
0.021,29.0,0.57,974,5033.0
0.006,28.0,0.52,851,5380.0
0.014,29.0,0.62,1054,4520.0
0.018,30.0,0.4,895,5776.0
0.013,25.0,0.55,1166,5574.0
0.02,26.0,0.45,1008,5770.0
0.021,30.0,0.62,835,5028.0
0.018,29.0,0.42,987,4760.0
0.006,24.0,0.62,1158,4357.0
0.014,28.0,0.59,1121,5305.0
0.017,20.0,0.44,824,4107.0
0.029,25.0,0.64,1100,5576.0
0.024,26.0,0.56,864,5086.0
0.02,30.0,0.66,881,5099.0
0.02,20.0,0.55,1096,5678.0
0.018,28.0,0.53,1095,4298.0
0.008,24.0,0.5,941,4686.0
0.017,24.0,0.52,1044,5098.0
0.02,20.0,0.7,820,5140.0
0.011,25.0,0.67,891,4462.0
0.017,24.0,0.64,1073,4597.0
0.013,29.0,0.7,1141,5796.0
0.027,24.0,0.57,810,4541.0
0.015,28.0,0.52,1028,4374.0
0.007,30.0,0.41,985,5726.0
0.008,24.0,0.53,842,5134.0
0.026,23.0,0.49,874,5479.0
0.024,26.0,0.58,849,5518.0
0.019,30.0,0.45,967,5953.0
0.022,20.0,0.44,936,5198.0
0.02,22.0,0.64,805,5993.0
0.028,21.0,0.58,816,5384.0
0.024,22.0,0.41,1050,4308.0
0.012,26.0,0.6,816,5366.0
0.011,28.0,0.43,1150,5489.0
0.015,27.0,0.41,825,4784.0
0.015,23.0,0.69,1142,4705.0
0.008,27.0,0.45,996,4475.0
0.015,29.0,0.46,868,4403.0
0.015,30.0,0.58,986,4327.0
0.011,23.0,0.64,1170,5863.0
0.006,26.0,0.45,1031,4462.0
0.026,23.0,0.58,1051,4301.0
0.022,27.0,0.64,907,5346.0
0.016,27.0,0.52,809,5478.0
0.018,26.0,0.48,1195,4002.0
0.006,22.0,0.44,939,4528.0
0.017,21.0,0.55,1196,4203.0
0.025,28.0,0.56,1020,5819.0
0.029,25.0,0.47,1152,5207.0
0.021,30.0,0.46,1178,4353.0
0.009,21.0,0.48,1140,5473.0
0.028,27.0,0.69,1021,5628.0
0.012,22.0,0.66,1188,5249.0
0.011,23.0,0.62,845,5046.0
0.015,30.0,0.6,1165,4599.0
0.006,26.0,0.61,1045,5935.0
0.01,27.0,0.44,1047,5276.0
0.03,25.0,0.7,1116,4344.0
0.018,27.0,0.69,1029,5737.0
0.006,27.0,0.56,1095,5097.0
0.027,25.0,0.41,808,5196.0
0.024,24.0,0.48,1001,4281.0
0.01,20.0,0.43,833,5775.0
0.028,21.0,0.49,876,5856.0
0.014,20.0,0.49,1140,4515.0
0.006,23.0,0.51,926,5577.0
0.014,22.0,0.55,916,4636.0
0.021,21.0,0.4,875,4353.0
0.021,23.0,0.4,826,4348.0
0.028,23.0,0.56,994,4967.0
0.02,24.0,0.5,889,4850.0
0.015,30.0,0.58,1018,5546.0
0.021,22.0,0.49,1146,4648.0
0.012,28.0,0.49,861,4219.0
0.018,25.0,0.56,953,5072.0
0.007,24.0,0.68,998,5525.0
0.012,24.0,0.7,871,4449.0
0.012,27.0,0.58,832,5677.0
0.007,30.0,0.43,892,5539.0
0.011,24.0,0.59,921,5645.0
0.008,29.0,0.49,884,5127.0
0.007,25.0,0.69,869,5879.0
0.01,29.0,0.59,989,4810.0
0.006,27.0,0.49,1110,5281.0
0.01,22.0,0.5,1195,5297.0
0.027,21.0,0.47,914,5535.0
0.01,22.0,0.65,959,4667.0
0.023,25.0,0.64,1173,4124.0
0.021,23.0,0.4,882,5475.0
0.007,28.0,0.52,822,5721.0
0.015,28.0,0.49,813,4188.0
0.006,30.0,0.43,1045,4221.0
0.009,23.0,0.55,1015,4224.0
0.023,26.0,0.6,1164,4620.0
0.005,23.0,0.55,916,4955.0
0.013,24.0,0.53,1195,4435.0
0.029,30.0,0.41,1082,5834.0
0.024,26.0,0.65,863,4372.0
0.027,29.0,0.53,959,4939.0
0.02,29.0,0.47,1024,4994.0
0.027,23.0,0.63,1052,4996.0
0.027,30.0,0.69,1105,4715.0
0.009,23.0,0.65,1166,4256.0
0.007,21.0,0.58,859,4202.0
0.029,28.0,0.49,909,5815.0
0.024,27.0,0.65,1015,4386.0
0.014,24.0,0.69,996,4776.0
0.016,20.0,0.42,1100,5664.0
0.02,24.0,0.44,967,4717.0
0.011,24.0,0.63,816,5223.0
0.009,22.0,0.49,879,4281.0
0.03,27.0,0.52,977,4985.0
0.006,27.0,0.68,925,5583.0
0.025,22.0,0.43,969,5629.0
0.027,24.0,0.49,929,5325.0
0.009,30.0,0.61,908,4968.0
0.026,24.0,0.57,907,5838.0
0.015,23.0,0.55,1062,4406.0
0.009,24.0,0.68,1175,5488.0
0.016,29.0,0.56,879,4957.0
0.009,30.0,0.42,1099,5424.0
0.016,25.0,0.68,1095,5939.0
0.006,29.0,0.41,832,4327.0
0.011,26.0,0.48,964,5416.0
0.018,30.0,0.6,1011,5268.0
0.01,30.0,0.61,1107,5965.0
0.024,22.0,0.57,1005,5856.0
0.019,26.0,0.53,997,4768.0
0.023,23.0,0.48,932,4975.0
0.009,25.0,0.66,876,5695.0
0.013,25.0,0.64,1077,4936.0
0.016,29.0,0.7,932,5656.0
0.005,24.0,0.64,1073,5638.0
0.006,30.0,0.63,1177,4308.0
0.028,24.0,0.52,1096,4756.0
0.023,30.0,0.43,898,4331.0
0.024,23.0,0.62,802,5077.0
0.009,23.0,0.62,837,4418.0
0.028,22.0,0.48,876,5368.0
0.007,25.0,0.47,1040,5984.0
0.005,24.0,0.66,848,5305.0
0.027,23.0,0.68,1196,5599.0
0.006,20.0,0.52,921,5706.0
0.025,20.0,0.46,1029,4486.0
0.013,25.0,0.69,930,4006.0
0.01,23.0,0.43,1170,5754.0
0.013,29.0,0.61,1104,5708.0
0.016,25.0,0.57,855,5733.0
0.024,26.0,0.44,851,5948.0
0.023,26.0,0.61,1028,5330.0
0.016,20.0,0.49,1137,4199.0
0.011,28.0,0.68,1047,5011.0
0.008,28.0,0.43,889,4122.0
0.03,27.0,0.43,972,5519.0
0.011,30.0,0.47,891,5029.0
0.006,24.0,0.66,817,4988.0
0.006,24.0,0.53,985,4347.0
0.008,25.0,0.45,1072,5038.0
0.007,26.0,0.68,815,4633.0
0.029,23.0,0.46,838,4361.0
0.027,26.0,0.68,1065,4913.0
0.007,21.0,0.67,887,5236.0
0.005,26.0,0.42,921,5637.0
0.014,30.0,0.53,910,5220.0
0.015,27.0,0.67,961,5928.0
0.007,21.0,0.67,852,4848.0
0.018,25.0,0.59,1138,4316.0
0.01,24.0,0.6,995,4664.0
0.008,27.0,0.49,817,4454.0
0.02,25.0,0.66,1102,5735.0
0.021,21.0,0.49,857,4243.0
0.009,25.0,0.57,1176,5586.0
0.006,30.0,0.55,1017,5691.0
0.007,21.0,0.67,883,4404.0
0.029,29.0,0.47,897,5547.0
0.008,24.0,0.69,882,4666.0
0.022,29.0,0.69,1030,4993.0
0.016,25.0,0.52,1178,4556.0
0.03,24.0,0.65,1051,5216.0
0.011,28.0,0.67,967,4303.0
0.028,27.0,0.41,1042,4513.0
0.014,29.0,0.64,868,4668.0
0.008,21.0,0.59,895,5852.0
0.014,20.0,0.56,1143,4595.0
0.02,25.0,0.42,977,5357.0
0.024,21.0,0.51,964,5911.0
0.014,22.0,0.41,810,5678.0
0.008,29.0,0.59,921,4807.0
0.025,26.0,0.67,823,4758.0
0.023,26.0,0.41,1047,5342.0
0.013,26.0,0.7,874,4646.0
0.026,21.0,0.4,820,4575.0
0.013,25.0,0.46,801,5032.0
0.028,28.0,0.57,1191,5626.0
0.027,26.0,0.68,828,5904.0
0.023,22.0,0.56,1146,5093.0
0.03,30.0,0.57,824,5657.0
0.026,23.0,0.65,866,5658.0
0.016,24.0,0.63,923,4260.0
0.021,21.0,0.64,1094,5413.0
0.007,21.0,0.51,1041,4641.0
0.008,26.0,0.62,1026,5151.0
0.013,20.0,0.69,912,5041.0
0.005,29.0,0.61,1128,4964.0
0.009,26.0,0.4,1073,4262.0
0.009,24.0,0.5,1037,4650.0
0.027,22.0,0.57,1193,4343.0
0.006,21.0,0.55,941,5515.0
0.016,25.0,0.57,1170,5712.0
0.017,28.0,0.57,893,5314.0
0.011,22.0,0.48,1073,4469.0
0.019,25.0,0.43,1188,5024.0
0.011,27.0,0.66,1133,5984.0
0.011,30.0,0.61,1058,4582.0
0.015,25.0,0.44,986,4653.0
0.027,28.0,0.52,1076,4959.0
0.028,21.0,0.45,1032,4594.0
0.03,21.0,0.41,1002,5668.0
0.023,23.0,0.59,1126,5373.0
0.008,29.0,0.64,1057,5178.0
0.029,28.0,0.53,1148,5083.0
0.016,30.0,0.41,891,4541.0
0.009,30.0,0.52,863,5658.0
0.027,28.0,0.58,888,4541.0
0.025,20.0,0.54,1193,4829.0
0.014,29.0,0.52,1086,4534.0
0.014,22.0,0.69,1006,4453.0
0.011,24.0,0.44,1007,5085.0
0.015,28.0,0.57,978,4790.0
0.02,27.0,0.46,1145,4206.0
0.016,28.0,0.41,983,4811.0
0.016,26.0,0.61,1102,5049.0
0.02,27.0,0.58,1193,4552.0
0.026,21.0,0.4,1053,5290.0
0.023,26.0,0.41,1079,5604.0
0.015,21.0,0.67,951,4252.0
0.03,27.0,0.5,1074,4512.0
0.017,20.0,0.61,1102,4122.0
0.012,20.0,0.63,1159,5573.0
0.012,21.0,0.48,1111,4705.0
0.02,24.0,0.57,1083,4509.0
0.02,23.0,0.48,828,4150.0
0.024,30.0,0.41,997,4657.0
0.026,24.0,0.49,1067,4641.0
0.007,30.0,0.43,1078,4793.0
0.019,29.0,0.46,1005,5146.0
0.03,20.0,0.66,1157,5730.0
0.007,28.0,0.65,1077,4909.0
0.026,26.0,0.64,1180,4984.0
0.021,20.0,0.56,1088,5043.0
0.019,26.0,0.59,1200,5584.0
0.02,23.0,0.64,1046,4464.0
0.016,29.0,0.64,958,4983.0
0.029,25.0,0.42,887,4236.0
0.01,21.0,0.54,811,4302.0
0.027,29.0,0.65,872,4765.0
0.005,25.0,0.61,889,5440.0
0.019,30.0,0.41,983,5922.0
0.014,26.0,0.61,1001,5453.0
0.023,22.0,0.46,952,5052.0
0.023,27.0,0.58,1152,4283.0
0.011,20.0,0.4,886,4216.0
0.007,28.0,0.48,992,5162.0
0.029,30.0,0.43,1058,5172.0
0.018,27.0,0.5,936,5285.0
0.023,26.0,0.51,953,4266.0
0.013,24.0,0.58,973,5575.0
0.01,20.0,0.65,872,4294.0
0.025,22.0,0.57,1089,4141.0
0.006,28.0,0.42,823,5438.0
0.017,25.0,0.4,966,4145.0
0.016,30.0,0.42,981,4933.0
0.019,26.0,0.65,1172,4419.0
0.025,21.0,0.65,807,6000.0
0.01,25.0,0.66,817,5310.0
0.022,24.0,0.68,992,5696.0
0.019,30.0,0.4,1014,4802.0
0.021,22.0,0.63,1100,4432.0
0.022,22.0,0.67,1018,5336.0
0.017,26.0,0.51,832,4583.0
0.015,29.0,0.43,1114,4774.0
0.024,29.0,0.47,1116,4087.0
0.02,29.0,0.43,1013,4307.0
0.005,21.0,0.42,1167,5910.0
0.025,29.0,0.43,1138,4331.0
0.009,26.0,0.59,1006,5971.0
0.025,23.0,0.67,1015,5189.0
0.027,27.0,0.65,985,4175.0
0.008,29.0,0.53,1101,5587.0
0.016,22.0,0.5,800,4358.0
0.03,24.0,0.66,870,5065.0
0.028,29.0,0.63,865,4611.0
0.011,24.0,0.53,826,4255.0
0.029,23.0,0.4,1062,4068.0
0.022,27.0,0.64,1137,4522.0
0.014,20.0,0.51,962,4610.0
0.018,29.0,0.66,916,4380.0
0.014,27.0,0.46,826,4301.0
0.027,29.0,0.45,908,5900.0
0.015,20.0,0.4,1071,4196.0
0.011,23.0,0.64,1027,5406.0
0.019,27.0,0.59,905,5476.0
0.029,29.0,0.55,1060,5581.0
0.008,28.0,0.66,803,4951.0
0.019,29.0,0.51,1069,4596.0
0.023,25.0,0.46,800,5776.0
0.014,20.0,0.58,1179,5372.0
0.018,21.0,0.55,932,5105.0
0.005,22.0,0.59,1118,4341.0
0.027,25.0,0.41,855,4005.0
0.011,24.0,0.52,817,4984.0
0.017,21.0,0.56,1126,4291.0
0.019,21.0,0.42,926,5121.0
0.013,20.0,0.52,1002,5058.0
0.017,23.0,0.53,840,5595.0
0.01,27.0,0.55,916,5434.0
0.022,21.0,0.7,845,5300.0
0.024,24.0,0.63,1136,5001.0
0.022,20.0,0.48,811,5657.0
0.017,25.0,0.4,1056,5931.0
0.011,21.0,0.58,1145,5133.0
0.006,30.0,0.67,951,4273.0
0.021,20.0,0.61,1046,4299.0
0.011,28.0,0.44,1004,5655.0
0.028,20.0,0.48,983,4245.0
0.027,23.0,0.5,1088,4270.0
0.026,22.0,0.62,905,5205.0
0.02,20.0,0.43,810,5328.0
0.008,24.0,0.66,889,4578.0
0.008,26.0,0.66,814,4975.0
0.015,21.0,0.6,820,5788.0
0.023,20.0,0.61,984,5565.0
0.018,25.0,0.41,1055,4539.0
0.012,25.0,0.66,938,4455.0
0.009,29.0,0.49,1072,5357.0
0.022,25.0,0.66,804,4674.0
0.025,22.0,0.47,910,5936.0
0.023,21.0,0.54,1107,5664.0
0.014,25.0,0.61,1034,4751.0
0.01,30.0,0.61,1005,4659.0
0.014,22.0,0.68,1104,5119.0
0.006,27.0,0.69,1200,5659.0
0.011,20.0,0.41,931,4749.0
0.02,23.0,0.47,1074,5217.0
0.021,24.0,0.55,1035,4530.0
0.027,26.0,0.69,1145,4250.0
0.025,26.0,0.64,808,5753.0
0.03,20.0,0.66,891,4298.0
0.018,24.0,0.59,1139,4562.0
0.014,21.0,0.65,1111,5407.0
0.022,23.0,0.6,1171,4992.0
0.029,21.0,0.47,810,4148.0
0.017,22.0,0.67,942,5546.0
0.009,27.0,0.52,876,5912.0
0.027,21.0,0.48,935,5694.0
0.029,27.0,0.46,1002,5750.0
0.01,20.0,0.41,861,4627.0
0.027,20.0,0.52,1192,4456.0
0.03,22.0,0.56,1018,5781.0
0.006,24.0,0.44,990,5393.0
0.007,22.0,0.56,1046,5066.0
0.019,21.0,0.55,854,4879.0
0.024,25.0,0.46,1132,5156.0
0.018,22.0,0.64,896,5367.0
0.029,29.0,0.55,1183,5657.0
0.025,28.0,0.48,1197,4260.0
0.01,27.0,0.41,1088,5852.0
0.017,30.0,0.58,807,5176.0
0.02,27.0,0.56,1040,5942.0
0.008,22.0,0.41,1055,4538.0
0.008,21.0,0.43,1175,4269.0
0.018,22.0,0.65,1116,4688.0
0.027,27.0,0.46,1001,5608.0
0.03,26.0,0.43,863,4057.0
0.028,26.0,0.49,909,4144.0
0.02,29.0,0.52,1120,5364.0
0.008,23.0,0.43,929,5874.0
0.027,28.0,0.67,1199,4499.0
0.027,23.0,0.54,1197,5221.0
0.022,30.0,0.64,913,5445.0
0.01,30.0,0.5,1041,4941.0
0.007,30.0,0.67,869,4360.0
0.019,22.0,0.48,990,5386.0
0.025,22.0,0.4,1136,4828.0
0.026,20.0,0.63,1112,4358.0
0.005,23.0,0.66,910,5720.0
0.018,29.0,0.51,981,5241.0
0.005,27.0,0.65,1048,4023.0
0.025,27.0,0.69,1127,4410.0
0.006,27.0,0.49,846,5907.0
0.011,27.0,0.47,996,5717.0
0.009,25.0,0.6,809,4885.0
0.029,26.0,0.59,942,4223.0
0.007,30.0,0.48,819,5522.0
0.012,22.0,0.59,1058,5035.0
0.019,27.0,0.57,877,4970.0
0.028,24.0,0.57,1124,5206.0
0.023,25.0,0.61,842,5203.0
0.023,22.0,0.64,1144,4991.0
0.014,21.0,0.64,890,5785.0
0.012,27.0,0.58,957,5256.0
0.026,24.0,0.55,849,4644.0
0.029,24.0,0.47,931,4483.0
0.018,22.0,0.59,1131,5193.0
0.023,29.0,0.59,1143,4892.0
0.015,23.0,0.56,893,4472.0
0.012,28.0,0.43,966,5995.0
0.026,21.0,0.48,935,4338.0
0.018,23.0,0.43,890,4265.0
0.015,27.0,0.63,998,5831.0
0.02,28.0,0.57,1004,5928.0
0.01,29.0,0.62,878,4086.0
0.01,29.0,0.56,805,4368.0
0.02,22.0,0.55,1027,5396.0
0.015,23.0,0.68,878,5140.0
0.022,20.0,0.62,831,5809.0
0.005,23.0,0.52,1096,5772.0
0.029,30.0,0.41,823,5810.0
0.011,26.0,0.54,1099,4346.0
0.011,20.0,0.41,1135,4971.0
0.012,25.0,0.4,839,5732.0
0.006,21.0,0.51,1024,4517.0
0.018,23.0,0.46,1001,4764.0
0.011,25.0,0.59,1027,5401.0
0.016,23.0,0.53,1061,5027.0
0.017,30.0,0.41,1030,5011.0
0.005,27.0,0.48,1133,5942.0
0.027,24.0,0.43,837,4648.0
0.019,23.0,0.65,1076,4886.0
0.011,20.0,0.49,1184,4332.0
0.017,24.0,0.59,1169,5774.0
0.023,23.0,0.6,835,5135.0
0.006,23.0,0.49,983,5519.0
0.021,21.0,0.55,1155,4844.0
0.005,21.0,0.51,811,5122.0
0.027,22.0,0.65,961,5810.0
0.008,23.0,0.48,820,5960.0
0.026,28.0,0.62,946,4011.0
0.009,23.0,0.51,1054,4079.0
0.016,27.0,0.69,1000,4201.0
0.029,23.0,0.54,827,5213.0
0.008,20.0,0.7,1028,4938.0
0.021,25.0,0.57,919,5450.0
0.026,24.0,0.6,1137,5135.0
0.028,22.0,0.63,867,5776.0
0.022,21.0,0.47,1020,4781.0
0.008,27.0,0.7,1191,4984.0
0.016,26.0,0.56,1000,5158.0
0.012,29.0,0.54,924,4789.0
0.019,23.0,0.46,1125,4644.0
0.009,30.0,0.47,1065,4073.0
0.011,26.0,0.69,1138,4513.0
0.012,29.0,0.66,1099,4350.0
0.023,25.0,0.46,1081,5382.0
0.023,23.0,0.7,1055,5099.0
0.023,21.0,0.45,877,5912.0
0.011,29.0,0.49,1147,4327.0
0.024,26.0,0.43,1182,5362.0
0.027,23.0,0.67,1062,4789.0
0.011,24.0,0.42,878,4219.0
0.017,29.0,0.6,978,4339.0
0.02,24.0,0.7,1179,5005.0
0.02,20.0,0.44,873,4009.0
0.027,30.0,0.45,1011,4965.0
0.023,30.0,0.54,893,5246.0
0.029,23.0,0.53,1128,5535.0
0.025,25.0,0.45,1188,5935.0
0.02,29.0,0.48,993,5039.0
0.008,28.0,0.6,910,4946.0
0.024,30.0,0.59,1083,5871.0
0.027,27.0,0.63,1077,4638.0
0.026,28.0,0.67,887,4841.0
0.019,30.0,0.7,1137,4866.0
0.015,21.0,0.59,851,4154.0
0.005,25.0,0.41,1162,5727.0
0.013,29.0,0.45,855,4785.0
0.007,24.0,0.6,1195,5326.0
0.012,27.0,0.7,917,5616.0
0.013,21.0,0.42,907,4695.0
0.009,28.0,0.46,1029,5375.0
0.005,20.0,0.51,873,5808.0
0.005,27.0,0.63,980,5519.0
0.03,21.0,0.42,999,5181.0
0.019,20.0,0.48,1133,5130.0
0.018,30.0,0.42,1043,4813.0
0.026,29.0,0.57,814,5057.0
0.015,27.0,0.48,1127,5506.0
0.026,24.0,0.59,866,4860.0
0.025,27.0,0.41,874,4512.0
0.01,26.0,0.64,808,4950.0
0.007,29.0,0.53,944,5337.0
0.029,26.0,0.42,1150,4097.0
0.014,30.0,0.51,1168,4296.0
0.015,20.0,0.62,1066,5364.0
0.02,22.0,0.6,842,5921.0
0.029,22.0,0.68,957,4321.0
0.013,28.0,0.52,1186,4812.0
0.019,20.0,0.59,1151,5651.0
0.029,25.0,0.69,889,4215.0
0.018,27.0,0.61,1047,4869.0
0.022,28.0,0.58,1097,5931.0
0.016,23.0,0.66,895,4827.0
0.025,22.0,0.55,853,4329.0
0.03,25.0,0.55,849,4618.0
0.007,21.0,0.69,863,5729.0
0.019,27.0,0.61,1068,5637.0
0.014,23.0,0.65,1008,4831.0
0.014,28.0,0.54,837,5289.0
0.028,21.0,0.46,1053,4955.0
0.029,23.0,0.49,988,5706.0
0.028,22.0,0.54,852,5876.0
0.024,26.0,0.41,1118,5614.0
0.03,25.0,0.44,815,4272.0
0.021,21.0,0.51,875,4049.0
0.02,22.0,0.55,937,4334.0
0.025,23.0,0.41,814,4426.0
0.023,25.0,0.55,1147,4466.0
0.024,29.0,0.57,1191,4404.0
0.021,26.0,0.65,836,4634.0
0.012,25.0,0.63,1196,5238.0
0.02,21.0,0.62,820,4118.0
0.03,24.0,0.63,909,5233.0
0.021,26.0,0.64,1026,4548.0
0.023,25.0,0.69,1135,4259.0
0.02,22.0,0.54,1068,5644.0
0.012,28.0,0.53,1078,4863.0
0.02,29.0,0.42,884,4011.0
0.028,21.0,0.47,1103,5164.0
0.029,22.0,0.63,1027,5012.0
0.014,22.0,0.4,1001,5130.0
0.017,23.0,0.42,1180,4956.0
0.026,26.0,0.5,923,4104.0
0.028,21.0,0.5,1040,5301.0
0.008,25.0,0.65,1028,4229.0
0.013,28.0,0.56,877,4364.0
0.007,27.0,0.69,1065,4312.0
0.017,29.0,0.66,912,4800.0
0.01,28.0,0.64,1102,5131.0
0.02,26.0,0.56,985,5556.0
0.017,24.0,0.56,1144,4142.0
0.006,27.0,0.56,1183,4877.0
0.026,22.0,0.57,1176,5492.0
0.016,27.0,0.45,1002,5784.0
0.015,21.0,0.42,1113,4824.0
0.029,29.0,0.68,960,4139.0
0.014,29.0,0.48,983,5613.0
0.01,21.0,0.48,805,4824.0
0.015,24.0,0.63,932,5461.0
0.017,23.0,0.6,960,4016.0
0.011,29.0,0.58,897,4905.0
0.028,26.0,0.66,892,4492.0
0.023,25.0,0.63,1189,5620.0
0.011,30.0,0.57,1011,4709.0
0.026,20.0,0.42,992,5586.0
0.028,27.0,0.54,929,4727.0
0.022,24.0,0.51,1036,4370.0
0.019,23.0,0.48,1107,4390.0
0.029,26.0,0.61,851,4705.0
0.027,23.0,0.55,1069,5855.0
0.019,23.0,0.68,1075,4355.0
0.014,20.0,0.51,821,5216.0
0.017,23.0,0.49,1040,5282.0
0.028,25.0,0.48,916,5647.0
0.008,25.0,0.62,888,5410.0
0.029,28.0,0.49,1012,4820.0
0.005,27.0,0.46,1118,5316.0
0.02,25.0,0.69,1037,5527.0
0.016,25.0,0.46,1191,5495.0
0.008,29.0,0.68,1004,5030.0
0.027,24.0,0.53,1183,4431.0
0.017,27.0,0.64,891,4194.0
0.025,26.0,0.54,1097,4826.0
0.017,21.0,0.47,865,4446.0
0.011,25.0,0.58,1016,5196.0
0.012,24.0,0.61,1188,4235.0
0.019,28.0,0.43,806,4809.0
0.013,26.0,0.43,1065,4283.0
0.018,30.0,0.48,932,4627.0
0.027,21.0,0.54,969,4302.0
0.013,23.0,0.44,1029,5130.0
0.014,30.0,0.53,861,4896.0
0.019,26.0,0.51,1006,4404.0
0.025,27.0,0.63,972,5716.0
0.026,26.0,0.59,872,4465.0
0.021,24.0,0.55,1188,4373.0
0.016,22.0,0.65,944,4695.0
0.011,21.0,0.69,1106,5117.0
0.015,25.0,0.59,1088,4522.0
0.006,25.0,0.47,849,5503.0
0.011,26.0,0.56,899,5568.0
0.021,21.0,0.43,861,5878.0
0.018,25.0,0.41,847,4853.0
0.03,26.0,0.54,932,4388.0
0.012,25.0,0.42,936,4023.0
0.006,20.0,0.7,997,5377.0
0.011,24.0,0.51,907,5309.0
0.005,23.0,0.63,1148,5023.0
0.013,21.0,0.56,1164,4596.0
0.028,25.0,0.69,972,4273.0
0.02,29.0,0.47,1086,5142.0
0.009,20.0,0.68,1086,5818.0
0.017,28.0,0.61,1200,4895.0
0.012,23.0,0.59,1074,4283.0
0.027,20.0,0.67,983,4337.0
0.016,25.0,0.45,1000,5306.0
0.009,27.0,0.42,972,4325.0
0.005,24.0,0.46,998,5876.0
0.008,20.0,0.56,803,5740.0
0.024,26.0,0.58,802,5047.0
0.013,25.0,0.56,895,4009.0
0.009,22.0,0.65,943,5339.0
0.026,22.0,0.68,843,4441.0
0.028,21.0,0.56,932,5497.0
0.011,26.0,0.62,1017,5830.0
0.017,24.0,0.44,906,5809.0
0.02,25.0,0.67,1022,5118.0
0.02,22.0,0.49,1076,4465.0
0.016,30.0,0.44,852,4691.0
0.018,20.0,0.67,1038,4114.0
0.014,28.0,0.63,927,4973.0
0.013,29.0,0.45,1133,5169.0
0.018,29.0,0.7,1143,4770.0
0.008,29.0,0.55,1027,5871.0
0.006,27.0,0.67,963,5598.0
0.021,20.0,0.46,994,4389.0
0.017,30.0,0.6,1093,4744.0
0.028,27.0,0.41,1161,5718.0
0.026,27.0,0.51,824,4093.0
0.006,25.0,0.45,1190,5224.0
0.008,27.0,0.41,831,5093.0
0.027,30.0,0.58,979,4383.0
0.029,24.0,0.57,832,5545.0
0.007,21.0,0.44,1044,4491.0
0.023,22.0,0.42,834,5417.0
0.022,25.0,0.69,962,4065.0
0.024,29.0,0.43,1007,5908.0
0.021,22.0,0.54,851,4688.0
0.023,21.0,0.44,1073,5876.0
0.018,25.0,0.61,1054,4288.0
0.017,24.0,0.66,1032,5968.0
0.008,21.0,0.69,922,4814.0
0.015,25.0,0.48,901,5183.0
0.008,27.0,0.57,854,4870.0
0.008,30.0,0.62,1092,4777.0
0.009,26.0,0.4,1192,5173.0
0.028,26.0,0.46,890,5265.0
0.018,23.0,0.68,1061,4443.0
0.014,21.0,0.68,1002,4458.0
0.026,20.0,0.59,987,4577.0
0.01,25.0,0.56,1091,5561.0
0.024,20.0,0.61,1092,4595.0
0.012,22.0,0.42,933,5442.0
0.017,24.0,0.59,1182,5781.0
0.022,27.0,0.65,1092,4374.0
0.013,24.0,0.48,896,4818.0
0.011,30.0,0.66,868,5170.0
0.02,23.0,0.64,1020,5578.0
0.018,23.0,0.45,829,5015.0
0.025,24.0,0.59,1152,5533.0
0.013,28.0,0.68,871,4719.0
0.013,24.0,0.51,933,4694.0
0.025,23.0,0.68,1179,5157.0
0.017,22.0,0.58,857,5000.0
0.025,25.0,0.66,929,4708.0
0.021,25.0,0.68,969,4943.0
0.009,21.0,0.49,983,5849.0
0.023,21.0,0.44,1139,5150.0
0.021,26.0,0.59,1149,4077.0
0.024,21.0,0.61,905,5475.0
0.006,23.0,0.56,875,5023.0
0.026,27.0,0.63,1175,4981.0
0.026,23.0,0.46,842,4411.0
0.01,23.0,0.52,929,5469.0
0.025,29.0,0.58,819,5356.0
0.024,27.0,0.45,993,5712.0
0.014,20.0,0.52,803,5126.0
0.024,27.0,0.6,926,4156.0
0.018,30.0,0.4,879,5817.0
0.008,23.0,0.41,1118,4976.0
0.017,30.0,0.5,1001,4705.0
0.019,22.0,0.42,1091,4956.0
0.009,23.0,0.7,838,4044.0
0.008,22.0,0.64,892,5915.0
0.017,28.0,0.55,1143,5574.0
0.016,28.0,0.45,1036,5550.0
0.024,23.0,0.41,1059,4242.0
0.024,26.0,0.67,988,4667.0
0.006,21.0,0.64,850,4585.0
0.027,27.0,0.63,1071,5264.0
0.02,29.0,0.49,1002,5933.0
0.023,22.0,0.63,913,5114.0
0.02,27.0,0.65,811,4392.0
0.009,23.0,0.4,865,5928.0
0.006,22.0,0.45,1188,4622.0
0.026,20.0,0.43,890,4061.0
0.015,20.0,0.69,1087,4667.0
0.027,25.0,0.7,899,4410.0
0.008,29.0,0.41,1128,5890.0
0.011,25.0,0.4,1055,4744.0
0.012,27.0,0.59,924,4960.0
0.023,28.0,0.58,1198,5972.0
0.021,21.0,0.53,1138,5123.0
0.007,30.0,0.4,959,5755.0
0.016,29.0,0.55,930,5252.0
0.02,30.0,0.66,1200,5211.0
0.027,25.0,0.44,1019,5744.0
0.009,23.0,0.53,871,4596.0
0.01,23.0,0.48,1159,4979.0
0.011,30.0,0.61,979,5827.0
0.013,28.0,0.58,901,5424.0
0.03,22.0,0.7,936,5159.0
0.01,25.0,0.62,931,5142.0
0.027,26.0,0.47,1197,5385.0
0.018,28.0,0.6,862,5877.0
0.013,29.0,0.59,811,4998.0
0.015,26.0,0.54,1069,4336.0
0.022,25.0,0.4,941,4366.0
0.014,20.0,0.43,914,5107.0
0.014,22.0,0.6,890,4073.0
0.029,29.0,0.55,1118,4799.0
0.026,29.0,0.42,835,5800.0
0.012,22.0,0.58,1097,4590.0
0.023,26.0,0.69,1027,5434.0
0.024,28.0,0.43,1079,4903.0
0.026,28.0,0.55,1050,5841.0
0.007,30.0,0.55,1037,5828.0
0.019,30.0,0.56,860,5877.0
0.01,22.0,0.57,1143,4061.0
0.013,23.0,0.7,884,5602.0
0.017,23.0,0.44,1191,4348.0
0.027,21.0,0.61,871,4010.0
0.027,20.0,0.63,888,5135.0
0.022,22.0,0.7,1069,4356.0
0.02,23.0,0.49,1004,5269.0
0.027,29.0,0.43,1001,4075.0
0.015,23.0,0.53,1163,5092.0
0.01,26.0,0.68,837,5182.0
0.011,20.0,0.53,950,4588.0
0.009,29.0,0.43,811,4829.0
0.022,22.0,0.65,1046,5341.0
0.024,28.0,0.64,829,5340.0
0.011,30.0,0.57,877,5512.0
0.007,20.0,0.69,1146,5177.0
0.01,25.0,0.5,815,5478.0
0.011,30.0,0.69,1177,4261.0
0.017,25.0,0.61,985,4897.0
0.016,22.0,0.67,991,4239.0
0.018,30.0,0.6,864,5049.0
0.006,25.0,0.52,974,4260.0
0.008,22.0,0.44,1158,4428.0
0.021,25.0,0.48,979,4754.0
0.03,30.0,0.59,1033,5320.0
0.022,21.0,0.43,928,4083.0
0.027,26.0,0.66,903,5908.0
0.015,23.0,0.56,1022,5055.0
0.024,30.0,0.66,969,4850.0
0.014,25.0,0.43,964,5983.0
0.025,29.0,0.55,812,5223.0
0.012,26.0,0.47,1095,5541.0
0.018,29.0,0.46,861,5224.0
0.028,26.0,0.47,1169,4305.0
0.006,28.0,0.69,1007,5560.0
0.03,28.0,0.42,1090,4991.0
0.023,26.0,0.42,907,5832.0
0.006,22.0,0.6,918,4015.0
0.028,24.0,0.64,1018,5811.0
0.012,20.0,0.56,845,5814.0
0.024,28.0,0.58,1044,4072.0
0.02,30.0,0.65,1197,4801.0
0.01,27.0,0.5,898,4771.0
0.011,23.0,0.64,926,5239.0
0.011,27.0,0.54,1143,4654.0
0.019,25.0,0.56,862,5576.0
0.016,30.0,0.42,1068,4091.0
0.019,24.0,0.41,1006,5132.0
0.03,30.0,0.69,873,5798.0
0.021,24.0,0.4,924,4407.0
0.029,26.0,0.46,995,4039.0
0.012,30.0,0.65,952,5409.0
0.008,28.0,0.55,810,5563.0
0.014,23.0,0.69,1110,4830.0
0.008,28.0,0.45,1003,4228.0
0.02,26.0,0.4,1010,4679.0
0.023,21.0,0.41,1150,4495.0
0.021,28.0,0.6,867,4884.0
0.017,20.0,0.65,823,4872.0
0.02,20.0,0.51,836,5559.0
0.01,21.0,0.7,1044,4249.0
0.023,27.0,0.46,965,4379.0
0.016,28.0,0.53,814,5004.0
0.007,27.0,0.55,876,4166.0
0.006,25.0,0.64,1083,4271.0
0.027,25.0,0.69,1129,4448.0
0.015,24.0,0.7,867,5038.0
0.006,23.0,0.61,877,5777.0
0.023,21.0,0.7,973,4910.0
0.011,21.0,0.66,961,4209.0
0.013,21.0,0.65,1153,4703.0
0.03,29.0,0.63,847,4525.0
0.02,29.0,0.66,908,5559.0
0.009,24.0,0.51,1038,5862.0
0.01,29.0,0.69,924,5854.0
0.017,26.0,0.49,1072,5549.0
0.014,25.0,0.41,979,4916.0
0.028,23.0,0.64,1110,5863.0
0.015,24.0,0.45,1107,4168.0
0.023,23.0,0.45,1064,5841.0
0.009,27.0,0.69,1109,4689.0
0.021,20.0,0.68,818,4027.0
0.007,26.0,0.63,882,4968.0
0.013,20.0,0.53,1094,4596.0
0.01,25.0,0.55,882,4255.0
0.022,23.0,0.7,1033,4266.0
0.026,23.0,0.43,1049,5068.0
0.016,25.0,0.48,1168,5237.0
0.008,24.0,0.58,1066,5787.0
0.02,23.0,0.67,1018,4868.0
0.028,24.0,0.47,864,5700.0
0.007,25.0,0.53,996,4751.0
0.011,25.0,0.58,896,4101.0
0.011,27.0,0.57,986,4560.0
0.029,30.0,0.46,1136,5776.0
0.014,29.0,0.58,888,4141.0
0.029,28.0,0.44,1179,4922.0
0.014,25.0,0.49,1173,5730.0
0.009,27.0,0.59,1053,4900.0
0.027,24.0,0.57,1079,5261.0
0.022,29.0,0.56,1002,4752.0
0.012,26.0,0.52,1043,5350.0
0.017,28.0,0.66,972,4640.0
0.005,29.0,0.55,1051,4169.0
0.027,22.0,0.62,1126,5411.0
0.026,24.0,0.62,1183,4357.0
0.027,23.0,0.45,968,5633.0
0.01,24.0,0.45,1040,4662.0
0.008,30.0,0.64,829,5600.0
0.021,23.0,0.42,971,5455.0
0.019,23.0,0.64,1013,5937.0
0.016,23.0,0.44,966,5869.0
0.021,25.0,0.57,832,5799.0
0.03,21.0,0.54,994,4488.0
0.008,25.0,0.63,1120,4784.0
0.027,23.0,0.61,992,5260.0
0.02,30.0,0.51,910,5103.0
0.028,28.0,0.65,1003,4451.0
0.018,24.0,0.58,984,5954.0
0.024,21.0,0.5,1161,4733.0
0.005,21.0,0.59,1051,5616.0
0.026,29.0,0.48,845,4938.0
0.008,28.0,0.45,857,4948.0
0.009,23.0,0.4,1083,5520.0
0.008,27.0,0.54,981,4008.0
0.015,23.0,0.55,826,4138.0
0.011,25.0,0.54,1200,4466.0
0.018,27.0,0.45,1177,4605.0
0.008,23.0,0.66,944,4264.0
0.016,29.0,0.57,991,4885.0
0.011,29.0,0.51,1089,4095.0
0.007,27.0,0.7,1069,4351.0
0.026,20.0,0.44,850,5311.0
0.018,25.0,0.46,831,5437.0
0.029,30.0,0.62,1101,5355.0
0.026,23.0,0.53,865,4846.0
0.025,22.0,0.44,826,4452.0
0.015,23.0,0.49,1106,5417.0
0.014,21.0,0.45,1188,5402.0
0.017,27.0,0.65,941,4113.0
0.011,21.0,0.45,1136,5967.0
0.018,25.0,0.49,916,4594.0
0.018,24.0,0.44,977,4866.0
0.009,28.0,0.61,994,4589.0
0.008,28.0,0.7,1190,5341.0
0.027,21.0,0.63,1174,4846.0
0.028,22.0,0.62,1106,4265.0
0.023,23.0,0.55,857,5586.0
0.023,20.0,0.51,1137,5709.0
0.028,28.0,0.4,1136,5878.0
0.015,30.0,0.44,902,5323.0
0.017,23.0,0.5,860,4165.0
0.016,26.0,0.54,921,4784.0
0.027,30.0,0.57,1141,4947.0
0.011,26.0,0.66,940,4862.0
0.03,20.0,0.54,1152,4220.0
0.023,22.0,0.57,1162,5320.0
0.022,29.0,0.42,979,5689.0
0.012,24.0,0.65,1090,5148.0
0.025,28.0,0.44,1138,5978.0
0.006,30.0,0.47,1176,5329.0
0.006,29.0,0.51,1019,5173.0
0.017,25.0,0.59,919,5141.0
0.01,21.0,0.52,1127,4112.0
0.015,25.0,0.56,1032,4823.0
0.022,23.0,0.46,1176,5448.0
0.027,29.0,0.46,1100,5307.0
0.012,20.0,0.47,1075,4640.0
0.013,23.0,0.63,999,4354.0
0.02,21.0,0.59,806,4918.0
0.023,29.0,0.48,1104,4235.0
0.007,22.0,0.68,989,5723.0
0.023,20.0,0.57,1044,5243.0
0.023,28.0,0.68,1085,4053.0
0.02,27.0,0.42,1152,4669.0
0.008,30.0,0.7,895,4812.0
0.009,20.0,0.5,843,4819.0
0.005,22.0,0.41,1167,5473.0
0.021,26.0,0.42,1175,4916.0
0.028,27.0,0.49,891,5708.0
0.013,24.0,0.43,959,4898.0
0.022,21.0,0.7,807,5530.0
0.027,29.0,0.55,1110,5093.0
0.019,21.0,0.57,846,4550.0
0.015,20.0,0.51,806,4390.0
0.021,25.0,0.46,1179,5108.0
0.02,24.0,0.54,1058,4146.0
0.013,26.0,0.61,928,4689.0
0.006,22.0,0.52,1166,4406.0
0.008,29.0,0.46,1193,5730.0
0.006,21.0,0.65,1081,5098.0
0.011,21.0,0.62,860,5848.0
0.029,26.0,0.6,899,5800.0
0.027,29.0,0.4,1126,5998.0
0.015,24.0,0.67,1035,4084.0
0.018,29.0,0.42,863,4689.0
0.028,25.0,0.42,1017,5888.0
0.025,22.0,0.64,950,4068.0
0.021,28.0,0.63,1116,4612.0
0.03,27.0,0.48,1167,5315.0
0.019,24.0,0.67,965,5638.0
0.016,27.0,0.46,1133,4858.0
0.021,26.0,0.47,1101,4280.0
0.02,26.0,0.69,982,5207.0
0.016,28.0,0.49,1157,4188.0
0.012,26.0,0.69,980,4737.0
0.012,24.0,0.61,848,5419.0
0.012,29.0,0.6,1130,5766.0
0.025,29.0,0.62,999,5627.0
0.007,22.0,0.41,1076,4813.0
0.014,25.0,0.58,1033,4915.0
0.013,29.0,0.4,955,5592.0
0.011,28.0,0.48,1131,5182.0
0.028,29.0,0.4,960,5550.0
0.007,26.0,0.4,875,4038.0
0.017,24.0,0.41,802,5056.0
0.009,20.0,0.42,900,4055.0
0.02,30.0,0.57,1115,4604.0
0.012,20.0,0.64,1127,5538.0
0.009,20.0,0.48,845,4548.0
0.028,25.0,0.51,827,4981.0
0.024,22.0,0.49,1011,5583.0
0.017,23.0,0.65,807,5806.0
0.01,22.0,0.62,1017,4275.0
0.021,26.0,0.45,841,5055.0
0.024,21.0,0.63,1099,4099.0
0.006,20.0,0.58,1114,4139.0
0.021,26.0,0.65,1167,5365.0
0.026,20.0,0.66,1196,4622.0
0.009,28.0,0.45,1084,5277.0
0.03,24.0,0.4,1114,5216.0
0.007,28.0,0.6,951,5614.0
0.019,26.0,0.61,1076,5808.0
0.012,26.0,0.49,1048,5456.0
0.019,30.0,0.64,953,5244.0
0.023,29.0,0.55,1053,5020.0
0.027,29.0,0.45,1014,4846.0
0.015,22.0,0.65,995,4206.0
0.023,27.0,0.59,826,5249.0
0.02,21.0,0.61,988,5280.0
0.005,28.0,0.59,1068,5187.0
0.023,29.0,0.54,937,4049.0
0.007,21.0,0.43,1179,4707.0
0.026,26.0,0.56,863,4050.0
0.014,22.0,0.53,811,5952.0
0.013,25.0,0.6,1018,5521.0
0.014,27.0,0.51,893,4216.0
0.011,28.0,0.65,1130,5929.0
0.006,30.0,0.5,881,4416.0
0.008,21.0,0.68,1037,5415.0
0.007,21.0,0.67,1085,5976.0
0.022,30.0,0.48,1094,5835.0
0.017,22.0,0.61,958,4272.0
0.026,26.0,0.55,895,4205.0
0.02,29.0,0.54,933,4563.0
0.008,24.0,0.66,1138,4999.0
0.025,21.0,0.41,1139,5538.0
0.029,23.0,0.62,1059,4818.0
0.025,21.0,0.7,1085,5093.0
0.014,23.0,0.6,1089,5654.0
0.021,20.0,0.6,885,5075.0
0.023,24.0,0.45,1092,5056.0
0.019,29.0,0.6,1135,5516.0
0.009,24.0,0.5,1082,5757.0
0.022,22.0,0.55,921,4969.0
0.01,21.0,0.49,1177,5972.0
0.01,26.0,0.54,941,4404.0
0.007,27.0,0.48,899,5803.0
0.02,22.0,0.53,829,4078.0
0.019,20.0,0.62,871,4310.0
0.017,24.0,0.63,1193,4195.0
0.006,20.0,0.42,823,5386.0
0.029,25.0,0.46,1188,5006.0
0.011,25.0,0.55,875,4407.0
0.02,21.0,0.57,1045,4351.0
0.008,20.0,0.54,1036,5379.0
0.015,30.0,0.69,804,4817.0
0.019,30.0,0.62,842,4508.0
0.015,25.0,0.63,1156,5827.0
0.027,27.0,0.4,1079,5544.0
0.016,26.0,0.65,1139,4979.0
0.023,28.0,0.64,983,5112.0
0.009,26.0,0.42,1107,5036.0
0.02,27.0,0.67,1131,5732.0
0.007,21.0,0.51,838,4953.0
0.011,21.0,0.62,918,4285.0
0.028,28.0,0.59,1045,4469.0
0.01,24.0,0.7,1110,5669.0
0.017,23.0,0.56,1075,4483.0
0.017,21.0,0.63,831,5065.0
0.02,24.0,0.61,892,5252.0
0.019,28.0,0.6,841,5151.0
0.016,28.0,0.67,898,5271.0
0.028,25.0,0.64,1189,5334.0
0.01,20.0,0.48,1054,5816.0
0.005,20.0,0.57,965,5729.0
0.017,26.0,0.51,1097,4960.0
0.02,24.0,0.46,1006,4938.0
0.024,20.0,0.6,1022,5419.0
0.01,21.0,0.65,1042,5230.0
0.018,27.0,0.42,1010,5992.0
0.018,26.0,0.46,847,4621.0
0.015,26.0,0.47,973,4616.0
0.027,30.0,0.44,888,5850.0
0.022,30.0,0.57,1073,5821.0
0.011,27.0,0.46,840,5249.0
0.012,26.0,0.62,804,4030.0
0.009,22.0,0.57,1178,4675.0
0.015,24.0,0.68,1056,5312.0
0.011,28.0,0.52,1093,5596.0
0.017,27.0,0.65,844,4696.0
0.009,21.0,0.69,1159,4154.0
0.013,29.0,0.66,1019,4526.0
0.016,29.0,0.53,1172,4412.0
0.009,26.0,0.69,1095,5122.0
0.021,28.0,0.54,990,5011.0
0.025,26.0,0.62,839,4212.0
0.01,22.0,0.46,1145,5331.0
0.008,30.0,0.45,829,4666.0
0.014,29.0,0.52,1187,4110.0
0.015,21.0,0.51,1120,5144.0
0.019,21.0,0.61,846,5854.0
0.02,29.0,0.49,942,4533.0
0.008,24.0,0.43,870,4740.0
0.007,22.0,0.54,945,5500.0
0.027,29.0,0.6,1024,4144.0
0.018,26.0,0.7,916,5813.0
0.016,20.0,0.7,1076,5279.0
0.012,30.0,0.52,1046,5433.0
0.005,28.0,0.7,1182,5963.0
0.02,29.0,0.63,1078,5421.0
0.026,23.0,0.69,1088,4570.0
0.006,28.0,0.5,890,5540.0
0.008,21.0,0.48,1020,4689.0
0.013,29.0,0.52,950,4764.0
0.025,24.0,0.57,1197,5185.0
0.007,22.0,0.67,802,5930.0
0.027,29.0,0.58,1061,5279.0
0.017,24.0,0.51,1064,4207.0
0.011,23.0,0.51,1120,4792.0
0.017,20.0,0.62,1071,5649.0
0.009,23.0,0.5,946,5201.0
0.012,23.0,0.54,921,5816.0
0.016,20.0,0.47,1080,5291.0
0.024,25.0,0.49,1007,4499.0
0.02,24.0,0.55,1126,4901.0
0.008,25.0,0.44,1140,4419.0
0.022,25.0,0.64,849,4343.0
0.009,22.0,0.7,1031,4298.0
0.029,27.0,0.57,863,4670.0
0.027,22.0,0.47,1047,5690.0
0.014,24.0,0.43,872,5068.0
0.029,27.0,0.69,1134,5288.0
0.009,23.0,0.61,1188,5762.0
0.018,20.0,0.66,954,4738.0
0.008,30.0,0.56,927,5928.0
0.006,20.0,0.42,1056,4423.0
0.015,22.0,0.57,926,4243.0
0.027,22.0,0.63,817,5918.0
0.025,26.0,0.4,907,5967.0
0.027,26.0,0.44,876,5788.0
0.006,26.0,0.45,1093,4771.0
0.017,25.0,0.45,1045,5433.0
0.015,21.0,0.44,946,4189.0
0.011,30.0,0.52,1156,4804.0
0.02,20.0,0.7,817,5474.0
0.01,30.0,0.45,921,5072.0
0.01,25.0,0.46,899,5139.0
0.022,22.0,0.68,997,4725.0
0.006,28.0,0.41,1200,4150.0
0.025,25.0,0.61,998,5650.0
0.013,24.0,0.44,808,5293.0
0.007,25.0,0.69,1022,4837.0
0.01,27.0,0.48,912,4417.0
0.008,27.0,0.65,984,4635.0
0.028,23.0,0.65,966,4305.0
0.014,23.0,0.62,870,4668.0
0.011,28.0,0.5,1123,5879.0
0.005,25.0,0.65,872,4635.0
0.027,30.0,0.65,828,4300.0
0.021,28.0,0.53,1115,5719.0
0.026,27.0,0.64,1040,4608.0
0.008,22.0,0.61,835,4414.0
0.018,23.0,0.58,858,5548.0
0.028,23.0,0.4,1172,5689.0
0.018,27.0,0.67,809,5091.0
0.014,21.0,0.68,1058,4072.0
0.013,30.0,0.47,911,4311.0
0.023,30.0,0.48,1087,4224.0
0.014,25.0,0.56,1058,4133.0
0.023,30.0,0.54,1139,5441.0
0.029,27.0,0.68,983,4521.0
0.021,20.0,0.45,895,5367.0
0.011,26.0,0.42,874,4336.0
0.025,23.0,0.4,998,4550.0
0.027,28.0,0.58,1026,5153.0
0.011,30.0,0.6,979,5028.0
0.005,25.0,0.64,1050,4880.0
0.02,26.0,0.6,923,4102.0
0.007,22.0,0.41,812,5864.0
0.015,20.0,0.46,979,4274.0
0.026,21.0,0.43,828,5712.0
0.014,21.0,0.64,975,4175.0
0.017,21.0,0.54,820,4979.0
0.027,23.0,0.43,1089,4762.0
0.014,30.0,0.7,974,5058.0
0.009,27.0,0.44,1117,4226.0
0.029,25.0,0.56,1019,5449.0
0.027,20.0,0.64,1184,4230.0
0.007,27.0,0.64,800,4319.0
0.016,28.0,0.41,980,5369.0
0.005,30.0,0.59,971,5633.0
0.027,28.0,0.53,1144,5239.0
0.02,22.0,0.49,890,4260.0
0.024,28.0,0.69,885,5429.0
0.01,23.0,0.68,946,4230.0
0.016,22.0,0.66,955,5125.0
0.007,26.0,0.45,903,5888.0
0.024,22.0,0.57,1146,4064.0
0.011,23.0,0.61,940,5539.0
0.015,30.0,0.57,993,5417.0
0.022,30.0,0.68,1152,4379.0
0.025,24.0,0.42,950,5708.0
0.016,26.0,0.66,1171,5591.0
0.023,26.0,0.63,1020,5131.0
0.01,21.0,0.46,1048,4819.0
0.024,25.0,0.64,1092,5555.0
0.026,20.0,0.48,1029,4598.0
0.014,20.0,0.59,1113,4942.0
0.021,20.0,0.64,875,5369.0
0.011,24.0,0.62,1039,5832.0
0.013,22.0,0.59,833,5064.0
0.014,30.0,0.41,982,5377.0
0.024,24.0,0.7,1198,4871.0
0.029,21.0,0.49,1153,4149.0
0.013,25.0,0.52,1124,4258.0
0.018,28.0,0.64,1104,5306.0
0.016,27.0,0.46,1141,4695.0
0.029,28.0,0.42,913,4999.0
0.025,22.0,0.53,885,5338.0
0.014,21.0,0.67,1039,5393.0
0.013,22.0,0.5,1111,4801.0
0.009,26.0,0.44,1182,4479.0
0.024,21.0,0.68,978,5542.0
0.022,30.0,0.64,1135,4527.0
0.016,21.0,0.54,894,4267.0
0.024,26.0,0.68,1037,5099.0
0.028,24.0,0.63,909,5719.0
0.013,21.0,0.67,839,5554.0
0.009,29.0,0.57,946,5551.0
0.006,30.0,0.64,968,5409.0
0.017,20.0,0.57,1113,4001.0
0.006,30.0,0.44,1168,5737.0
0.007,30.0,0.57,887,4681.0
0.026,26.0,0.49,1032,5220.0
0.015,25.0,0.65,810,5802.0
0.021,25.0,0.48,1190,4230.0
0.021,22.0,0.69,878,5608.0
0.021,28.0,0.57,857,5974.0
0.006,20.0,0.64,974,5834.0
0.009,29.0,0.52,861,4369.0
0.005,25.0,0.54,895,5159.0
0.03,25.0,0.45,950,4894.0
0.01,23.0,0.7,877,4789.0
0.018,26.0,0.49,949,4455.0
0.005,24.0,0.53,806,4772.0
0.011,26.0,0.64,1059,5397.0
0.012,25.0,0.68,1070,4061.0
0.024,29.0,0.51,1042,5017.0
0.027,23.0,0.6,961,4837.0
0.008,24.0,0.42,1192,5081.0
0.01,26.0,0.68,810,5077.0
0.013,24.0,0.47,1061,5580.0
0.028,25.0,0.63,1040,4483.0
0.015,23.0,0.56,928,4273.0
0.01,21.0,0.4,902,4953.0
0.019,27.0,0.61,1043,4463.0
0.012,24.0,0.47,826,4256.0
0.024,20.0,0.44,819,4656.0
0.01,21.0,0.54,1169,5290.0
0.008,30.0,0.7,1003,5974.0
0.012,27.0,0.56,805,5938.0
0.014,24.0,0.42,881,4490.0
0.025,23.0,0.56,1168,5212.0
0.019,27.0,0.47,1006,4027.0
0.007,20.0,0.66,1037,5474.0
0.013,29.0,0.51,866,4883.0
0.006,26.0,0.68,864,4606.0
0.026,27.0,0.47,1133,5374.0
0.025,21.0,0.52,938,5721.0
0.017,27.0,0.54,989,5309.0
0.015,30.0,0.42,1100,4663.0
0.022,28.0,0.5,1042,5708.0
0.016,29.0,0.6,1096,5754.0
0.013,23.0,0.68,1057,4616.0
0.01,24.0,0.53,983,5520.0
0.018,27.0,0.68,853,4885.0
0.017,24.0,0.55,1001,4418.0
0.022,29.0,0.67,1179,4807.0
0.014,29.0,0.4,946,5642.0
0.015,24.0,0.44,1018,5524.0
0.021,20.0,0.51,863,4447.0
0.017,24.0,0.57,937,4783.0
0.022,28.0,0.58,1060,4388.0
0.011,25.0,0.58,1059,5155.0
0.029,28.0,0.54,975,4165.0
0.019,29.0,0.43,907,5488.0
0.024,21.0,0.6,1109,4860.0
0.022,22.0,0.48,1179,4220.0
0.009,30.0,0.65,1001,4790.0
0.026,26.0,0.48,1031,5755.0
0.007,24.0,0.66,812,5045.0
0.022,28.0,0.56,1168,4211.0
0.011,25.0,0.57,911,5509.0
0.024,30.0,0.56,1189,4914.0
0.03,25.0,0.58,1166,4105.0
0.015,22.0,0.43,878,4571.0
0.024,25.0,0.51,881,5407.0
0.014,30.0,0.43,1058,5921.0
0.024,25.0,0.52,954,4889.0
0.02,24.0,0.52,1179,4584.0
0.012,30.0,0.47,1103,5265.0
0.021,28.0,0.68,1118,4610.0
0.022,26.0,0.47,1174,4352.0
0.02,24.0,0.42,983,5980.0
0.012,30.0,0.47,1160,5376.0
0.019,29.0,0.44,1118,4138.0
0.009,22.0,0.52,1174,4368.0
0.028,29.0,0.44,1183,4715.0
0.026,22.0,0.59,886,4253.0
0.02,21.0,0.45,866,5714.0
0.022,29.0,0.43,933,4071.0
0.006,28.0,0.4,1134,4547.0
0.006,28.0,0.55,980,5223.0
0.027,27.0,0.44,979,4601.0
0.006,30.0,0.54,951,4560.0
0.011,22.0,0.44,1173,5379.0
0.015,26.0,0.56,1033,4102.0
0.01,30.0,0.52,920,4261.0
0.022,21.0,0.63,1091,5733.0
0.011,22.0,0.52,1112,4551.0
0.016,20.0,0.55,1149,5798.0
0.029,29.0,0.4,930,5522.0
0.02,30.0,0.51,961,5921.0
0.026,23.0,0.49,1196,4298.0
0.017,21.0,0.51,1162,4785.0
0.024,24.0,0.49,1098,5878.0
0.019,27.0,0.66,808,4044.0
0.006,29.0,0.7,1127,4528.0
0.024,24.0,0.44,869,5315.0
0.017,27.0,0.55,830,4496.0
0.014,27.0,0.41,810,5319.0
0.008,30.0,0.66,964,4186.0
0.025,28.0,0.64,835,4757.0
0.023,30.0,0.51,1080,5468.0
0.026,24.0,0.7,1170,4293.0
0.022,29.0,0.52,805,4436.0
0.025,23.0,0.55,974,5977.0
0.01,30.0,0.55,1177,5447.0
0.006,27.0,0.63,810,4604.0
0.015,26.0,0.68,947,4338.0
0.024,22.0,0.43,1072,4910.0
0.006,23.0,0.63,1004,5297.0
0.021,26.0,0.53,876,5437.0
0.02,29.0,0.5,1075,5017.0
0.016,26.0,0.6,1006,4071.0
0.027,25.0,0.56,986,4389.0
0.024,30.0,0.47,815,5090.0
0.023,21.0,0.59,1085,4488.0
0.024,26.0,0.47,871,4221.0
0.017,22.0,0.66,1127,5512.0
0.01,21.0,0.6,1198,4215.0
0.01,27.0,0.4,1090,4249.0
0.013,24.0,0.54,958,5341.0
0.025,23.0,0.61,814,5161.0
0.009,22.0,0.54,837,4267.0
0.007,28.0,0.42,806,4976.0
0.019,20.0,0.6,1034,4156.0
0.007,22.0,0.45,985,4991.0
0.006,25.0,0.51,1010,4423.0
0.025,25.0,0.58,927,4557.0
0.029,26.0,0.46,1047,5627.0
0.013,27.0,0.4,1139,4447.0
0.018,20.0,0.53,872,5567.0
0.01,22.0,0.56,952,4026.0
0.011,25.0,0.42,920,5535.0
0.009,24.0,0.64,1042,4267.0
0.005,23.0,0.49,982,5094.0
0.018,23.0,0.64,1123,5607.0
0.016,21.0,0.51,1112,5230.0
0.014,28.0,0.43,1098,5619.0
0.01,25.0,0.5,960,4372.0
0.01,21.0,0.45,988,4246.0
0.005,24.0,0.46,1023,5137.0
0.007,30.0,0.46,934,4814.0
0.018,28.0,0.57,1148,5611.0
0.006,21.0,0.54,824,4036.0
0.021,29.0,0.42,1045,5678.0
0.01,23.0,0.59,828,4549.0
0.013,29.0,0.57,1150,5517.0
0.017,21.0,0.61,954,4951.0
0.013,22.0,0.54,1083,5326.0
0.019,23.0,0.69,1010,5438.0
0.015,27.0,0.53,1147,4405.0
0.02,30.0,0.46,1111,5793.0
0.02,25.0,0.69,990,5915.0
0.02,29.0,0.58,1134,5248.0
0.009,21.0,0.62,873,5373.0
0.012,20.0,0.54,978,5847.0
0.01,27.0,0.58,1056,4654.0
0.006,20.0,0.52,804,5552.0
0.015,22.0,0.65,1060,5761.0
0.026,29.0,0.46,972,4677.0
0.018,26.0,0.64,1035,4403.0
0.024,20.0,0.48,860,4126.0
0.029,29.0,0.44,1017,4080.0
0.009,26.0,0.6,1021,4876.0
0.027,30.0,0.57,973,4052.0
0.02,22.0,0.67,855,5336.0
0.026,21.0,0.48,830,5005.0
0.015,23.0,0.62,960,5450.0
0.014,22.0,0.42,920,5233.0
0.03,30.0,0.45,1099,4014.0
0.006,21.0,0.58,1028,5512.0
0.019,24.0,0.62,929,4705.0
0.016,20.0,0.65,1119,5007.0
0.013,27.0,0.7,1173,5063.0
0.011,24.0,0.62,1166,5790.0
0.028,23.0,0.6,905,5852.0
0.017,28.0,0.62,886,4120.0
0.019,25.0,0.61,989,4691.0
0.008,26.0,0.65,903,4177.0
0.025,29.0,0.66,956,5852.0
0.015,24.0,0.61,913,4083.0
0.013,20.0,0.44,1085,5657.0
0.02,27.0,0.47,1079,4217.0
0.028,28.0,0.67,966,4437.0
0.006,27.0,0.64,833,4379.0
0.024,24.0,0.49,1178,5667.0
0.028,28.0,0.45,907,4762.0
0.025,24.0,0.67,934,4024.0
0.006,26.0,0.63,1066,5358.0
0.007,29.0,0.69,1026,4633.0
0.011,27.0,0.47,861,5036.0
0.007,28.0,0.47,1115,5774.0
0.014,28.0,0.65,1158,5911.0
0.01,26.0,0.54,1152,5881.0
0.022,26.0,0.43,1082,4605.0
0.009,24.0,0.45,833,5781.0
0.023,28.0,0.66,1157,4462.0
0.018,26.0,0.41,866,5498.0
0.029,21.0,0.57,984,4485.0
0.005,22.0,0.48,969,4508.0
0.018,27.0,0.52,1130,5948.0
0.013,22.0,0.43,1032,5755.0
0.026,21.0,0.64,832,4261.0
0.017,30.0,0.47,832,4294.0
0.021,23.0,0.45,1016,5497.0
0.03,28.0,0.42,887,4088.0
0.005,26.0,0.55,831,4236.0
0.028,27.0,0.58,803,4605.0
0.01,28.0,0.67,837,4929.0
0.022,30.0,0.5,805,4822.0
0.02,23.0,0.53,1080,4033.0
0.012,23.0,0.58,1128,4873.0
0.015,27.0,0.64,812,4583.0
0.017,30.0,0.6,1052,4296.0
0.021,28.0,0.42,1094,5801.0
0.014,28.0,0.68,1035,5040.0
0.008,25.0,0.67,1069,4511.0
0.021,23.0,0.7,809,5049.0
0.019,28.0,0.47,908,4889.0
0.016,20.0,0.46,983,5790.0
0.009,30.0,0.64,861,4158.0
0.017,29.0,0.63,1001,4797.0
0.027,21.0,0.6,950,5304.0
0.021,23.0,0.63,922,5596.0
0.016,21.0,0.68,873,5466.0
0.027,26.0,0.43,881,5680.0
0.007,21.0,0.64,1028,5901.0
0.025,24.0,0.49,1054,4242.0
0.005,29.0,0.53,1154,4114.0
0.025,24.0,0.51,1001,4791.0
0.007,30.0,0.52,1197,4772.0
0.01,30.0,0.57,1162,4143.0
0.019,24.0,0.63,1163,5385.0
0.017,23.0,0.65,1107,4688.0
0.006,30.0,0.55,1054,5636.0
0.01,27.0,0.51,875,4933.0
0.019,25.0,0.56,1063,4231.0
0.023,23.0,0.56,1079,4589.0
0.022,21.0,0.68,1156,5284.0
0.028,22.0,0.49,1175,4941.0
0.022,29.0,0.43,924,4286.0
0.013,27.0,0.69,1175,5867.0
0.029,28.0,0.51,1003,5935.0
0.012,29.0,0.52,889,5577.0
0.03,22.0,0.53,1105,5614.0
0.028,24.0,0.7,1165,5096.0
0.015,23.0,0.4,1123,4752.0
0.007,24.0,0.43,990,5482.0
0.013,20.0,0.49,1043,5230.0
0.022,28.0,0.47,828,5925.0
0.012,20.0,0.45,1048,4438.0
0.021,29.0,0.49,1029,4634.0
0.011,21.0,0.57,1073,5188.0
0.012,24.0,0.41,1181,5171.0
0.014,30.0,0.66,1148,5586.0
0.008,30.0,0.57,1143,5590.0
0.021,24.0,0.5,1179,5601.0
0.006,22.0,0.42,958,4553.0
0.014,20.0,0.43,1014,5638.0
0.014,26.0,0.4,888,5621.0
0.029,30.0,0.66,1064,4826.0
0.016,20.0,0.41,1139,5708.0
0.028,28.0,0.46,1168,5455.0
0.028,29.0,0.44,1120,4584.0
0.029,21.0,0.65,871,4966.0
0.028,22.0,0.68,1030,5943.0
0.018,21.0,0.4,1129,4756.0
0.005,24.0,0.46,1000,4468.0
0.028,30.0,0.68,1127,5439.0
0.012,26.0,0.43,1187,4780.0
0.022,23.0,0.5,1065,5134.0
0.017,30.0,0.53,865,4477.0
0.01,26.0,0.51,986,5857.0
0.005,25.0,0.57,826,4808.0
0.008,22.0,0.51,983,5184.0
0.027,24.0,0.48,1083,5358.0
0.024,25.0,0.44,970,5490.0
0.013,23.0,0.68,1159,4916.0
0.009,24.0,0.48,801,5411.0
0.016,28.0,0.52,826,5601.0
0.015,27.0,0.61,969,5407.0
0.009,27.0,0.52,958,5137.0
0.025,30.0,0.4,861,5168.0
0.011,27.0,0.56,969,4617.0
0.015,26.0,0.7,961,4238.0
0.017,28.0,0.48,1100,4530.0
0.026,28.0,0.44,980,4920.0
0.006,24.0,0.67,891,4773.0
0.006,27.0,0.56,823,4915.0
0.015,20.0,0.63,1018,4365.0
0.017,28.0,0.7,933,5389.0
0.009,26.0,0.48,900,4809.0
0.01,26.0,0.6,1115,5218.0
0.007,25.0,0.59,1067,4016.0
0.02,24.0,0.43,978,4691.0
0.016,22.0,0.67,974,4276.0
0.018,23.0,0.54,898,5025.0
0.008,20.0,0.44,1078,4623.0
0.015,27.0,0.67,1159,5786.0
0.006,30.0,0.43,804,4645.0
0.018,22.0,0.4,904,5064.0
0.025,30.0,0.54,1183,5388.0
0.019,29.0,0.45,1050,5540.0
0.016,27.0,0.68,1061,5958.0
0.026,30.0,0.59,1009,5932.0
0.029,27.0,0.65,820,5026.0
0.009,20.0,0.6,1046,4144.0
0.023,23.0,0.42,1168,5890.0
0.021,24.0,0.56,882,4027.0
0.024,21.0,0.52,1151,5919.0
0.019,24.0,0.58,931,5157.0
0.007,21.0,0.62,1084,5601.0
0.008,20.0,0.55,989,5510.0
0.007,28.0,0.45,1193,4730.0
0.028,23.0,0.67,1047,5520.0
0.019,28.0,0.46,821,5860.0
0.021,26.0,0.67,1009,5093.0
0.015,26.0,0.7,852,4487.0
0.011,28.0,0.56,818,4956.0
0.007,22.0,0.46,855,5911.0
0.011,30.0,0.7,909,4895.0
0.006,28.0,0.66,889,4302.0
0.018,25.0,0.69,1165,4405.0
0.012,24.0,0.42,909,5706.0
0.026,25.0,0.68,1086,5472.0
0.017,25.0,0.61,892,5104.0
0.018,23.0,0.54,1056,5191.0
0.014,26.0,0.7,916,5867.0
0.029,23.0,0.67,981,5151.0
0.021,22.0,0.61,940,4920.0
0.024,24.0,0.59,966,4464.0
0.014,26.0,0.47,1032,5929.0
0.01,24.0,0.61,1200,4349.0
0.016,29.0,0.46,991,4327.0
0.01,24.0,0.6,862,5472.0
0.019,20.0,0.69,1140,4950.0
0.008,29.0,0.42,940,5865.0
0.014,27.0,0.47,832,4636.0
0.009,27.0,0.41,982,4855.0
0.007,28.0,0.67,892,4999.0
0.015,25.0,0.43,960,5531.0
0.029,20.0,0.57,941,5773.0
0.013,29.0,0.6,1198,5557.0
0.028,25.0,0.68,921,5834.0
0.024,22.0,0.42,1178,4695.0
0.029,21.0,0.68,1006,4024.0
0.019,21.0,0.48,1149,4702.0
0.021,21.0,0.46,896,5617.0
0.02,20.0,0.54,1153,4306.0
0.018,26.0,0.62,1012,5048.0
0.019,23.0,0.44,942,4534.0
0.016,24.0,0.47,1068,5366.0
0.007,28.0,0.53,945,5399.0
0.014,24.0,0.44,1181,5176.0
0.01,27.0,0.41,1061,5514.0
0.013,25.0,0.46,1042,4063.0
0.028,28.0,0.42,912,4647.0
0.014,22.0,0.65,999,4716.0
0.026,24.0,0.67,868,4296.0
0.02,28.0,0.69,858,4287.0
0.027,29.0,0.52,838,4916.0
0.009,23.0,0.66,1138,4315.0
0.014,20.0,0.56,906,4106.0
0.006,26.0,0.64,834,5578.0
0.007,25.0,0.65,1132,4090.0
0.024,22.0,0.47,1065,4956.0
0.013,28.0,0.51,1199,4186.0
0.009,23.0,0.63,976,4622.0
0.023,27.0,0.63,1032,5937.0
0.018,29.0,0.56,1063,4257.0
0.016,20.0,0.66,1079,5983.0
0.018,25.0,0.61,912,5679.0
0.021,26.0,0.57,852,5556.0
0.024,22.0,0.41,938,4420.0
0.025,29.0,0.62,1017,5820.0
0.014,21.0,0.47,1127,4158.0
0.006,25.0,0.51,1193,4868.0
0.024,28.0,0.52,863,4211.0
0.021,26.0,0.62,949,4293.0
0.016,30.0,0.65,1105,5841.0
0.016,30.0,0.49,948,4382.0
0.024,30.0,0.63,1153,5636.0
0.018,22.0,0.43,1149,5021.0
0.011,23.0,0.44,827,4874.0
0.015,22.0,0.59,1096,4791.0
0.024,27.0,0.6,874,4494.0
0.013,29.0,0.43,1083,5174.0
0.025,26.0,0.69,1045,4995.0
0.016,29.0,0.5,869,5234.0
0.01,22.0,0.54,941,5706.0
0.026,27.0,0.59,993,5086.0
0.027,21.0,0.4,1037,5178.0
0.021,20.0,0.53,953,5083.0
0.019,28.0,0.42,841,4799.0
0.006,25.0,0.43,838,4436.0
0.022,28.0,0.43,897,4729.0
0.022,27.0,0.62,884,5605.0
0.008,24.0,0.41,991,4292.0
0.009,29.0,0.44,1033,4057.0
0.008,21.0,0.55,902,4469.0
0.012,29.0,0.51,875,4232.0
0.01,21.0,0.56,948,5289.0
0.014,26.0,0.53,936,4096.0
0.01,21.0,0.61,1191,5613.0
0.019,21.0,0.57,1071,5092.0
0.015,26.0,0.4,839,5630.0
0.028,24.0,0.64,1020,5645.0
0.01,20.0,0.66,899,5022.0
0.028,22.0,0.6,1073,4036.0
0.013,23.0,0.47,1053,4997.0
0.012,25.0,0.46,920,5662.0
0.014,24.0,0.6,1162,4624.0
0.011,29.0,0.56,885,5340.0
0.027,26.0,0.69,1047,5070.0
0.023,28.0,0.42,1125,4857.0
0.02,26.0,0.58,823,5134.0
0.021,21.0,0.41,1029,5912.0
0.007,23.0,0.63,1098,5640.0
0.013,21.0,0.61,1137,5238.0
0.005,30.0,0.64,891,5964.0
0.02,21.0,0.43,955,4324.0
0.019,30.0,0.5,1149,4302.0
0.027,24.0,0.62,905,4009.0
0.017,21.0,0.69,1177,4408.0
0.009,25.0,0.43,803,4764.0
0.027,21.0,0.64,916,4795.0
0.029,26.0,0.7,999,5280.0
0.015,22.0,0.59,1114,4758.0
0.019,20.0,0.48,826,4878.0
0.013,28.0,0.48,1012,5572.0
0.007,25.0,0.42,991,5166.0
0.018,29.0,0.58,924,5832.0
0.028,30.0,0.68,1044,5637.0
0.025,22.0,0.56,871,5317.0
0.028,30.0,0.7,1029,5349.0
0.017,26.0,0.55,957,5153.0
0.028,22.0,0.57,916,4274.0
0.015,22.0,0.54,1163,5868.0
0.006,20.0,0.51,839,5645.0
0.017,25.0,0.63,853,4842.0
0.015,26.0,0.47,841,5978.0
0.024,29.0,0.67,1067,5022.0
0.022,23.0,0.41,896,5935.0
0.02,21.0,0.67,833,4271.0
0.029,21.0,0.61,1079,5609.0
0.014,23.0,0.62,1076,5179.0
0.02,29.0,0.43,1183,4570.0
0.012,26.0,0.51,840,4971.0
0.015,24.0,0.66,1004,4220.0
0.025,26.0,0.4,971,4775.0
0.022,28.0,0.48,1154,4415.0
0.006,23.0,0.48,1200,5033.0
0.012,26.0,0.53,801,4101.0
0.016,27.0,0.54,950,5475.0
0.012,27.0,0.67,850,4605.0
0.014,21.0,0.64,1144,5903.0
0.019,20.0,0.46,1090,5893.0
0.013,21.0,0.44,995,4563.0
0.029,25.0,0.41,843,5153.0
0.016,27.0,0.7,944,4704.0
0.021,28.0,0.64,1180,5493.0
0.006,29.0,0.62,1082,4562.0
0.01,23.0,0.67,1099,5447.0
0.015,27.0,0.49,997,4871.0
0.012,21.0,0.7,1194,5765.0
0.029,24.0,0.7,1178,4686.0
0.028,28.0,0.55,969,4037.0
0.025,23.0,0.6,1013,4853.0
0.017,23.0,0.48,1024,5063.0
0.026,24.0,0.53,1145,4141.0
0.013,29.0,0.42,1083,5317.0
0.02,27.0,0.49,884,4960.0
0.01,24.0,0.47,1164,4390.0
0.017,30.0,0.47,837,5157.0
0.01,28.0,0.62,813,4313.0
0.024,26.0,0.6,1150,4114.0
0.019,27.0,0.67,884,5198.0
0.021,23.0,0.53,1020,5135.0
0.024,20.0,0.49,1042,5948.0
0.019,30.0,0.58,951,4492.0
0.007,27.0,0.69,1028,5381.0
0.016,24.0,0.61,1080,5904.0
0.008,27.0,0.6,1075,4664.0
0.012,30.0,0.42,915,5849.0
0.011,24.0,0.55,872,5888.0
0.028,23.0,0.52,868,4465.0
0.019,27.0,0.54,822,5274.0
0.008,30.0,0.47,1095,4509.0
0.008,26.0,0.5,843,5473.0
0.018,24.0,0.52,1155,4051.0
0.028,22.0,0.42,847,4763.0
0.017,30.0,0.42,1116,5982.0
0.028,20.0,0.45,1149,5546.0
0.02,28.0,0.64,962,4886.0
0.03,28.0,0.47,1172,4005.0
0.009,25.0,0.51,983,5921.0
0.029,28.0,0.69,1020,5790.0
0.017,29.0,0.61,975,5636.0
0.014,22.0,0.43,807,4081.0
0.02,29.0,0.51,1019,5084.0
0.02,27.0,0.65,1015,5424.0
0.021,24.0,0.44,967,4541.0
0.025,25.0,0.63,1142,4668.0
0.026,25.0,0.43,955,5717.0
0.009,21.0,0.58,869,5998.0
0.011,30.0,0.68,980,4541.0
0.024,30.0,0.53,983,4094.0
0.008,23.0,0.43,977,5528.0
0.005,28.0,0.43,941,5093.0
0.025,20.0,0.45,944,5873.0
0.025,20.0,0.55,1174,4196.0
0.006,26.0,0.51,805,4688.0
0.022,23.0,0.51,1007,5161.0
0.005,24.0,0.56,978,5439.0
0.029,22.0,0.44,934,5808.0
0.008,27.0,0.45,938,5038.0
0.01,28.0,0.7,1173,5124.0
0.021,21.0,0.4,866,5243.0
0.022,26.0,0.7,1072,5942.0
0.006,30.0,0.63,1196,4771.0
0.022,28.0,0.7,1087,4755.0
0.015,25.0,0.66,1014,4085.0
0.016,23.0,0.48,1075,5588.0
0.029,24.0,0.47,1187,4372.0
0.027,25.0,0.68,1198,4715.0
0.029,20.0,0.61,1161,5259.0
0.014,20.0,0.42,1138,5189.0
0.011,20.0,0.63,1195,5424.0
0.023,27.0,0.48,1146,5732.0
0.016,25.0,0.59,861,5341.0
0.014,20.0,0.41,878,4314.0
0.024,23.0,0.65,913,4688.0
0.024,21.0,0.54,1107,5249.0
0.01,20.0,0.53,810,4565.0
0.026,30.0,0.51,1027,4240.0
0.02,28.0,0.58,866,4232.0
0.023,23.0,0.53,867,5649.0
0.023,24.0,0.61,953,5304.0
0.022,27.0,0.65,1013,4643.0
0.011,25.0,0.54,967,4755.0
0.029,27.0,0.4,1093,4762.0
0.029,25.0,0.6,1192,4115.0
0.018,21.0,0.4,1145,4969.0
0.017,20.0,0.51,1079,4936.0
0.029,29.0,0.58,1023,5280.0
0.006,24.0,0.42,822,4018.0
0.009,24.0,0.51,1169,4776.0
0.006,30.0,0.6,1146,5206.0
0.008,30.0,0.7,1003,5096.0
0.011,26.0,0.65,1025,5167.0
0.029,25.0,0.42,907,5246.0
0.009,25.0,0.51,938,4593.0
0.016,24.0,0.44,949,4709.0
0.012,26.0,0.66,916,4044.0
0.018,22.0,0.51,1098,5339.0
0.011,25.0,0.56,1011,5615.0
0.01,25.0,0.44,1149,4072.0
0.012,28.0,0.65,1108,4513.0
0.006,30.0,0.44,882,5390.0
0.028,29.0,0.45,1138,5109.0
0.008,24.0,0.56,826,4760.0
0.018,30.0,0.63,831,4507.0
0.027,21.0,0.68,860,5218.0
0.027,28.0,0.44,902,4796.0
0.018,25.0,0.48,1027,4360.0
0.021,29.0,0.53,874,5089.0
0.019,20.0,0.62,1098,4306.0
0.021,22.0,0.69,1057,5137.0
0.025,27.0,0.53,1088,4727.0
0.013,24.0,0.53,876,5153.0
0.029,27.0,0.61,970,5991.0
0.025,22.0,0.66,1081,4490.0
0.018,30.0,0.63,810,5287.0
0.01,26.0,0.59,854,5426.0
0.019,21.0,0.6,1185,5736.0
0.01,25.0,0.46,931,4256.0
0.024,22.0,0.61,934,5704.0
0.006,23.0,0.46,861,4419.0
0.02,27.0,0.59,1174,5167.0
0.011,25.0,0.66,833,4268.0
0.021,30.0,0.56,856,5748.0
0.014,22.0,0.44,813,5898.0
0.007,26.0,0.45,1172,4686.0
0.015,21.0,0.56,1150,5886.0
0.009,27.0,0.53,1097,4492.0
0.014,20.0,0.48,859,4023.0
0.016,20.0,0.6,845,5209.0
0.005,22.0,0.61,884,5679.0
0.024,25.0,0.5,802,5790.0
0.014,30.0,0.46,1050,5660.0
0.01,21.0,0.44,832,4734.0
0.015,22.0,0.65,1086,5597.0
0.017,21.0,0.64,1047,4679.0
0.026,27.0,0.48,1188,4286.0
0.012,22.0,0.62,1031,4491.0
0.026,24.0,0.69,1157,5013.0
0.023,27.0,0.43,1001,4348.0
0.023,29.0,0.57,1187,4894.0
0.024,24.0,0.47,820,4921.0
0.013,24.0,0.5,1174,5920.0
0.008,23.0,0.49,958,5335.0
0.015,21.0,0.5,965,4599.0
0.011,30.0,0.4,1096,5695.0
0.024,26.0,0.66,1106,4094.0
0.007,25.0,0.51,1029,5499.0
0.028,29.0,0.47,1143,5802.0
0.017,26.0,0.61,1039,4863.0
0.008,30.0,0.59,900,4969.0
0.028,27.0,0.68,1028,5993.0
0.022,22.0,0.43,980,5001.0
0.023,27.0,0.55,837,4825.0
0.023,27.0,0.7,1068,4585.0
0.022,28.0,0.47,811,4391.0
0.017,28.0,0.69,942,4614.0
0.021,24.0,0.55,910,4525.0
0.027,21.0,0.41,1179,5365.0
0.01,25.0,0.68,935,5925.0
0.026,24.0,0.65,862,5282.0
0.021,28.0,0.57,800,5499.0
0.019,28.0,0.44,1191,5216.0
0.029,22.0,0.54,1095,4224.0
0.023,26.0,0.68,1071,4057.0
0.022,28.0,0.6,1044,4291.0
0.009,20.0,0.55,837,4537.0
0.026,24.0,0.53,847,4885.0
0.011,20.0,0.54,922,5024.0
0.009,20.0,0.49,1044,5916.0
0.011,22.0,0.41,1096,4189.0
0.027,24.0,0.69,1043,5308.0
0.005,30.0,0.62,891,5919.0
0.024,25.0,0.5,1171,5063.0
0.028,26.0,0.49,907,4163.0
0.01,20.0,0.4,829,5262.0
0.012,27.0,0.65,1047,4021.0
0.012,26.0,0.44,999,5469.0
0.021,27.0,0.7,954,4164.0
0.028,27.0,0.62,908,4358.0
0.007,30.0,0.59,1077,5992.0
0.027,25.0,0.45,858,5100.0
0.008,27.0,0.65,848,5913.0
0.014,22.0,0.49,976,5099.0
0.022,23.0,0.62,1126,4365.0
0.016,30.0,0.52,977,5145.0
0.016,21.0,0.51,1200,4904.0
0.027,27.0,0.64,977,5911.0
0.011,30.0,0.42,1115,4862.0
0.015,27.0,0.61,1008,4332.0
0.016,20.0,0.7,900,5802.0
0.029,28.0,0.41,903,4717.0
0.011,27.0,0.68,1103,5597.0
0.015,24.0,0.47,1029,5658.0
0.014,30.0,0.57,858,4904.0
0.009,26.0,0.6,1067,5489.0
0.009,28.0,0.56,1154,4335.0
0.02,21.0,0.44,1143,5311.0
0.008,28.0,0.52,1051,5410.0
0.019,26.0,0.4,1153,4831.0
0.03,28.0,0.61,1022,4945.0
0.026,21.0,0.48,1171,5204.0
0.029,27.0,0.51,1124,5970.0
0.023,29.0,0.59,995,4798.0
0.009,24.0,0.69,984,5445.0
0.011,22.0,0.41,810,4079.0
0.027,23.0,0.52,815,5413.0
0.028,21.0,0.61,892,5187.0
0.013,26.0,0.4,1175,5005.0
0.027,25.0,0.52,1056,5470.0
0.023,29.0,0.4,978,4601.0
0.015,23.0,0.46,1160,5053.0
0.01,30.0,0.62,833,5201.0
0.007,29.0,0.58,938,5949.0
0.014,20.0,0.64,982,4051.0
0.012,23.0,0.49,1035,4264.0
0.025,30.0,0.43,966,5522.0
0.005,20.0,0.44,846,4014.0
0.016,26.0,0.54,1196,5249.0
0.007,26.0,0.7,1045,5649.0
0.011,28.0,0.46,1006,4799.0
0.021,30.0,0.51,1049,5192.0
0.02,20.0,0.43,848,4408.0
0.005,27.0,0.69,948,4767.0
0.021,29.0,0.6,822,4638.0
0.006,23.0,0.67,971,4416.0
0.007,29.0,0.65,977,4398.0
0.028,30.0,0.55,1093,4454.0
0.026,21.0,0.53,830,5088.0
0.008,28.0,0.4,821,4594.0
0.008,23.0,0.5,821,4646.0
0.027,25.0,0.61,1018,5748.0
0.014,30.0,0.69,1199,4776.0
0.019,30.0,0.61,1173,5376.0
0.015,24.0,0.65,1011,5711.0
0.023,23.0,0.68,1010,5374.0
0.024,21.0,0.65,878,4609.0
0.02,22.0,0.64,1197,4784.0
0.029,21.0,0.67,844,5669.0
0.015,24.0,0.54,1061,5411.0
0.007,25.0,0.47,1025,4775.0
0.022,22.0,0.4,1150,5732.0
0.006,29.0,0.64,973,5705.0
0.021,30.0,0.65,957,5438.0
0.014,20.0,0.68,832,5395.0
0.018,20.0,0.47,1099,4167.0
0.029,20.0,0.57,1040,4996.0
0.025,22.0,0.64,1081,5795.0
0.022,20.0,0.43,1177,5841.0
0.015,30.0,0.49,919,4540.0
0.028,28.0,0.47,818,4336.0
0.016,21.0,0.43,991,4604.0
0.013,29.0,0.4,1023,5054.0
0.009,20.0,0.52,1136,4005.0
0.006,27.0,0.6,1103,4677.0
0.01,21.0,0.55,915,4301.0
0.008,20.0,0.43,1073,5019.0
0.025,26.0,0.49,1093,4487.0
0.027,23.0,0.67,1076,5294.0
0.02,26.0,0.41,1053,4374.0
0.011,21.0,0.65,1014,4764.0
0.016,20.0,0.67,966,4688.0
0.022,30.0,0.51,835,4825.0
0.01,24.0,0.64,1015,5605.0
0.009,25.0,0.62,984,4461.0
0.023,20.0,0.48,1100,4168.0
0.006,25.0,0.52,1001,5821.0
0.008,28.0,0.61,951,5387.0
0.015,27.0,0.51,919,4143.0
0.014,30.0,0.55,913,4757.0
0.023,30.0,0.67,901,4454.0
0.008,22.0,0.57,813,4678.0
0.014,22.0,0.66,1084,5860.0
0.006,22.0,0.49,1025,4675.0
0.019,24.0,0.55,893,5995.0
0.018,26.0,0.55,867,5964.0
0.005,27.0,0.65,1021,5372.0
0.022,26.0,0.7,811,4890.0
0.025,30.0,0.46,934,4096.0
0.018,21.0,0.4,994,4959.0
0.007,20.0,0.6,1023,5793.0
0.021,25.0,0.51,1008,4772.0
0.016,24.0,0.68,826,5740.0
0.015,27.0,0.53,940,5727.0
0.018,21.0,0.7,1142,4936.0
0.013,21.0,0.43,1104,5273.0
0.007,25.0,0.67,825,4861.0
0.016,26.0,0.6,1148,5097.0
0.015,27.0,0.42,1125,4910.0
0.016,20.0,0.6,860,5614.0
0.006,29.0,0.57,1185,4760.0
0.027,21.0,0.52,1147,5778.0
0.03,22.0,0.53,1194,4783.0
0.021,27.0,0.61,887,5780.0
0.01,21.0,0.43,1052,4350.0
0.01,30.0,0.56,891,4391.0
0.005,24.0,0.57,1050,4039.0
0.023,20.0,0.48,910,5492.0
0.02,27.0,0.68,1109,4315.0
0.023,27.0,0.53,1138,5777.0
0.016,30.0,0.44,1041,4284.0
0.025,26.0,0.66,815,5000.0
0.024,27.0,0.57,1066,4456.0
0.015,28.0,0.67,1069,4053.0
0.012,28.0,0.5,1163,5099.0
0.008,29.0,0.58,1191,4639.0
0.01,23.0,0.56,800,5127.0
0.013,25.0,0.48,1182,5406.0
0.009,26.0,0.47,967,5352.0
0.021,29.0,0.66,1126,5449.0
0.03,20.0,0.59,940,4900.0
0.018,24.0,0.5,925,4437.0
0.023,24.0,0.49,871,4742.0
0.018,21.0,0.7,1154,4255.0
0.022,27.0,0.47,1145,4958.0
0.013,28.0,0.64,915,5871.0
0.013,25.0,0.51,981,4496.0
0.011,28.0,0.58,953,4863.0
0.011,21.0,0.54,1062,4419.0
0.009,29.0,0.43,1194,5381.0
0.009,23.0,0.65,917,4927.0
0.009,25.0,0.51,819,4618.0
0.02,23.0,0.64,964,5887.0
0.01,22.0,0.66,1142,4282.0
0.025,21.0,0.56,831,5918.0
0.026,28.0,0.44,885,5302.0
0.02,22.0,0.56,1085,5981.0
0.009,24.0,0.48,860,5326.0
0.015,23.0,0.55,802,5632.0
0.029,27.0,0.67,1016,5021.0
0.026,22.0,0.4,983,5754.0
0.007,23.0,0.4,908,5211.0
0.025,21.0,0.63,845,4056.0
0.006,23.0,0.58,984,5659.0
0.017,27.0,0.67,1146,5018.0
0.009,23.0,0.6,988,4019.0
0.012,24.0,0.49,896,4133.0
0.025,22.0,0.58,1019,4490.0
0.017,24.0,0.67,905,5119.0
0.017,23.0,0.69,878,4397.0
0.007,29.0,0.7,964,5910.0
0.03,29.0,0.62,915,5023.0
0.009,21.0,0.46,1041,4742.0
0.022,21.0,0.43,1018,4940.0
0.03,23.0,0.45,1068,5059.0
0.028,23.0,0.63,1088,4549.0
0.009,26.0,0.53,843,4688.0
0.019,26.0,0.53,1118,4014.0
0.024,30.0,0.43,1010,5719.0
0.024,30.0,0.7,955,4642.0
0.01,20.0,0.44,920,4441.0
0.021,29.0,0.69,1033,4624.0
0.005,20.0,0.59,980,5271.0
0.013,24.0,0.65,861,4626.0
0.008,30.0,0.48,1151,5642.0
0.022,26.0,0.59,1036,5481.0
0.011,22.0,0.58,1138,4651.0
0.024,22.0,0.7,1110,4092.0
0.017,30.0,0.61,991,4252.0
0.013,22.0,0.55,843,5894.0
0.017,26.0,0.51,862,4134.0
0.024,23.0,0.51,1193,5342.0
0.013,24.0,0.59,949,5380.0
0.018,29.0,0.68,1119,5421.0
0.008,22.0,0.53,911,5384.0
0.018,25.0,0.69,977,5194.0
0.01,22.0,0.45,1176,5602.0
0.026,23.0,0.57,980,4273.0
0.027,22.0,0.65,913,4260.0
0.015,28.0,0.55,906,4752.0
0.008,21.0,0.48,867,5502.0
0.014,23.0,0.57,906,5300.0
0.014,30.0,0.43,1078,4677.0
0.026,23.0,0.45,1130,5031.0
0.01,22.0,0.62,924,5061.0
0.026,27.0,0.44,884,5623.0
0.014,30.0,0.64,1172,4898.0
0.023,20.0,0.66,1030,5606.0
0.014,26.0,0.63,1199,5084.0
0.013,27.0,0.44,906,4953.0
0.016,20.0,0.51,1181,4731.0
0.006,30.0,0.4,969,5997.0
0.016,25.0,0.4,1065,4300.0
0.01,27.0,0.6,825,5290.0
0.029,27.0,0.49,1035,4923.0
0.023,26.0,0.48,827,4146.0
0.011,21.0,0.67,920,4132.0
0.012,23.0,0.57,1168,4839.0
0.005,23.0,0.6,959,4895.0
0.02,21.0,0.5,862,4503.0
0.01,21.0,0.54,1108,4714.0
0.021,22.0,0.68,1160,4765.0
0.018,23.0,0.56,1111,5314.0
0.023,30.0,0.63,1101,5687.0
0.011,30.0,0.7,901,4293.0
0.024,30.0,0.46,1055,4629.0
0.025,22.0,0.6,1131,4489.0
0.013,28.0,0.64,931,5637.0
0.012,23.0,0.42,876,4340.0
0.006,29.0,0.57,1110,4886.0
0.006,27.0,0.55,852,5900.0
0.021,28.0,0.54,821,4617.0
0.016,22.0,0.48,965,4297.0
0.016,25.0,0.7,1183,4149.0
0.015,30.0,0.4,1197,4455.0
0.025,24.0,0.53,1009,5705.0
0.013,24.0,0.62,1022,5580.0
0.016,30.0,0.41,885,4391.0
0.006,24.0,0.54,1185,4205.0
0.015,29.0,0.69,931,5127.0
0.027,23.0,0.54,1037,4328.0
0.007,21.0,0.6,806,4441.0
0.013,20.0,0.55,1176,5167.0
0.027,27.0,0.54,1178,4146.0
0.023,25.0,0.57,1039,4632.0
0.024,26.0,0.55,1076,5475.0
0.008,25.0,0.63,842,4587.0
0.027,22.0,0.5,1037,4881.0
0.013,28.0,0.6,814,5076.0
0.01,28.0,0.68,1024,5601.0
0.012,23.0,0.57,840,4800.0
0.008,29.0,0.49,1159,4404.0
0.007,27.0,0.57,1075,5752.0
0.006,30.0,0.44,944,5538.0
0.024,29.0,0.53,844,5825.0
0.017,30.0,0.53,920,4062.0
0.016,28.0,0.63,1146,4669.0
0.011,20.0,0.63,1107,4484.0
0.015,30.0,0.6,1013,5857.0
0.011,27.0,0.56,1147,4089.0
0.027,22.0,0.52,1010,5854.0
0.006,23.0,0.48,895,5235.0
0.018,22.0,0.45,901,4823.0
0.006,25.0,0.45,931,5583.0
0.026,23.0,0.42,948,5241.0
0.015,25.0,0.5,1122,4872.0
0.015,24.0,0.42,1062,5734.0
0.02,30.0,0.55,1043,5740.0
0.01,27.0,0.43,1029,4020.0
0.009,25.0,0.65,1077,4396.0
0.014,23.0,0.65,987,4694.0
0.006,23.0,0.47,977,4035.0
0.009,26.0,0.41,1116,5328.0
0.023,23.0,0.6,983,4844.0
0.022,20.0,0.7,1144,5957.0
0.011,24.0,0.67,918,5873.0
0.007,20.0,0.52,1092,4024.0
0.021,22.0,0.43,1146,4129.0
0.029,21.0,0.57,1122,5000.0
0.023,22.0,0.53,1066,5721.0
0.016,22.0,0.45,855,5366.0
0.011,25.0,0.45,1158,4284.0
0.008,27.0,0.57,1168,5663.0
0.021,27.0,0.51,1136,5391.0
0.008,21.0,0.4,824,5609.0
0.024,20.0,0.48,905,4261.0
0.006,30.0,0.62,965,5106.0
0.011,22.0,0.65,955,4643.0
0.022,22.0,0.67,973,4989.0
0.022,20.0,0.62,856,5655.0
0.025,22.0,0.48,895,4799.0
0.027,22.0,0.53,962,4748.0
0.015,29.0,0.61,1118,4701.0
0.017,26.0,0.45,885,5929.0
0.02,21.0,0.56,1077,5014.0
0.009,21.0,0.42,828,5297.0
0.011,21.0,0.55,985,4110.0
0.014,28.0,0.47,861,5656.0
0.027,26.0,0.46,815,4545.0
0.023,22.0,0.67,1054,5680.0
0.012,30.0,0.47,857,4803.0
0.007,20.0,0.54,1093,4220.0
0.009,30.0,0.62,867,4129.0
0.007,24.0,0.49,865,4559.0
0.02,22.0,0.45,1035,5857.0
0.012,28.0,0.46,1063,4035.0
0.014,20.0,0.45,1156,4482.0
0.028,27.0,0.63,1161,5048.0
0.019,25.0,0.6,974,4306.0
0.02,20.0,0.48,937,5286.0
0.007,27.0,0.57,989,5996.0
0.026,27.0,0.49,1115,4093.0
0.019,21.0,0.64,1126,5161.0
0.029,27.0,0.46,805,4506.0
0.007,23.0,0.58,890,4482.0
0.027,23.0,0.67,1025,4046.0
0.026,23.0,0.63,1019,5202.0
0.016,24.0,0.68,930,4638.0
0.024,25.0,0.65,849,4308.0
0.021,30.0,0.46,989,5345.0
0.01,23.0,0.45,959,4963.0
0.013,21.0,0.51,948,5220.0
0.009,22.0,0.67,1141,4235.0
0.017,22.0,0.62,1193,4070.0
0.025,20.0,0.69,974,5881.0
0.026,29.0,0.46,860,5115.0
0.01,29.0,0.68,1121,4661.0
0.029,25.0,0.68,924,5044.0
0.01,25.0,0.43,873,5566.0
0.011,22.0,0.56,916,4500.0
0.008,30.0,0.49,1200,5442.0
0.008,30.0,0.7,1003,5963.0
0.008,28.0,0.52,961,5604.0
0.021,21.0,0.52,916,4284.0
0.023,27.0,0.67,1126,4607.0
0.029,22.0,0.58,998,5513.0
0.029,22.0,0.54,1144,4423.0
0.013,22.0,0.64,821,4769.0
0.025,26.0,0.61,1117,5910.0
0.018,22.0,0.55,821,4369.0
0.015,20.0,0.4,861,4431.0
0.014,25.0,0.67,1108,5723.0
0.012,21.0,0.55,1081,5557.0
0.007,23.0,0.44,949,5212.0
0.007,21.0,0.69,1013,5066.0
0.009,26.0,0.56,1068,5734.0
0.022,27.0,0.42,827,5988.0
0.022,27.0,0.42,879,5302.0
0.02,21.0,0.61,838,5533.0
0.017,25.0,0.58,812,4226.0
0.022,24.0,0.47,925,4523.0
0.025,22.0,0.52,867,5185.0
0.018,21.0,0.66,998,5803.0
0.026,23.0,0.58,1171,4536.0
0.021,26.0,0.67,1062,5573.0
0.006,26.0,0.51,996,5995.0
0.016,26.0,0.51,992,5414.0
0.027,26.0,0.53,1188,5552.0
0.012,28.0,0.45,1189,4024.0
0.013,20.0,0.41,859,4567.0
0.026,25.0,0.52,1095,5159.0
0.022,27.0,0.53,916,4003.0
0.017,22.0,0.67,808,5202.0
0.018,23.0,0.53,817,5688.0
0.029,23.0,0.44,855,5536.0
0.009,26.0,0.41,1067,5408.0
0.017,26.0,0.51,807,5066.0
0.01,21.0,0.57,1060,5740.0
0.019,24.0,0.61,860,4294.0
0.021,28.0,0.61,1118,4313.0
0.027,21.0,0.47,977,5098.0
0.017,30.0,0.68,1127,5510.0
0.014,23.0,0.61,844,5902.0
0.018,30.0,0.45,1040,4995.0
0.013,24.0,0.52,1122,4586.0
0.018,30.0,0.5,847,5673.0
0.01,20.0,0.69,936,4229.0
0.014,21.0,0.42,862,4275.0
0.028,21.0,0.6,805,5425.0
0.009,24.0,0.58,999,5303.0
0.01,26.0,0.61,924,5791.0
0.01,22.0,0.57,937,4450.0
0.027,28.0,0.61,1035,5421.0
0.006,28.0,0.63,1039,4381.0
0.011,20.0,0.41,1083,4498.0
0.005,26.0,0.67,1155,4837.0
0.026,20.0,0.58,947,4705.0
0.022,23.0,0.42,915,5863.0
0.012,23.0,0.54,1196,5646.0
0.019,25.0,0.66,1110,5390.0
0.02,21.0,0.55,1184,5175.0
0.019,30.0,0.42,900,5802.0
0.005,30.0,0.5,983,5226.0
0.012,26.0,0.48,832,4687.0
0.01,25.0,0.4,1015,5988.0
0.022,20.0,0.4,1071,4771.0
0.027,30.0,0.63,1008,5309.0
0.021,21.0,0.66,1136,4455.0
0.021,28.0,0.64,1171,5651.0
0.017,30.0,0.56,1095,4787.0
0.008,20.0,0.68,1170,4888.0
0.021,23.0,0.44,1110,4517.0
0.028,22.0,0.42,804,4069.0
0.007,29.0,0.66,1106,4835.0
0.013,23.0,0.53,808,5805.0
0.025,26.0,0.55,1151,4307.0
0.013,27.0,0.51,894,4496.0
0.014,24.0,0.49,919,4323.0
0.029,29.0,0.49,1043,4053.0
0.008,27.0,0.56,1086,5325.0
0.021,29.0,0.69,1134,5135.0
0.023,27.0,0.61,1121,5923.0
0.012,29.0,0.67,830,5326.0
0.025,27.0,0.4,1080,5511.0
0.024,22.0,0.41,903,5525.0
0.011,20.0,0.44,848,4401.0
0.028,29.0,0.66,891,5657.0
0.022,25.0,0.61,1116,5615.0
0.014,20.0,0.41,1132,4605.0
0.011,28.0,0.5,1186,5496.0
0.005,22.0,0.63,973,5578.0
0.012,27.0,0.51,826,4356.0
0.024,30.0,0.66,924,4954.0
0.026,23.0,0.53,977,4902.0
0.026,26.0,0.43,835,4793.0
0.006,29.0,0.41,1138,4094.0
0.01,29.0,0.68,1037,5446.0
0.01,28.0,0.61,840,5552.0
0.015,28.0,0.47,845,4277.0
0.01,25.0,0.51,902,4158.0
0.024,21.0,0.46,1034,5420.0
0.015,25.0,0.41,957,5229.0
0.015,28.0,0.48,905,4071.0
0.022,22.0,0.4,952,5427.0
0.008,28.0,0.45,1175,4224.0
0.018,29.0,0.57,1125,5888.0
0.026,20.0,0.41,812,4949.0
0.013,28.0,0.47,873,4765.0
0.016,22.0,0.63,948,4797.0
0.008,29.0,0.48,990,5752.0
0.024,20.0,0.57,908,5515.0
0.024,28.0,0.68,855,5850.0
0.007,28.0,0.46,853,4569.0
0.029,24.0,0.45,1113,5845.0
0.023,20.0,0.42,1009,4825.0
0.014,26.0,0.51,901,4821.0
0.013,23.0,0.53,951,4015.0
0.012,26.0,0.64,1184,4656.0
0.019,23.0,0.45,879,5432.0
0.026,22.0,0.61,1164,4543.0
0.025,29.0,0.42,1182,5814.0
0.021,24.0,0.66,1049,4739.0
0.014,24.0,0.59,1170,4207.0
0.008,29.0,0.64,1024,5694.0
0.017,28.0,0.59,1006,5503.0
0.006,30.0,0.51,973,5841.0
0.026,24.0,0.49,849,4119.0
0.029,25.0,0.61,914,4088.0
0.007,24.0,0.48,921,5693.0
0.009,20.0,0.66,1148,5526.0
0.028,25.0,0.65,1056,5191.0
0.029,20.0,0.47,820,5002.0
0.015,21.0,0.4,1103,4028.0
0.024,30.0,0.52,1057,4797.0
0.024,30.0,0.63,1019,5843.0
0.009,30.0,0.6,934,5116.0
0.027,24.0,0.66,1169,5119.0
0.014,26.0,0.57,938,4464.0
0.015,30.0,0.41,853,5386.0
0.011,26.0,0.62,942,4894.0
0.01,22.0,0.56,998,5870.0
0.009,20.0,0.48,1146,4382.0
0.029,26.0,0.41,832,4269.0
0.021,29.0,0.52,1124,4404.0
0.012,20.0,0.49,1076,5696.0
0.028,27.0,0.53,902,4841.0
0.03,22.0,0.44,1047,4684.0
0.012,30.0,0.49,923,5206.0
0.022,29.0,0.45,842,4041.0
0.005,27.0,0.59,1026,4695.0
0.023,29.0,0.46,1158,5819.0
0.03,29.0,0.7,834,4295.0
0.006,23.0,0.57,937,4850.0
0.02,30.0,0.59,985,5790.0
0.008,24.0,0.62,859,4420.0
0.015,28.0,0.66,939,4552.0
0.022,28.0,0.7,1189,5101.0
0.012,28.0,0.43,979,5857.0
0.015,24.0,0.53,888,5670.0
0.017,23.0,0.56,1077,4436.0
0.026,21.0,0.44,826,5071.0
0.013,23.0,0.7,1004,4346.0
0.014,30.0,0.65,1182,4914.0
0.021,22.0,0.49,1004,4245.0
0.009,25.0,0.61,802,5401.0
0.013,27.0,0.52,1025,5600.0
0.019,20.0,0.51,891,5672.0
0.006,24.0,0.43,973,4723.0
0.021,28.0,0.6,1088,4036.0
0.028,29.0,0.54,892,5085.0
0.027,29.0,0.61,1157,4236.0
0.016,26.0,0.57,1180,5395.0
0.013,22.0,0.52,1179,4714.0
0.027,29.0,0.42,1160,5049.0
0.027,28.0,0.61,866,4446.0
0.008,25.0,0.55,981,5325.0
0.016,29.0,0.52,980,5119.0
0.016,30.0,0.46,1038,4913.0
0.026,26.0,0.48,1072,5292.0
0.018,21.0,0.45,1123,4449.0
0.014,20.0,0.63,1068,5652.0
0.023,24.0,0.56,849,4574.0
0.006,20.0,0.42,1023,5953.0
0.015,27.0,0.66,1180,5778.0
0.027,27.0,0.68,843,5149.0
0.018,23.0,0.59,852,5300.0
0.026,30.0,0.49,803,4065.0
0.022,27.0,0.68,1085,5816.0
0.025,23.0,0.55,1051,5161.0
0.02,28.0,0.6,982,5606.0
0.011,26.0,0.51,982,5518.0
0.028,22.0,0.7,1132,5794.0
0.007,23.0,0.6,1157,5592.0
0.03,26.0,0.53,1136,4677.0
0.012,26.0,0.55,1053,5593.0
0.029,28.0,0.6,1187,4349.0
0.009,20.0,0.6,811,5966.0
0.007,22.0,0.5,1106,4705.0
0.026,22.0,0.63,972,4199.0
0.023,30.0,0.46,1175,4366.0
0.006,26.0,0.65,921,5674.0
0.019,21.0,0.44,1122,5463.0
0.019,26.0,0.52,882,5218.0
0.007,22.0,0.58,837,5438.0
0.029,22.0,0.4,1055,5394.0
0.016,25.0,0.43,976,5035.0
0.027,22.0,0.48,1085,4711.0
0.01,22.0,0.62,942,5729.0
0.026,24.0,0.57,1016,4219.0
0.016,21.0,0.42,925,5454.0
0.02,26.0,0.57,820,4015.0
0.013,30.0,0.44,1171,4980.0
0.023,28.0,0.41,842,5977.0
0.007,30.0,0.68,1108,5184.0
0.016,29.0,0.54,847,5629.0
0.008,24.0,0.52,967,5281.0
0.012,20.0,0.67,1067,4765.0
0.02,23.0,0.44,1012,4616.0
0.005,23.0,0.61,936,5891.0
0.006,28.0,0.53,1025,5106.0
0.02,28.0,0.53,1155,4801.0
0.019,20.0,0.5,1037,4722.0
0.02,20.0,0.6,883,4116.0
0.014,28.0,0.6,978,4008.0
0.009,25.0,0.46,1149,5096.0
0.007,20.0,0.55,1066,4535.0
0.028,26.0,0.69,1067,4960.0
0.025,22.0,0.42,805,5553.0
0.022,24.0,0.68,838,4739.0
0.027,21.0,0.56,815,5223.0
0.017,21.0,0.49,854,4102.0
0.024,27.0,0.42,1011,5321.0
0.01,27.0,0.57,1087,4630.0
0.021,20.0,0.66,805,4937.0
0.007,24.0,0.61,1149,5969.0
0.023,30.0,0.6,893,4512.0
0.013,21.0,0.53,1042,4920.0
0.021,28.0,0.45,975,4933.0
0.021,29.0,0.65,852,5705.0
0.026,30.0,0.41,843,5272.0
0.02,23.0,0.53,966,5479.0
0.029,28.0,0.5,1031,5062.0
0.029,27.0,0.62,1182,5197.0
0.014,28.0,0.4,824,5795.0
0.012,20.0,0.69,834,5589.0
0.024,22.0,0.59,1189,5211.0
0.015,24.0,0.61,1090,4919.0
0.006,25.0,0.4,1172,5134.0
0.007,26.0,0.5,1038,4482.0
0.026,30.0,0.49,937,4535.0
0.013,30.0,0.62,949,5874.0
0.026,21.0,0.58,1193,4821.0
0.019,27.0,0.47,1077,4488.0
0.012,28.0,0.62,896,5157.0
0.025,25.0,0.54,886,5185.0
0.024,22.0,0.46,1154,4010.0
0.027,20.0,0.4,1048,4309.0
0.008,24.0,0.48,818,5344.0
0.026,29.0,0.53,979,4051.0
0.023,29.0,0.44,834,4765.0
0.021,26.0,0.49,941,5016.0
0.029,26.0,0.4,1120,5486.0
0.017,27.0,0.64,1078,5861.0
0.009,30.0,0.66,1020,4183.0
0.026,29.0,0.4,846,5275.0
0.016,30.0,0.6,853,5987.0
0.015,20.0,0.56,912,5063.0
0.013,23.0,0.44,1042,4862.0
0.012,29.0,0.44,1131,5524.0
0.012,22.0,0.6,1163,4984.0
0.021,22.0,0.67,1055,5935.0
0.026,29.0,0.58,1117,4459.0
0.029,27.0,0.44,1153,5947.0
0.006,29.0,0.41,890,5024.0
0.025,29.0,0.55,891,5583.0
0.012,30.0,0.43,872,4261.0
0.01,26.0,0.59,865,5662.0
0.015,29.0,0.63,1145,5019.0
0.012,30.0,0.45,852,4838.0
0.028,26.0,0.67,829,4379.0
0.009,25.0,0.53,1120,5935.0
0.024,27.0,0.42,879,4804.0
0.029,29.0,0.61,947,5185.0
0.024,20.0,0.46,816,4476.0
0.005,30.0,0.65,827,4156.0
0.006,24.0,0.62,980,4632.0
0.017,20.0,0.53,1085,5387.0
0.021,28.0,0.58,1002,4489.0
0.017,28.0,0.49,1172,5106.0
0.028,25.0,0.41,1155,4127.0
0.017,25.0,0.5,1055,5213.0
0.008,24.0,0.69,1084,5837.0
0.025,23.0,0.57,969,4012.0
0.022,21.0,0.69,810,4297.0
0.017,25.0,0.47,1110,4597.0
0.023,24.0,0.5,1169,5909.0
0.01,23.0,0.7,997,4293.0
0.011,28.0,0.42,866,4816.0
0.028,27.0,0.49,878,4357.0
0.011,22.0,0.44,1099,4564.0
0.011,22.0,0.4,1167,4929.0
0.029,28.0,0.69,1152,5476.0
0.011,24.0,0.5,934,5093.0
0.011,24.0,0.55,956,4342.0
0.017,27.0,0.52,907,5537.0
0.028,21.0,0.64,890,4676.0
0.008,28.0,0.57,912,5516.0
0.015,29.0,0.43,907,5286.0
0.01,27.0,0.45,1009,4060.0
0.022,30.0,0.59,970,4198.0
0.026,27.0,0.6,1076,4764.0
0.01,28.0,0.7,931,5560.0
0.006,30.0,0.45,1052,5199.0
0.016,28.0,0.49,1169,4491.0
0.022,29.0,0.42,875,4720.0
0.028,21.0,0.45,883,4251.0
0.005,29.0,0.6,1197,4023.0
0.017,29.0,0.67,1126,5764.0
0.011,27.0,0.63,851,4045.0
0.024,21.0,0.5,1139,4038.0
0.016,24.0,0.64,1139,4854.0
0.017,26.0,0.42,856,5279.0
0.006,24.0,0.61,915,5759.0
0.017,24.0,0.66,1091,5166.0
0.008,24.0,0.5,804,4839.0
0.021,22.0,0.46,990,4335.0
0.015,27.0,0.41,1130,5696.0
0.026,22.0,0.65,1161,5844.0
0.029,27.0,0.6,884,4869.0
0.019,20.0,0.42,946,5853.0
0.014,22.0,0.67,805,5811.0
0.028,21.0,0.43,982,5036.0
0.015,21.0,0.49,1030,5872.0
0.01,21.0,0.53,921,4437.0
0.022,21.0,0.59,943,5239.0
0.009,26.0,0.55,1191,5194.0
0.025,21.0,0.47,1185,5397.0
0.025,26.0,0.5,873,4555.0
0.007,29.0,0.64,1027,5852.0
0.008,26.0,0.67,1183,4228.0
0.005,30.0,0.4,917,4241.0
0.026,30.0,0.53,1110,5063.0
0.026,25.0,0.63,1125,4650.0
0.012,25.0,0.4,1146,5155.0
0.006,24.0,0.62,986,4140.0
0.02,30.0,0.62,1030,5980.0
0.028,21.0,0.55,958,4730.0
0.017,24.0,0.47,1014,4541.0
0.006,25.0,0.45,1063,5311.0
0.023,27.0,0.64,1191,5192.0
0.008,24.0,0.42,984,4523.0
0.01,23.0,0.5,970,4812.0
0.024,27.0,0.49,1073,5264.0
0.019,30.0,0.68,965,5416.0
0.017,28.0,0.68,998,5913.0
0.022,20.0,0.63,998,4073.0
0.022,29.0,0.43,1188,5830.0
0.026,29.0,0.4,1088,5938.0
0.03,29.0,0.55,966,4332.0
0.024,23.0,0.6,905,5578.0
0.028,26.0,0.52,1076,4098.0
0.029,20.0,0.7,1199,5791.0
0.021,26.0,0.65,1147,5613.0
0.021,26.0,0.67,834,4583.0
0.022,27.0,0.58,832,5959.0
0.009,24.0,0.69,949,4091.0
0.005,29.0,0.63,988,5766.0
0.024,22.0,0.65,1105,4517.0
0.02,29.0,0.46,816,5704.0
0.024,22.0,0.41,1141,4534.0
0.007,28.0,0.67,979,4141.0
0.017,27.0,0.43,1117,5969.0
0.013,29.0,0.57,1148,4307.0
0.007,24.0,0.67,809,5241.0
0.029,24.0,0.69,801,4348.0
0.019,24.0,0.6,956,5430.0
0.016,27.0,0.55,948,4918.0
0.023,25.0,0.46,1044,4489.0
0.018,23.0,0.41,975,4568.0
0.01,20.0,0.55,855,4452.0
0.007,26.0,0.44,1100,4904.0
0.023,24.0,0.4,1090,4164.0
0.022,30.0,0.59,1197,4369.0
0.02,23.0,0.65,958,4033.0
0.025,24.0,0.4,919,4276.0
0.029,29.0,0.6,821,5469.0
0.026,20.0,0.57,850,5567.0
0.014,20.0,0.42,1144,4493.0
0.028,21.0,0.63,1150,4346.0
0.02,27.0,0.56,1002,5669.0
0.012,21.0,0.46,1197,4265.0
0.009,30.0,0.7,1093,4879.0
0.013,28.0,0.64,914,5497.0
0.011,29.0,0.55,878,4545.0
0.023,27.0,0.46,1138,4966.0
0.026,25.0,0.53,845,5196.0
0.011,30.0,0.47,1155,5749.0
0.013,27.0,0.69,1014,4827.0
0.017,22.0,0.41,1038,4979.0
0.03,24.0,0.62,936,5981.0
0.028,24.0,0.47,1158,5705.0
0.021,23.0,0.6,1107,4916.0
0.013,26.0,0.66,925,5490.0
0.014,26.0,0.66,996,5050.0
0.009,25.0,0.68,802,4340.0
0.02,30.0,0.67,1033,4390.0
0.013,22.0,0.69,1135,4094.0
0.019,22.0,0.6,1048,5302.0
0.009,22.0,0.51,1157,5578.0
0.025,28.0,0.68,907,5313.0
0.011,20.0,0.4,1177,4166.0
0.023,21.0,0.68,1024,4940.0
0.009,22.0,0.55,880,5774.0
0.016,25.0,0.69,847,4131.0
0.027,24.0,0.42,833,5972.0
0.02,27.0,0.55,1078,4589.0
0.017,24.0,0.62,1166,5395.0
0.01,26.0,0.66,1190,4075.0
0.013,23.0,0.64,925,4448.0
0.016,30.0,0.66,974,5319.0
0.02,22.0,0.65,862,5107.0
0.011,24.0,0.52,979,5427.0
0.008,29.0,0.42,1002,4852.0
0.019,24.0,0.61,945,4931.0
0.011,30.0,0.63,1062,4140.0
0.013,28.0,0.41,1178,5512.0
0.026,28.0,0.5,1081,5062.0
0.016,20.0,0.5,806,5618.0
0.014,22.0,0.54,1053,5082.0
0.014,30.0,0.7,965,5023.0
0.012,25.0,0.52,1003,4879.0
0.008,25.0,0.43,921,4792.0
0.015,28.0,0.57,909,4689.0
0.01,22.0,0.46,1056,5499.0
0.023,23.0,0.55,808,4920.0
0.006,25.0,0.47,1199,5875.0
0.025,26.0,0.45,1002,4748.0
0.009,29.0,0.65,1177,5147.0
0.015,25.0,0.53,1079,5269.0
0.009,28.0,0.51,918,4943.0
0.028,26.0,0.49,1092,4818.0
0.006,24.0,0.49,800,4114.0
0.024,28.0,0.68,945,4317.0
0.015,22.0,0.57,1136,4308.0
0.013,20.0,0.64,981,4992.0
0.013,24.0,0.65,995,4424.0
0.019,29.0,0.66,1026,4861.0
0.008,21.0,0.53,914,4738.0
0.028,24.0,0.68,945,5490.0
0.012,20.0,0.45,1199,4036.0
0.015,21.0,0.5,1069,5326.0
0.01,24.0,0.48,836,4041.0
0.01,30.0,0.4,1167,4980.0
0.016,27.0,0.7,1079,4204.0
0.012,29.0,0.52,994,5221.0
0.021,29.0,0.54,903,5782.0
0.016,24.0,0.58,1027,4722.0
0.008,27.0,0.7,886,5534.0
0.011,22.0,0.43,862,4035.0
0.02,24.0,0.6,990,5672.0
0.026,22.0,0.47,976,5230.0
0.017,25.0,0.68,1196,4255.0
0.024,28.0,0.65,1072,5433.0
0.025,28.0,0.7,879,5511.0
0.025,27.0,0.53,1183,4134.0
0.022,21.0,0.46,1060,5263.0
0.025,21.0,0.59,1140,5441.0
0.006,27.0,0.41,889,5106.0
0.006,23.0,0.63,899,4479.0
0.021,27.0,0.46,1062,5338.0
0.006,29.0,0.57,1054,5992.0
0.025,21.0,0.42,1137,4891.0
0.018,26.0,0.67,800,4174.0
0.025,27.0,0.52,869,5962.0
0.024,21.0,0.67,1023,4608.0
0.025,24.0,0.44,994,4428.0
0.018,29.0,0.65,925,4414.0
0.018,22.0,0.69,817,4815.0
0.027,24.0,0.4,825,4586.0
0.019,24.0,0.53,1136,5627.0
0.026,22.0,0.49,1013,4116.0
0.024,25.0,0.41,1016,4391.0
0.024,29.0,0.6,944,5060.0
0.028,26.0,0.5,1066,5224.0
0.028,24.0,0.43,976,4775.0
0.019,25.0,0.42,1019,4657.0
0.028,22.0,0.41,1151,4753.0
0.018,29.0,0.56,957,4763.0
0.012,29.0,0.47,961,4810.0
0.019,29.0,0.58,1158,5638.0
0.007,30.0,0.64,1089,5714.0
0.008,20.0,0.6,1090,5370.0
0.023,21.0,0.53,1082,5733.0
0.024,24.0,0.65,1144,5636.0
0.007,26.0,0.59,920,5118.0
0.019,23.0,0.58,878,5001.0
0.009,24.0,0.7,1154,4418.0
0.022,29.0,0.45,1182,5749.0
0.027,24.0,0.69,1038,4518.0
0.013,30.0,0.4,1198,5002.0
0.008,29.0,0.42,1146,4571.0
0.012,26.0,0.56,1074,5997.0
0.015,28.0,0.45,950,5897.0
0.022,30.0,0.44,1064,4437.0
0.016,29.0,0.57,1081,5690.0
0.028,24.0,0.52,1088,4714.0
0.019,23.0,0.66,1165,4796.0
0.012,27.0,0.53,807,4941.0
0.023,22.0,0.49,949,4064.0
0.016,23.0,0.52,1056,5184.0
0.022,29.0,0.4,1005,5172.0
0.027,28.0,0.66,961,5242.0
0.014,22.0,0.69,821,5501.0
0.024,26.0,0.55,932,4885.0
0.025,29.0,0.45,903,5787.0
0.019,24.0,0.44,1044,5061.0
0.018,22.0,0.65,838,5049.0
0.011,23.0,0.54,1100,4632.0
0.021,21.0,0.51,1077,4315.0
0.007,28.0,0.58,811,5556.0
0.01,29.0,0.64,876,4185.0
0.01,28.0,0.52,1115,4842.0
0.011,29.0,0.61,802,5354.0
0.029,24.0,0.62,964,5414.0
0.008,22.0,0.54,849,5867.0
0.017,26.0,0.56,1059,5637.0
0.023,30.0,0.58,812,4774.0
0.016,23.0,0.45,1068,4787.0
0.007,23.0,0.43,956,4028.0
0.006,26.0,0.7,958,4845.0
0.008,20.0,0.5,1092,5663.0
0.006,22.0,0.65,982,5133.0
0.012,30.0,0.59,1167,5549.0
0.023,20.0,0.65,827,4133.0
0.009,26.0,0.48,824,5178.0
0.023,20.0,0.47,1068,5955.0
0.013,26.0,0.67,999,5844.0
0.027,29.0,0.58,802,4792.0
0.02,29.0,0.52,1108,4442.0
0.025,29.0,0.4,883,5355.0
0.029,20.0,0.66,1151,5177.0
0.011,22.0,0.67,1088,5725.0
0.022,22.0,0.55,949,5144.0
0.014,26.0,0.61,889,4721.0
0.02,27.0,0.7,1027,4387.0
0.01,21.0,0.52,821,4747.0
0.008,26.0,0.49,1071,5592.0
0.019,29.0,0.42,862,4211.0
0.022,22.0,0.41,1068,4829.0
0.022,20.0,0.69,1051,5626.0
0.029,27.0,0.65,1063,5915.0
0.027,21.0,0.58,1132,5767.0
0.024,20.0,0.62,851,5688.0
0.026,23.0,0.67,1188,4361.0
0.013,24.0,0.4,974,5688.0
0.029,28.0,0.53,977,5157.0
0.007,25.0,0.69,1148,5185.0
0.027,26.0,0.6,1182,5563.0
0.025,26.0,0.69,1149,5094.0
0.027,22.0,0.46,1082,4818.0
0.021,26.0,0.59,836,4899.0
0.026,25.0,0.67,1178,4313.0
0.027,24.0,0.56,1189,5110.0
0.017,25.0,0.63,820,4262.0
0.024,25.0,0.58,1063,4206.0
0.025,29.0,0.57,1130,4550.0
0.007,30.0,0.5,1044,4375.0
0.01,20.0,0.53,801,4709.0
0.027,30.0,0.59,1124,5534.0
0.009,23.0,0.4,1015,4631.0
0.024,30.0,0.63,866,4790.0
0.026,25.0,0.63,821,5554.0
0.012,29.0,0.67,903,5883.0
0.008,22.0,0.48,831,4197.0
0.028,30.0,0.56,1072,4160.0
0.007,27.0,0.43,1167,4731.0
0.017,21.0,0.46,1056,5051.0
0.029,21.0,0.7,809,5985.0
0.007,20.0,0.42,1137,5011.0
0.025,26.0,0.53,1162,4783.0
0.011,23.0,0.5,897,4021.0
0.021,30.0,0.5,920,5832.0
0.012,24.0,0.57,1073,5578.0
0.021,25.0,0.54,1043,5264.0
0.024,23.0,0.51,965,4577.0
0.013,27.0,0.66,997,4798.0
0.007,23.0,0.57,826,5111.0
0.013,29.0,0.4,1117,5945.0
0.008,21.0,0.61,906,4462.0
0.026,20.0,0.45,1188,4129.0
0.01,26.0,0.65,870,4690.0
0.016,29.0,0.59,1070,5596.0
0.02,26.0,0.43,1161,4918.0
0.022,30.0,0.68,809,5265.0
0.023,28.0,0.49,1061,5104.0
0.017,21.0,0.44,1058,4883.0
0.023,29.0,0.41,872,5078.0
0.019,22.0,0.61,1107,5493.0
0.026,30.0,0.66,907,5976.0
0.03,25.0,0.63,1137,4415.0
0.012,20.0,0.42,1143,4617.0
0.006,27.0,0.4,882,5634.0
0.012,30.0,0.48,918,4100.0
0.018,30.0,0.45,842,5036.0
0.013,27.0,0.51,845,4600.0
0.025,27.0,0.58,1069,4632.0
0.016,22.0,0.65,1119,4275.0
0.024,28.0,0.66,1056,5150.0
0.024,24.0,0.61,954,5735.0
0.017,20.0,0.5,1121,5622.0
0.02,24.0,0.47,1088,5472.0
0.012,21.0,0.52,841,5082.0
0.017,29.0,0.55,871,4646.0
0.023,26.0,0.66,994,5230.0
0.009,27.0,0.44,1168,4795.0
0.027,25.0,0.69,889,4508.0
0.007,25.0,0.7,1023,5633.0
0.006,25.0,0.6,1090,4047.0
0.01,25.0,0.44,845,4489.0
0.026,25.0,0.64,953,5270.0
0.023,24.0,0.51,1057,4699.0
0.005,21.0,0.42,829,5249.0
0.025,22.0,0.55,929,5848.0
0.023,29.0,0.69,912,5671.0
0.018,21.0,0.44,819,5963.0
0.018,26.0,0.61,996,5273.0
0.019,21.0,0.61,1077,5549.0
0.009,26.0,0.54,833,4859.0
0.014,25.0,0.53,905,5768.0
0.027,25.0,0.68,918,5481.0
0.023,29.0,0.45,887,4557.0
0.016,24.0,0.65,914,5768.0
0.016,28.0,0.43,1087,4229.0
0.028,25.0,0.67,805,4064.0
0.019,27.0,0.64,1127,5252.0
0.012,30.0,0.51,947,5710.0
0.016,30.0,0.61,1046,4717.0
0.009,20.0,0.65,979,4374.0
0.025,27.0,0.46,1106,5096.0
0.027,24.0,0.46,955,5452.0
0.03,23.0,0.41,822,5679.0
0.013,25.0,0.67,897,4509.0
0.022,26.0,0.55,1025,4609.0
0.011,25.0,0.51,1126,5155.0
0.011,28.0,0.53,865,4335.0
0.015,20.0,0.6,815,5337.0
0.015,20.0,0.56,1046,5296.0
0.022,29.0,0.4,1113,4422.0
0.027,20.0,0.47,896,4983.0
0.022,20.0,0.52,908,5548.0
0.009,20.0,0.57,1069,4245.0
0.025,30.0,0.68,1002,4981.0
0.006,29.0,0.41,830,5201.0
0.016,30.0,0.61,960,5796.0
0.006,25.0,0.46,858,5164.0
0.014,24.0,0.7,1195,5502.0
0.011,28.0,0.54,1062,5085.0
0.018,26.0,0.67,830,4322.0
0.006,27.0,0.4,956,4992.0
0.019,28.0,0.49,1092,4251.0
0.005,26.0,0.41,1115,5530.0
0.008,28.0,0.59,1142,4556.0
0.021,23.0,0.41,1078,4581.0
0.023,21.0,0.7,816,4945.0
0.025,27.0,0.55,1092,4213.0
0.028,26.0,0.61,1147,5689.0
0.025,25.0,0.65,1103,4319.0
0.027,29.0,0.42,959,4932.0
0.021,26.0,0.64,1189,5463.0
0.007,23.0,0.48,989,4095.0
0.01,23.0,0.45,868,5057.0
0.027,27.0,0.47,969,4503.0
0.021,27.0,0.54,1133,5767.0
0.016,21.0,0.51,932,5204.0
0.018,26.0,0.43,987,5369.0
0.026,23.0,0.42,1116,5439.0
0.009,25.0,0.42,863,5793.0
0.009,22.0,0.51,961,5566.0
0.029,26.0,0.52,925,4551.0
0.025,29.0,0.5,957,5058.0
0.016,29.0,0.5,935,5813.0
0.007,26.0,0.53,1154,5703.0
0.011,29.0,0.69,827,5447.0
0.021,28.0,0.68,1019,4730.0
0.023,26.0,0.46,879,4544.0
0.005,27.0,0.51,946,4014.0
0.026,29.0,0.53,965,4796.0
0.008,20.0,0.61,1193,4966.0
0.005,29.0,0.4,832,5142.0
0.026,29.0,0.62,875,4014.0
0.018,26.0,0.42,920,4879.0
0.008,21.0,0.64,1195,5473.0
0.009,24.0,0.62,1084,5178.0
0.012,23.0,0.45,1077,5573.0
0.008,22.0,0.53,948,5661.0
0.017,20.0,0.59,1085,5322.0
0.011,26.0,0.69,888,5091.0
0.011,29.0,0.48,922,4301.0
0.019,25.0,0.57,907,5887.0
0.029,30.0,0.57,1122,4896.0
0.019,27.0,0.46,1183,4151.0
0.023,24.0,0.67,1200,5859.0
0.027,29.0,0.59,1153,4398.0
0.009,22.0,0.69,996,5696.0
0.005,28.0,0.62,868,5745.0
0.015,25.0,0.42,1021,5933.0
0.03,21.0,0.69,1015,5788.0
0.019,23.0,0.69,998,4685.0
0.008,30.0,0.68,996,4457.0
0.007,24.0,0.69,1109,5212.0
0.029,29.0,0.66,979,5073.0
0.01,20.0,0.51,813,4490.0
0.021,22.0,0.62,1186,5043.0
0.019,29.0,0.58,1011,4408.0
0.021,26.0,0.42,1139,5650.0
0.021,24.0,0.53,1014,5066.0
0.022,25.0,0.44,1128,4393.0
0.006,29.0,0.53,926,4955.0
0.02,27.0,0.44,921,4559.0
0.009,23.0,0.43,1087,4510.0
0.005,20.0,0.56,829,5948.0
0.026,20.0,0.48,897,4391.0
0.005,23.0,0.58,1069,5168.0
0.017,24.0,0.65,1031,5100.0
0.012,30.0,0.48,966,5209.0
0.028,21.0,0.57,1068,5887.0
0.018,25.0,0.54,834,5666.0
0.02,21.0,0.69,940,5530.0
0.018,28.0,0.7,962,5801.0
0.014,22.0,0.65,859,4939.0
0.023,24.0,0.42,1011,5829.0
0.006,20.0,0.62,965,4817.0
0.009,26.0,0.6,974,5753.0
0.023,21.0,0.62,884,5471.0
0.026,26.0,0.61,921,5853.0
0.023,21.0,0.51,968,4828.0
0.02,27.0,0.49,914,4343.0
0.009,20.0,0.4,975,5098.0
0.017,24.0,0.62,911,5036.0
0.008,24.0,0.55,1032,4881.0
0.011,29.0,0.49,1037,5713.0
0.006,27.0,0.56,803,5218.0
0.03,24.0,0.54,957,4117.0
0.022,20.0,0.53,804,4412.0
0.008,20.0,0.46,1095,5047.0
0.021,23.0,0.52,938,4694.0
0.021,30.0,0.49,961,5574.0
0.027,30.0,0.62,872,4066.0
0.027,23.0,0.55,1050,5145.0
0.017,20.0,0.47,1149,4484.0
0.024,30.0,0.64,1081,5659.0
0.01,28.0,0.56,1148,5510.0
0.011,29.0,0.41,838,5941.0
0.008,22.0,0.61,1024,4401.0
0.019,25.0,0.5,1156,4690.0
0.028,26.0,0.54,820,5293.0
0.02,28.0,0.56,981,5986.0
0.03,30.0,0.49,995,5792.0
0.013,30.0,0.42,989,4264.0
0.025,29.0,0.46,1127,5447.0
0.02,20.0,0.58,1101,4218.0
0.008,27.0,0.62,1041,4413.0
0.021,30.0,0.69,1147,4891.0
0.017,21.0,0.57,949,5832.0
0.008,21.0,0.61,803,5508.0
0.021,22.0,0.6,940,5233.0
0.006,23.0,0.68,1034,4827.0
0.011,30.0,0.46,1161,5750.0
0.009,24.0,0.43,917,4820.0
0.014,20.0,0.69,1191,4521.0
0.025,24.0,0.68,1148,5277.0
0.021,27.0,0.49,965,4364.0
0.016,25.0,0.41,967,5076.0
0.012,29.0,0.6,1017,5472.0
0.017,26.0,0.54,1142,5733.0
0.013,23.0,0.51,1063,5427.0
0.006,25.0,0.68,945,4758.0
0.009,21.0,0.7,800,4410.0
0.026,21.0,0.65,1049,5978.0
0.011,28.0,0.64,1171,5011.0
0.005,26.0,0.49,980,5805.0
0.013,24.0,0.55,893,4761.0
0.01,23.0,0.42,973,5069.0
0.013,28.0,0.59,1001,5418.0
0.018,29.0,0.5,1052,5284.0
0.022,26.0,0.55,924,4526.0
0.012,30.0,0.5,1067,4274.0
0.007,29.0,0.68,1173,4037.0
0.03,24.0,0.7,1151,4473.0
0.011,28.0,0.69,1083,5378.0
0.02,20.0,0.48,812,4994.0
0.02,20.0,0.66,1016,5769.0
0.015,30.0,0.49,1021,4220.0
0.006,29.0,0.49,1049,4728.0
0.016,25.0,0.4,940,5159.0
0.005,24.0,0.41,1011,5501.0
0.008,20.0,0.68,873,4959.0
0.01,26.0,0.54,1154,5085.0
0.007,26.0,0.49,808,4965.0
0.029,29.0,0.49,806,4312.0
0.014,29.0,0.42,938,4824.0
0.013,25.0,0.63,900,5630.0
0.008,27.0,0.68,1046,5919.0
0.011,29.0,0.58,1078,5841.0
0.025,25.0,0.42,853,5468.0
0.012,23.0,0.4,826,5862.0
0.023,22.0,0.68,951,5909.0
0.017,26.0,0.44,904,4267.0
0.022,21.0,0.44,1190,5261.0
0.006,26.0,0.4,1099,4297.0
0.005,21.0,0.58,1134,5101.0
0.02,27.0,0.67,886,4098.0
0.029,23.0,0.7,992,4781.0
0.023,21.0,0.59,956,5171.0
0.014,28.0,0.42,827,4117.0
0.023,22.0,0.7,1044,5946.0
0.024,24.0,0.44,1130,4066.0
0.018,29.0,0.61,893,5738.0
0.016,24.0,0.47,947,5509.0
0.023,29.0,0.51,1044,4161.0
0.007,22.0,0.56,1133,5387.0
0.024,21.0,0.66,945,5870.0
0.026,28.0,0.51,931,4524.0
0.014,26.0,0.52,940,4653.0
0.029,29.0,0.43,1113,5903.0
0.012,21.0,0.48,1037,5155.0
0.017,27.0,0.68,1189,4245.0
0.01,23.0,0.53,1033,5725.0
0.009,27.0,0.57,1108,5402.0
0.028,27.0,0.67,1160,5993.0
0.013,26.0,0.5,1131,4128.0
0.021,22.0,0.43,1000,5118.0
0.026,30.0,0.43,897,4891.0
0.016,26.0,0.59,886,4723.0
0.022,21.0,0.46,951,5068.0
0.029,22.0,0.58,1121,4772.0
0.027,27.0,0.57,970,4937.0
0.007,23.0,0.49,998,4030.0
0.029,20.0,0.7,860,4885.0
0.019,23.0,0.58,826,5139.0
0.026,28.0,0.55,861,4106.0
0.013,24.0,0.51,1088,4042.0
0.02,29.0,0.53,894,5424.0
0.029,26.0,0.51,888,5572.0
0.006,28.0,0.51,832,4215.0
0.016,20.0,0.53,811,5471.0
0.029,29.0,0.41,1116,4167.0
0.02,27.0,0.46,1059,5491.0
0.018,21.0,0.64,1033,4157.0
0.027,25.0,0.7,898,5636.0
0.013,28.0,0.4,1032,5352.0
0.012,20.0,0.53,1092,5489.0
0.014,29.0,0.52,988,5740.0
0.015,24.0,0.7,974,5621.0
0.021,21.0,0.64,854,5210.0
0.009,26.0,0.56,807,4322.0
0.025,25.0,0.6,831,5514.0
0.014,23.0,0.5,1019,4478.0
0.022,29.0,0.51,858,5335.0
0.018,24.0,0.61,1002,4851.0
0.012,22.0,0.51,851,4401.0
0.018,25.0,0.42,1193,4013.0
0.026,30.0,0.54,853,5557.0
0.019,23.0,0.63,999,5950.0
0.027,26.0,0.68,823,4879.0
0.015,24.0,0.7,908,5442.0
0.028,25.0,0.69,1192,4278.0
0.021,30.0,0.51,1072,5112.0
0.026,22.0,0.46,821,5821.0
0.018,29.0,0.57,1107,5265.0
0.018,23.0,0.69,863,5842.0
0.015,30.0,0.67,1080,4033.0
0.017,25.0,0.43,924,5938.0
0.015,23.0,0.7,1192,5256.0
0.017,26.0,0.47,989,5477.0
0.028,23.0,0.49,1081,5816.0
0.021,29.0,0.6,1177,4837.0
0.018,22.0,0.59,850,5028.0
0.029,21.0,0.57,1069,4391.0
0.023,27.0,0.43,1180,5480.0
0.023,28.0,0.51,1055,4806.0
0.026,28.0,0.4,1007,5697.0
0.029,23.0,0.56,1091,4011.0
0.027,22.0,0.43,906,5860.0
0.017,29.0,0.45,1118,5061.0
0.007,30.0,0.65,1031,5535.0
0.019,24.0,0.44,805,4539.0
0.024,23.0,0.58,1126,4591.0
0.027,21.0,0.64,834,5005.0
0.009,20.0,0.67,1045,5300.0
0.022,20.0,0.58,845,5690.0
0.017,21.0,0.42,1081,5089.0
0.019,20.0,0.52,1108,4838.0
0.007,29.0,0.7,1040,4185.0
0.029,27.0,0.52,883,5145.0
0.005,28.0,0.58,863,5390.0
0.007,28.0,0.52,904,5877.0
0.02,23.0,0.51,1084,4152.0
0.012,20.0,0.6,1016,4533.0
0.027,20.0,0.67,823,5241.0
0.011,21.0,0.4,1106,5128.0
0.026,22.0,0.54,879,4737.0
0.029,26.0,0.42,1196,5218.0
0.022,27.0,0.52,830,4206.0
0.012,20.0,0.4,847,5112.0
0.017,27.0,0.43,915,4339.0
0.024,27.0,0.68,1111,4202.0
0.028,22.0,0.59,911,5366.0
0.02,29.0,0.44,1120,5184.0
0.008,22.0,0.62,1153,4141.0
0.021,20.0,0.65,936,4950.0
0.006,26.0,0.68,998,5747.0
0.025,25.0,0.6,881,5922.0
0.014,21.0,0.41,804,5023.0
0.025,22.0,0.55,873,4774.0
0.009,23.0,0.63,1132,4561.0
0.023,30.0,0.53,858,4569.0
0.006,27.0,0.68,902,5724.0
0.007,21.0,0.47,945,4473.0
0.013,22.0,0.66,803,4367.0
0.03,24.0,0.47,907,5211.0
0.011,29.0,0.45,1179,4305.0
0.026,28.0,0.51,1164,5386.0
0.013,23.0,0.66,910,4042.0
0.009,26.0,0.59,1089,4926.0
0.025,22.0,0.58,884,5934.0
0.03,28.0,0.52,833,4234.0
0.018,28.0,0.58,1024,4130.0
0.011,20.0,0.49,1060,5718.0
0.013,22.0,0.44,810,4755.0
0.016,22.0,0.5,956,4566.0
0.02,20.0,0.69,1083,4219.0
0.026,24.0,0.61,1144,4618.0
0.026,20.0,0.7,1139,4658.0
0.013,21.0,0.41,1194,4547.0
0.016,22.0,0.56,1136,5168.0
0.017,29.0,0.61,1153,5627.0
0.027,23.0,0.56,1065,5677.0
0.008,23.0,0.5,962,5167.0
0.023,24.0,0.59,956,5812.0
0.021,23.0,0.42,935,5524.0
0.007,21.0,0.58,1006,5974.0
0.023,26.0,0.55,944,4077.0
0.03,21.0,0.61,865,5122.0
0.027,24.0,0.45,813,4246.0
0.007,28.0,0.57,1030,5312.0
0.009,21.0,0.41,870,5179.0
0.025,27.0,0.45,1093,4542.0
0.016,21.0,0.7,920,5739.0
0.009,27.0,0.65,1023,5690.0
0.013,25.0,0.66,890,5560.0
0.01,20.0,0.6,807,5043.0
0.02,27.0,0.67,1157,5271.0
0.027,23.0,0.6,1027,5067.0
0.009,24.0,0.65,1176,4280.0
0.015,30.0,0.57,1096,4063.0
0.027,20.0,0.45,1189,4758.0
0.029,27.0,0.68,987,5868.0
0.026,20.0,0.61,1004,5112.0
0.026,27.0,0.63,1009,4862.0
0.023,29.0,0.66,1043,5505.0
0.006,20.0,0.46,1091,5616.0
0.03,24.0,0.48,947,5475.0
0.014,23.0,0.52,926,5361.0
0.016,29.0,0.68,816,4972.0
0.02,24.0,0.5,1174,5139.0
0.023,25.0,0.63,1026,5764.0
0.014,26.0,0.6,1169,4577.0
0.009,24.0,0.66,1138,4047.0
0.025,28.0,0.62,957,5280.0
0.018,24.0,0.44,917,5666.0
0.022,21.0,0.61,1139,5177.0
0.023,21.0,0.68,1178,4321.0
0.009,25.0,0.64,916,4556.0
0.023,27.0,0.43,930,5489.0
0.012,22.0,0.47,837,4239.0
0.03,30.0,0.56,915,4477.0
0.01,25.0,0.57,803,4428.0
0.018,23.0,0.47,1178,5709.0
0.006,27.0,0.48,852,5275.0
0.008,30.0,0.66,1154,4005.0
0.018,25.0,0.42,1051,4296.0
0.025,20.0,0.63,1131,4374.0
0.006,23.0,0.53,1135,5784.0
0.012,21.0,0.42,1024,4667.0
0.022,29.0,0.51,907,5537.0
0.02,26.0,0.56,1187,5133.0
0.005,21.0,0.55,1111,4813.0
0.029,23.0,0.52,954,5106.0
0.016,21.0,0.59,1110,5495.0
0.013,23.0,0.6,963,4405.0
0.007,23.0,0.56,986,5530.0
0.023,22.0,0.57,855,5691.0
0.005,21.0,0.43,933,4533.0
0.03,24.0,0.46,1036,5472.0
0.02,30.0,0.69,852,5769.0
0.015,23.0,0.65,816,4069.0
0.006,26.0,0.65,1146,4154.0
0.027,22.0,0.55,1192,4410.0
0.007,25.0,0.44,877,5908.0
0.018,25.0,0.63,934,5287.0
0.03,20.0,0.41,1157,4670.0
0.009,28.0,0.61,1131,5041.0
0.028,20.0,0.51,908,4769.0
0.022,26.0,0.53,887,5064.0
0.009,23.0,0.65,874,5164.0
0.02,20.0,0.4,811,4063.0
0.023,22.0,0.4,927,5679.0
0.013,22.0,0.42,894,5630.0
0.006,30.0,0.49,1000,4251.0
0.015,24.0,0.64,975,5053.0
0.008,28.0,0.64,851,5943.0
0.022,25.0,0.55,823,5013.0
0.009,27.0,0.54,852,5930.0
0.024,27.0,0.69,1132,5750.0
0.024,28.0,0.68,906,5627.0
0.024,29.0,0.67,1164,4683.0
0.023,25.0,0.6,1078,5913.0
0.006,27.0,0.66,1153,4555.0
0.007,24.0,0.59,1087,5990.0
0.027,22.0,0.57,1006,4825.0
0.028,29.0,0.67,845,4242.0
0.019,28.0,0.61,979,4871.0
0.02,24.0,0.41,1062,4774.0
0.014,26.0,0.44,1128,4694.0
0.03,27.0,0.46,1105,5679.0
0.011,30.0,0.56,970,5871.0
0.026,21.0,0.41,1158,4195.0
0.021,30.0,0.64,1022,4603.0
0.022,23.0,0.68,935,5612.0
0.024,30.0,0.69,974,4862.0
0.017,27.0,0.65,936,4574.0
0.022,30.0,0.56,936,4233.0
0.029,30.0,0.41,841,5060.0
0.008,25.0,0.46,1190,5647.0
0.021,30.0,0.58,1083,4026.0
0.017,24.0,0.53,894,5757.0
0.015,30.0,0.47,1139,4255.0
0.02,30.0,0.56,853,5119.0
0.015,23.0,0.56,833,4573.0
0.025,30.0,0.45,1104,4719.0
0.01,21.0,0.55,1004,4813.0
0.007,22.0,0.45,1096,4944.0
0.021,20.0,0.59,812,5064.0
0.028,22.0,0.69,875,4791.0
0.008,24.0,0.59,1005,4738.0
0.013,28.0,0.63,1003,5408.0
0.03,29.0,0.63,970,5266.0
0.028,21.0,0.54,1004,4089.0
0.022,22.0,0.61,946,5253.0
0.027,29.0,0.42,841,5056.0
0.014,21.0,0.57,810,4949.0
0.012,20.0,0.69,1191,4628.0
0.008,26.0,0.5,1161,4086.0
0.026,29.0,0.62,823,5274.0
0.005,24.0,0.53,1140,4901.0
0.026,26.0,0.63,907,4211.0
0.017,29.0,0.69,1145,4879.0
0.014,30.0,0.58,1001,4637.0
0.009,27.0,0.65,840,4151.0
0.013,22.0,0.52,1159,5737.0
0.007,27.0,0.65,960,4333.0
0.028,30.0,0.58,1111,5892.0
0.014,21.0,0.45,1087,4823.0
0.021,26.0,0.55,834,4520.0
0.024,24.0,0.49,833,5013.0
0.011,20.0,0.7,905,5039.0
0.017,30.0,0.6,875,4131.0
0.024,20.0,0.55,963,4273.0
0.01,25.0,0.55,905,4097.0
0.009,28.0,0.68,986,5658.0
0.008,30.0,0.56,1168,5134.0
0.018,23.0,0.56,982,4670.0
0.007,25.0,0.46,1133,5008.0
0.022,24.0,0.49,1154,4698.0
0.015,26.0,0.45,931,4870.0
0.013,26.0,0.46,1076,4407.0
0.029,21.0,0.53,983,5581.0
0.009,30.0,0.61,1073,5687.0
0.017,29.0,0.6,1047,5425.0
0.016,24.0,0.57,921,5649.0
0.027,20.0,0.67,1006,4389.0
0.024,28.0,0.56,1078,5825.0
0.019,21.0,0.56,1192,5287.0
0.026,21.0,0.7,1017,4763.0
0.017,27.0,0.63,1028,5570.0
0.015,30.0,0.68,1167,5943.0
0.018,20.0,0.68,821,4692.0
0.013,29.0,0.64,1157,5118.0
0.017,26.0,0.55,1104,5313.0
0.027,25.0,0.54,1084,5394.0
0.007,26.0,0.62,935,4942.0
0.023,23.0,0.6,866,5775.0
0.028,23.0,0.51,903,5118.0
0.008,23.0,0.43,998,4577.0
0.014,21.0,0.57,803,4242.0
0.005,23.0,0.65,875,5783.0
0.005,29.0,0.61,1126,5810.0
0.026,20.0,0.51,991,5875.0
0.018,26.0,0.42,967,5161.0
0.019,28.0,0.58,858,5036.0
0.005,23.0,0.68,1103,5204.0
0.006,23.0,0.58,1075,4158.0
0.013,21.0,0.67,1155,4715.0
0.007,27.0,0.45,1073,4798.0
0.025,27.0,0.54,1094,5403.0
0.022,21.0,0.45,1178,4034.0
0.022,23.0,0.58,930,5138.0
0.005,21.0,0.7,984,4209.0
0.029,26.0,0.45,1043,5719.0
0.027,28.0,0.59,1078,5628.0
0.026,22.0,0.43,1121,5132.0
0.025,27.0,0.64,925,4727.0
0.006,30.0,0.52,838,5284.0
0.007,24.0,0.67,1192,5218.0
0.007,21.0,0.51,1062,4408.0
0.008,21.0,0.47,1169,5496.0
0.025,24.0,0.68,1078,5116.0
0.013,28.0,0.54,1025,4341.0
0.009,27.0,0.51,1176,4883.0
0.01,21.0,0.66,1166,5139.0
0.029,24.0,0.45,853,5727.0
0.012,29.0,0.44,987,5651.0
0.011,27.0,0.65,885,4012.0
0.017,26.0,0.58,1083,5479.0
0.022,21.0,0.61,959,4851.0
0.005,25.0,0.51,1034,4596.0
0.018,30.0,0.47,1156,4374.0
0.029,25.0,0.44,1061,5018.0
0.022,26.0,0.43,890,5364.0
0.011,27.0,0.44,853,5460.0
0.019,24.0,0.58,816,5975.0
0.006,25.0,0.49,1064,5958.0
0.005,23.0,0.57,1167,4614.0
0.01,20.0,0.42,819,4458.0
0.008,29.0,0.53,804,5432.0
0.024,29.0,0.45,1179,5130.0
0.021,23.0,0.58,834,5153.0
0.006,20.0,0.65,811,4319.0
0.015,24.0,0.61,955,4824.0
0.019,28.0,0.49,866,5240.0
0.021,24.0,0.6,933,4752.0
0.024,22.0,0.41,968,4591.0
0.008,23.0,0.42,1021,4361.0
0.015,24.0,0.51,1064,5278.0
0.02,22.0,0.67,934,5777.0
0.01,29.0,0.4,990,5060.0
0.027,20.0,0.54,921,4867.0
0.017,22.0,0.48,910,4708.0
0.015,20.0,0.66,910,4048.0
0.009,30.0,0.57,870,4239.0
0.009,28.0,0.54,1083,4120.0
0.016,27.0,0.4,1065,4621.0
0.027,20.0,0.45,943,4679.0
0.017,21.0,0.42,1087,4177.0
0.01,29.0,0.67,839,5219.0
0.022,20.0,0.63,1175,4848.0
0.006,25.0,0.51,1033,5243.0
0.026,29.0,0.68,842,4177.0
0.022,23.0,0.57,823,4109.0
0.023,23.0,0.46,1162,5678.0
0.01,22.0,0.47,816,5447.0
0.029,26.0,0.58,1113,4274.0
0.009,23.0,0.51,909,4910.0
0.028,20.0,0.45,1131,5175.0
0.015,22.0,0.65,836,4301.0
0.022,30.0,0.61,1141,4129.0
0.011,27.0,0.43,1015,4715.0
0.012,25.0,0.63,977,5962.0
0.022,21.0,0.6,992,4742.0
0.016,24.0,0.52,856,4086.0
0.03,30.0,0.51,1018,4788.0
0.023,27.0,0.57,1026,4468.0
0.021,28.0,0.43,903,4509.0
0.028,27.0,0.65,1157,5802.0
0.027,26.0,0.55,932,4783.0
0.006,20.0,0.58,923,4453.0
0.022,26.0,0.55,1127,5417.0
0.029,25.0,0.46,1088,5035.0
0.014,23.0,0.45,921,5160.0
0.013,28.0,0.64,1068,4819.0
0.021,25.0,0.47,819,4200.0
0.005,24.0,0.63,1026,5004.0
0.028,30.0,0.55,1178,5236.0
0.018,25.0,0.63,959,5638.0
0.026,30.0,0.57,1096,4919.0
0.024,28.0,0.56,899,5816.0
0.01,24.0,0.42,831,5188.0
0.027,30.0,0.45,1025,5124.0
0.024,21.0,0.7,1141,5458.0
0.013,28.0,0.48,953,4438.0
0.006,22.0,0.41,1045,4136.0
0.016,24.0,0.65,1118,4053.0
0.028,25.0,0.61,988,4534.0
0.027,30.0,0.53,1132,5146.0
0.012,20.0,0.51,1036,5279.0
0.013,26.0,0.57,819,5373.0
0.016,22.0,0.4,1009,5668.0
0.014,22.0,0.56,1062,4972.0
0.009,24.0,0.64,877,4506.0
0.028,26.0,0.49,1063,4934.0
0.017,21.0,0.61,1122,4836.0
0.016,21.0,0.47,1054,5473.0
0.023,27.0,0.4,880,4009.0
0.012,21.0,0.46,946,5474.0
0.013,23.0,0.69,806,5328.0
0.023,21.0,0.45,1069,5270.0
0.011,24.0,0.49,803,4304.0
0.01,29.0,0.41,1164,4967.0
0.013,23.0,0.66,1034,4401.0
0.005,24.0,0.5,800,4791.0
0.023,27.0,0.48,1078,4007.0
0.018,27.0,0.61,1024,4664.0
0.019,20.0,0.65,1141,4935.0
0.027,28.0,0.57,859,5277.0
0.006,20.0,0.44,1119,4865.0
0.008,28.0,0.47,912,4065.0
0.014,24.0,0.52,975,5109.0
0.027,24.0,0.46,921,4416.0
0.019,21.0,0.59,979,4177.0
0.016,30.0,0.51,812,5816.0
0.01,22.0,0.49,919,4711.0
0.018,20.0,0.43,927,5104.0
0.025,28.0,0.63,1140,4539.0
0.014,22.0,0.55,914,4587.0
0.01,28.0,0.47,832,4404.0
0.021,30.0,0.54,1017,5395.0
0.028,24.0,0.43,982,5349.0
0.026,28.0,0.44,996,5619.0
0.011,25.0,0.5,917,4152.0
0.026,20.0,0.48,1111,4333.0
0.024,27.0,0.49,935,4315.0
0.02,22.0,0.51,1104,5082.0
0.014,26.0,0.64,1122,5950.0
0.006,26.0,0.59,901,5409.0
0.029,23.0,0.5,952,5541.0
0.025,21.0,0.64,893,4406.0
0.021,24.0,0.67,811,4344.0
0.029,21.0,0.64,1000,5443.0
0.02,22.0,0.54,1044,4734.0
0.018,24.0,0.68,1033,5797.0
0.018,23.0,0.45,1143,4683.0
0.02,25.0,0.41,1108,5676.0
0.009,24.0,0.42,1047,4907.0
0.02,22.0,0.59,827,4549.0
0.026,20.0,0.64,1084,4435.0
0.023,20.0,0.55,818,4844.0
0.009,30.0,0.41,934,4813.0
0.009,28.0,0.68,871,4823.0
0.016,23.0,0.67,970,5527.0
0.01,22.0,0.43,980,4802.0
0.03,25.0,0.67,1085,4004.0
0.012,30.0,0.42,884,5881.0
0.024,25.0,0.66,851,5504.0
0.023,30.0,0.64,1117,5450.0
0.005,21.0,0.58,1134,4590.0
0.027,24.0,0.49,895,5199.0
0.03,29.0,0.45,855,4828.0
0.026,29.0,0.57,1034,4260.0
0.009,26.0,0.69,1027,5385.0
0.016,28.0,0.58,957,5533.0
0.007,29.0,0.51,960,5135.0
0.029,22.0,0.68,1083,5358.0
0.015,24.0,0.4,905,5222.0
0.025,29.0,0.42,1126,5268.0
0.01,29.0,0.46,1111,5798.0
0.014,21.0,0.41,1171,5891.0
0.007,26.0,0.68,993,5777.0
0.013,21.0,0.68,801,4491.0
0.02,23.0,0.68,817,4437.0
0.009,29.0,0.49,1156,4563.0
0.027,27.0,0.49,1064,4458.0
0.008,24.0,0.4,806,4051.0
0.022,24.0,0.43,1143,4527.0
0.026,23.0,0.57,1173,4130.0
0.015,28.0,0.68,1083,5984.0
0.029,23.0,0.6,909,5383.0
0.014,30.0,0.64,901,5171.0
0.026,29.0,0.47,838,5507.0
0.016,27.0,0.52,861,5959.0
0.018,25.0,0.43,886,5719.0
0.013,23.0,0.54,1110,4710.0
0.012,26.0,0.69,1186,5830.0
0.013,29.0,0.67,1057,5408.0
0.02,20.0,0.56,919,5542.0
0.013,24.0,0.48,951,4395.0
0.01,29.0,0.52,911,5814.0
0.015,27.0,0.49,828,5557.0
0.009,30.0,0.61,835,5769.0
0.007,24.0,0.4,1086,4983.0
0.02,27.0,0.7,1162,5055.0
0.028,25.0,0.68,1088,4514.0
0.027,23.0,0.55,862,5437.0
0.007,25.0,0.45,1087,5826.0
0.01,29.0,0.43,1147,4862.0
0.022,23.0,0.53,1096,5756.0
0.021,20.0,0.56,1084,5248.0
0.012,25.0,0.51,1056,5423.0
0.011,29.0,0.65,808,4633.0
0.013,24.0,0.57,1150,5412.0
0.02,29.0,0.63,1036,4615.0
0.023,30.0,0.67,1083,4453.0
0.005,24.0,0.45,966,5101.0
0.028,24.0,0.62,857,4903.0
0.018,20.0,0.53,886,4706.0
0.008,22.0,0.5,1095,5212.0
0.018,27.0,0.55,999,4813.0
0.013,29.0,0.65,1014,4660.0
0.023,26.0,0.64,949,4366.0
0.025,24.0,0.5,1068,5775.0
0.017,30.0,0.54,894,5039.0
0.02,25.0,0.6,885,4091.0
0.008,22.0,0.65,947,4355.0
0.014,30.0,0.68,973,5119.0
0.007,30.0,0.51,1162,5527.0
0.015,29.0,0.47,965,4546.0
0.021,28.0,0.4,1082,4537.0
0.011,20.0,0.53,1032,4611.0
0.021,22.0,0.54,1069,4911.0
0.005,22.0,0.69,1099,5198.0
0.019,23.0,0.5,1118,5083.0
0.021,30.0,0.58,918,4968.0
0.024,26.0,0.47,855,5561.0
0.012,25.0,0.52,1021,4664.0
0.027,21.0,0.69,1075,4617.0
0.022,29.0,0.58,1026,5916.0
0.03,29.0,0.67,993,4674.0
0.012,30.0,0.66,844,4570.0
0.008,28.0,0.6,1049,4806.0
0.029,21.0,0.7,1104,5247.0
0.026,22.0,0.53,1136,4198.0
0.027,27.0,0.62,1174,5584.0
0.006,26.0,0.48,842,4044.0
0.013,30.0,0.5,1140,5849.0
0.029,24.0,0.66,993,4405.0
0.023,24.0,0.5,813,5400.0
0.016,20.0,0.46,1181,4968.0
0.006,23.0,0.5,830,4738.0
0.012,30.0,0.66,977,5532.0
0.028,25.0,0.42,930,4808.0
0.012,29.0,0.5,955,5501.0
0.01,30.0,0.47,947,4074.0
0.011,21.0,0.56,877,5273.0
0.029,21.0,0.64,971,4435.0
0.012,20.0,0.62,991,4633.0
0.026,25.0,0.54,875,5418.0
0.023,29.0,0.68,887,5539.0
0.021,27.0,0.4,983,4755.0
0.007,29.0,0.6,804,4629.0
0.024,26.0,0.42,1117,4922.0
0.008,21.0,0.65,827,4562.0
0.027,30.0,0.48,990,5942.0
0.025,20.0,0.55,1014,4434.0
0.014,29.0,0.41,1031,5684.0
0.01,20.0,0.46,1127,4738.0
0.022,23.0,0.4,1004,5152.0
0.006,20.0,0.63,941,4685.0
0.023,24.0,0.64,1018,5009.0
0.018,22.0,0.4,1067,4335.0
0.01,30.0,0.43,942,4831.0
0.007,24.0,0.47,849,5424.0
0.027,22.0,0.64,981,4414.0
0.015,29.0,0.4,1008,5705.0
0.013,23.0,0.59,890,5031.0
0.006,29.0,0.6,1092,5686.0
0.024,24.0,0.54,906,4935.0
0.01,22.0,0.49,922,5850.0
0.009,29.0,0.44,1124,5785.0
0.019,26.0,0.67,987,5397.0
0.014,20.0,0.6,904,5826.0
0.007,22.0,0.6,917,4149.0
0.021,27.0,0.54,1120,4575.0
0.027,30.0,0.43,911,4104.0
0.028,26.0,0.55,928,4958.0
0.027,20.0,0.67,929,4523.0
0.012,29.0,0.46,877,4494.0
0.025,30.0,0.66,986,4149.0
0.018,23.0,0.57,1197,4342.0
0.012,25.0,0.57,1083,4794.0
0.027,25.0,0.44,944,4485.0
0.026,23.0,0.7,1190,5032.0
0.02,26.0,0.45,901,4819.0
0.024,22.0,0.56,907,5158.0
0.013,23.0,0.68,872,5918.0
0.009,25.0,0.44,849,5646.0
0.018,29.0,0.4,1089,4917.0
0.008,22.0,0.46,834,5073.0
0.015,27.0,0.62,1128,4302.0
0.025,21.0,0.41,957,4282.0
0.013,30.0,0.49,1076,5522.0
0.02,28.0,0.55,1041,5529.0
0.024,28.0,0.68,922,5043.0
0.023,25.0,0.4,1030,5154.0
0.012,26.0,0.44,965,4071.0
0.006,20.0,0.55,1013,5737.0
0.015,20.0,0.66,950,4076.0
0.024,27.0,0.65,985,5448.0
0.016,22.0,0.68,1059,4585.0
0.019,27.0,0.48,1155,4846.0
0.014,29.0,0.45,931,5929.0
0.013,25.0,0.63,1141,5157.0
0.029,27.0,0.54,1006,4574.0
0.017,30.0,0.55,906,5290.0
0.007,22.0,0.42,1120,4532.0
0.017,21.0,0.69,1191,5150.0
0.005,27.0,0.7,1176,5186.0
0.013,26.0,0.42,839,5212.0
0.015,24.0,0.4,861,5965.0
0.026,23.0,0.66,888,5581.0
0.015,22.0,0.58,818,5681.0
0.028,24.0,0.64,957,4309.0
0.018,29.0,0.43,1130,4946.0
0.025,20.0,0.61,949,4926.0
0.016,28.0,0.5,909,5612.0
0.011,28.0,0.4,926,4725.0
0.03,22.0,0.47,984,4700.0
0.017,23.0,0.44,1018,5168.0
0.014,28.0,0.41,1110,5965.0
0.01,25.0,0.4,1003,4338.0
0.013,22.0,0.42,906,5573.0
0.027,24.0,0.58,969,4773.0
0.008,23.0,0.45,1188,4327.0
0.014,23.0,0.46,993,4077.0
0.008,23.0,0.47,961,4104.0
0.014,26.0,0.42,1047,4137.0
0.013,26.0,0.65,927,5543.0
0.01,20.0,0.56,1134,5909.0
0.021,22.0,0.7,832,4983.0
0.01,28.0,0.52,1081,4221.0
0.021,21.0,0.65,801,5930.0
0.013,28.0,0.65,1106,5686.0
0.012,30.0,0.66,1088,5260.0
0.01,23.0,0.43,1084,5292.0
0.03,20.0,0.61,1069,5861.0
0.012,23.0,0.55,1038,5683.0
0.014,22.0,0.6,876,4716.0
0.01,30.0,0.41,910,4967.0
0.029,28.0,0.4,1083,4947.0
0.017,27.0,0.67,1118,4514.0
0.025,27.0,0.68,1143,5880.0
0.02,21.0,0.54,1059,5545.0
0.014,22.0,0.4,1133,5237.0
0.011,22.0,0.44,936,4224.0
0.011,23.0,0.59,1150,4572.0
0.02,23.0,0.42,1008,5867.0
0.018,24.0,0.64,1112,5248.0
0.008,28.0,0.46,921,4445.0
0.023,22.0,0.57,1071,4770.0
0.017,28.0,0.51,1020,4690.0
0.011,20.0,0.43,942,5710.0
0.012,21.0,0.55,990,4114.0
0.01,30.0,0.58,1130,4725.0
0.01,27.0,0.43,991,5230.0
0.013,23.0,0.54,1144,4374.0
0.02,22.0,0.7,1151,5401.0
0.027,23.0,0.55,1122,4453.0
0.013,25.0,0.57,920,4097.0
0.008,26.0,0.66,922,4063.0
0.012,25.0,0.43,1024,5558.0
0.011,23.0,0.68,1180,5784.0
0.026,29.0,0.69,1114,5218.0
0.007,23.0,0.61,1106,4157.0
0.029,27.0,0.47,837,5937.0
0.029,24.0,0.56,923,5658.0
0.022,22.0,0.67,1153,5457.0
0.014,25.0,0.6,976,5371.0
0.009,20.0,0.44,1111,5834.0
0.012,28.0,0.57,936,5089.0
0.007,27.0,0.42,975,5730.0
0.028,29.0,0.51,1089,4730.0
0.025,22.0,0.41,1051,5623.0
0.017,21.0,0.67,864,5321.0
0.021,29.0,0.5,1046,5129.0
0.024,24.0,0.51,805,4065.0
0.029,21.0,0.68,1022,5259.0
0.02,25.0,0.64,944,4395.0
0.014,30.0,0.52,909,4052.0
0.018,24.0,0.43,968,5271.0
0.03,25.0,0.47,967,4757.0
0.029,20.0,0.6,887,5616.0
0.013,23.0,0.69,1012,5233.0
0.016,29.0,0.46,932,4086.0
0.008,24.0,0.63,1165,4572.0
0.014,28.0,0.65,924,5600.0
0.007,21.0,0.54,1018,4789.0
0.015,24.0,0.69,821,5555.0
0.027,21.0,0.65,922,5314.0
0.024,22.0,0.4,1081,5095.0
0.029,20.0,0.55,913,4322.0
0.026,23.0,0.42,937,5523.0
0.02,27.0,0.62,1054,4727.0
0.022,27.0,0.7,954,5146.0
0.007,29.0,0.55,1099,4186.0
0.022,20.0,0.47,1185,5035.0
0.02,24.0,0.41,1135,4005.0
0.02,23.0,0.58,1148,5273.0
0.026,26.0,0.54,1155,5478.0
0.017,23.0,0.42,1138,4436.0
0.014,26.0,0.7,858,4182.0
0.015,25.0,0.41,1184,4590.0
0.015,25.0,0.59,1108,4984.0
0.019,28.0,0.6,1153,4954.0
0.018,28.0,0.57,888,5608.0
0.027,28.0,0.48,938,5574.0
0.025,20.0,0.65,1177,5009.0
0.008,22.0,0.61,1054,4515.0
0.021,25.0,0.54,1121,5036.0
0.008,24.0,0.43,883,5319.0
0.009,24.0,0.44,879,4487.0
0.022,25.0,0.69,857,5445.0
0.025,28.0,0.69,1067,5651.0
0.016,24.0,0.57,846,5456.0
0.007,27.0,0.41,877,5359.0
0.005,22.0,0.53,1147,4747.0
0.03,25.0,0.55,997,4760.0
0.03,22.0,0.58,816,5126.0
0.016,21.0,0.61,985,4399.0
0.021,26.0,0.57,1083,4822.0
0.024,24.0,0.68,1140,5973.0
0.007,28.0,0.42,1192,5419.0
0.016,27.0,0.53,1076,5628.0
0.015,29.0,0.52,894,4455.0
0.015,22.0,0.62,1188,5725.0
0.016,20.0,0.58,1083,4243.0
0.018,23.0,0.7,1022,5845.0
0.018,20.0,0.6,959,4718.0
0.018,25.0,0.64,1154,4048.0
0.009,25.0,0.64,827,5348.0
0.028,20.0,0.46,1142,4641.0
0.027,20.0,0.7,1122,4297.0
0.01,21.0,0.52,957,4163.0
0.012,24.0,0.44,959,4091.0
0.02,23.0,0.7,952,5218.0
0.024,23.0,0.54,1167,5836.0
0.005,27.0,0.55,896,4449.0
0.024,27.0,0.62,1006,4250.0
0.018,22.0,0.52,1027,4502.0
0.025,21.0,0.64,1174,5920.0
0.012,23.0,0.57,996,5850.0
0.018,25.0,0.55,874,5344.0
0.025,21.0,0.66,883,4363.0
0.008,27.0,0.6,1077,5605.0
0.022,22.0,0.65,940,5513.0
0.02,26.0,0.64,1160,4446.0
0.019,28.0,0.51,1185,5390.0
0.027,25.0,0.62,881,4978.0
0.015,26.0,0.46,1004,5215.0
0.009,30.0,0.58,841,4619.0
0.006,28.0,0.57,960,4434.0
0.022,28.0,0.66,818,5566.0
0.016,25.0,0.68,912,5373.0
0.017,22.0,0.7,1181,4931.0
0.007,27.0,0.45,948,5358.0
0.019,24.0,0.45,1074,4666.0
0.025,26.0,0.45,1109,5423.0
0.006,29.0,0.58,1056,4360.0
0.019,21.0,0.61,1157,4482.0
0.019,30.0,0.6,995,4309.0
0.017,24.0,0.65,1118,5064.0
0.008,27.0,0.54,873,5231.0
0.011,27.0,0.69,928,5830.0
0.016,23.0,0.55,967,5828.0
0.027,29.0,0.64,930,4549.0
0.029,28.0,0.51,933,4382.0
0.027,24.0,0.6,1098,4251.0
0.014,29.0,0.64,1195,5643.0
0.006,27.0,0.52,1045,5118.0
0.009,25.0,0.69,957,5690.0
0.024,22.0,0.46,870,4762.0
0.018,22.0,0.7,1082,5103.0
0.018,23.0,0.47,1174,5089.0
0.017,29.0,0.59,1049,4968.0
0.013,25.0,0.6,1054,5748.0
0.006,24.0,0.53,1186,4583.0
0.017,24.0,0.62,1051,4007.0
0.025,27.0,0.53,916,4564.0
0.01,20.0,0.57,1011,5291.0
0.016,26.0,0.56,812,4484.0
0.01,26.0,0.64,979,4162.0
0.013,28.0,0.49,1156,4218.0
0.011,20.0,0.46,1177,5039.0
0.027,26.0,0.64,996,4255.0
0.025,20.0,0.54,1098,5281.0
0.012,26.0,0.48,958,5207.0
0.017,22.0,0.47,1024,4592.0
0.019,24.0,0.54,1071,4820.0
0.008,30.0,0.44,990,4510.0
0.012,22.0,0.66,955,4275.0
0.024,28.0,0.7,815,4675.0
0.018,28.0,0.53,863,4791.0
0.029,25.0,0.6,1083,4494.0
0.025,28.0,0.65,1035,5180.0
0.018,23.0,0.52,1013,5731.0
0.007,20.0,0.64,1111,5950.0
0.009,30.0,0.61,929,4816.0
0.021,24.0,0.51,1195,4507.0
0.017,25.0,0.42,1019,5708.0
0.016,25.0,0.51,817,5794.0
0.006,29.0,0.53,822,5322.0
0.013,26.0,0.58,1079,5556.0
0.027,24.0,0.69,906,4553.0
0.019,22.0,0.69,1196,5478.0
0.022,20.0,0.41,935,4030.0
0.01,30.0,0.59,960,4070.0
0.026,25.0,0.56,1122,4798.0
0.005,21.0,0.55,801,4328.0
0.019,21.0,0.55,1169,4388.0
0.008,20.0,0.55,1038,5916.0
0.027,29.0,0.59,1106,5958.0
0.017,26.0,0.7,1004,4799.0
0.014,24.0,0.48,984,5584.0
0.03,20.0,0.44,964,5878.0
0.026,26.0,0.44,1155,5449.0
0.013,29.0,0.67,849,5779.0
0.014,30.0,0.48,1105,4769.0
0.017,27.0,0.62,853,5676.0
0.026,26.0,0.42,1037,5992.0
0.02,24.0,0.66,1060,4214.0
0.022,29.0,0.52,1038,5542.0
0.005,28.0,0.57,1120,5769.0
0.009,25.0,0.65,1015,5070.0
0.011,27.0,0.5,1032,4597.0
0.019,28.0,0.65,991,5969.0
0.026,29.0,0.43,1042,5615.0
0.008,26.0,0.7,803,4054.0
0.009,30.0,0.53,957,4804.0
0.009,29.0,0.43,918,4879.0
0.029,20.0,0.53,1017,5448.0
0.019,30.0,0.55,1125,4881.0
0.013,21.0,0.51,1033,4852.0
0.014,23.0,0.59,903,4485.0
0.028,25.0,0.6,822,4289.0
0.023,29.0,0.55,1015,4508.0
0.02,24.0,0.68,1159,4531.0
0.014,24.0,0.42,1018,4235.0
0.026,26.0,0.48,1140,5835.0
0.025,22.0,0.61,1087,4485.0
0.01,20.0,0.62,1125,5877.0
0.029,24.0,0.45,806,5876.0
0.017,24.0,0.56,890,4720.0
0.026,28.0,0.64,1049,4131.0
0.026,30.0,0.51,1019,4567.0
0.027,25.0,0.62,1079,5843.0
0.016,30.0,0.6,1180,5736.0
0.024,30.0,0.59,801,5754.0
0.028,29.0,0.53,1013,4888.0
0.022,21.0,0.43,1010,4797.0
0.02,20.0,0.43,989,4403.0
0.027,30.0,0.63,1129,4227.0
0.015,21.0,0.46,831,4767.0
0.024,24.0,0.62,1130,4335.0
0.022,27.0,0.6,1109,4945.0
0.018,23.0,0.66,1072,5747.0
0.009,24.0,0.56,1146,4833.0
0.029,21.0,0.66,1000,5251.0
0.013,23.0,0.69,1171,4662.0
0.009,23.0,0.45,811,5019.0
0.016,22.0,0.51,1021,4725.0
0.012,27.0,0.51,1008,4906.0
0.011,24.0,0.44,1045,5567.0
0.027,20.0,0.7,937,4209.0
0.009,20.0,0.7,1127,4227.0
0.023,22.0,0.53,1094,4885.0
0.019,23.0,0.49,1181,4732.0
0.029,24.0,0.64,963,4648.0
0.024,27.0,0.55,1167,4688.0
0.007,30.0,0.64,1001,4864.0
0.008,30.0,0.65,999,4334.0
0.021,26.0,0.6,1198,5840.0
0.024,21.0,0.59,1028,5620.0
0.021,29.0,0.66,833,5684.0
0.025,24.0,0.43,879,4381.0
0.009,27.0,0.69,1144,4676.0
0.018,24.0,0.45,1103,4455.0
0.02,21.0,0.6,859,4249.0
0.011,30.0,0.7,842,5445.0
0.008,20.0,0.5,966,4202.0
0.006,21.0,0.41,1002,5729.0
0.021,25.0,0.53,1012,4348.0
0.023,30.0,0.59,835,4283.0
0.008,27.0,0.66,882,4394.0
0.017,21.0,0.66,861,4317.0
0.027,20.0,0.46,1041,4000.0
0.011,27.0,0.61,1182,4106.0
0.01,26.0,0.44,1144,4456.0
0.02,22.0,0.67,905,4494.0
0.013,24.0,0.45,825,4979.0
0.013,24.0,0.69,985,4594.0
0.013,20.0,0.68,957,5704.0
0.022,28.0,0.65,889,5585.0
0.006,21.0,0.66,1069,5350.0
0.005,20.0,0.53,1163,4620.0
0.019,22.0,0.69,951,4440.0
0.021,25.0,0.66,1185,4619.0
0.018,27.0,0.59,910,4125.0
0.015,24.0,0.5,1044,4086.0
0.018,29.0,0.59,849,5245.0
0.005,21.0,0.61,923,4327.0
0.025,27.0,0.52,852,5821.0
0.021,21.0,0.5,909,5915.0
0.019,20.0,0.58,1009,5645.0
0.006,28.0,0.4,966,5747.0
0.026,26.0,0.41,960,4621.0
0.011,27.0,0.67,861,4327.0
0.005,21.0,0.66,1151,4263.0
0.029,26.0,0.57,1051,5640.0
0.008,28.0,0.48,963,5553.0
0.023,27.0,0.51,1158,5018.0
0.019,23.0,0.67,1138,4875.0
0.022,29.0,0.43,1095,5189.0
0.014,21.0,0.54,818,5049.0
0.024,26.0,0.6,1016,4495.0
0.029,22.0,0.6,1180,4075.0
0.015,23.0,0.4,1044,4224.0
0.007,28.0,0.46,1043,5377.0
0.029,23.0,0.58,1167,4597.0
0.019,22.0,0.57,1182,5101.0
0.017,26.0,0.52,1152,5638.0
0.017,30.0,0.45,1005,4492.0
0.014,28.0,0.43,894,4489.0
0.022,29.0,0.65,946,5017.0
0.02,20.0,0.43,1036,5176.0
0.014,24.0,0.53,1112,4176.0
0.008,22.0,0.43,918,5137.0
0.024,30.0,0.54,1106,4411.0
0.017,28.0,0.7,881,4049.0
0.022,30.0,0.48,1006,4707.0
0.015,30.0,0.4,970,4482.0
0.019,21.0,0.51,925,4915.0
0.018,23.0,0.48,857,5785.0
0.02,27.0,0.49,849,4847.0
0.007,28.0,0.66,1039,5705.0
0.028,30.0,0.46,1141,5753.0
0.024,21.0,0.65,1134,4884.0
0.029,29.0,0.62,954,5288.0
0.009,30.0,0.66,824,5330.0
0.012,21.0,0.7,887,4410.0
0.006,21.0,0.43,1082,5049.0
0.026,29.0,0.59,883,4381.0
0.027,29.0,0.69,830,5283.0
0.007,27.0,0.49,999,4288.0
0.015,30.0,0.48,1152,4794.0
0.019,30.0,0.58,1074,4386.0
0.03,20.0,0.61,853,5220.0
0.013,29.0,0.58,856,4442.0
0.021,20.0,0.56,1179,5977.0
0.008,29.0,0.67,921,5468.0
0.009,26.0,0.47,1139,5496.0
0.011,20.0,0.5,934,5947.0
0.005,20.0,0.5,1180,5389.0
0.026,24.0,0.53,1036,4150.0
0.018,20.0,0.69,1159,4618.0
0.018,23.0,0.4,858,4549.0
0.027,28.0,0.4,1022,5875.0
0.028,21.0,0.41,1132,4631.0
0.014,30.0,0.46,842,4087.0
0.027,27.0,0.46,945,5135.0
0.028,24.0,0.5,1104,5807.0
0.014,24.0,0.4,989,4980.0
0.005,30.0,0.54,1040,4427.0
0.022,23.0,0.5,1144,5691.0
0.014,24.0,0.61,1139,4906.0
0.01,29.0,0.47,815,4770.0
0.025,24.0,0.41,1100,4580.0
0.005,24.0,0.48,893,4045.0
0.023,25.0,0.59,1152,4867.0
0.009,29.0,0.45,807,5375.0
0.027,26.0,0.54,1127,4548.0
0.025,22.0,0.5,1013,5499.0
0.011,25.0,0.67,939,5561.0
0.014,23.0,0.65,1168,5365.0
0.016,27.0,0.57,873,5966.0
0.009,21.0,0.68,1078,5465.0
0.017,29.0,0.59,1004,4127.0
0.008,22.0,0.48,939,4392.0
0.02,20.0,0.46,826,4192.0
0.007,20.0,0.58,885,4837.0
0.014,21.0,0.52,877,4476.0
0.025,25.0,0.58,1168,4917.0
0.01,22.0,0.68,1099,4611.0
0.012,29.0,0.51,1107,5609.0
0.011,25.0,0.5,861,5619.0
0.019,30.0,0.42,1079,4021.0
0.015,21.0,0.59,1033,4022.0
0.022,20.0,0.55,955,5458.0
0.013,26.0,0.49,918,5184.0
0.012,21.0,0.62,861,5493.0
0.023,23.0,0.43,1161,4172.0
0.027,26.0,0.46,963,5655.0
0.03,21.0,0.42,1072,4876.0
0.016,29.0,0.54,1133,5208.0
0.022,20.0,0.45,1006,5716.0
0.029,21.0,0.63,1193,5721.0
0.027,26.0,0.47,1044,5231.0
0.014,20.0,0.4,1016,5776.0
0.026,29.0,0.57,1129,4862.0
0.026,20.0,0.55,1078,5426.0
0.021,30.0,0.48,985,5995.0
0.024,29.0,0.7,827,5735.0
0.02,29.0,0.53,862,4693.0
0.005,21.0,0.44,1173,5326.0
0.012,26.0,0.41,879,4232.0
0.005,21.0,0.58,956,5214.0
0.013,27.0,0.56,1033,4212.0
0.008,24.0,0.47,938,4828.0
0.022,23.0,0.54,840,4218.0
0.01,27.0,0.63,906,4055.0
0.016,20.0,0.49,1113,4631.0
0.012,22.0,0.69,1135,4428.0
0.008,23.0,0.41,1007,5944.0
0.018,30.0,0.49,935,4253.0
0.008,20.0,0.5,1127,5642.0
0.005,27.0,0.57,839,5452.0
0.018,27.0,0.56,898,5659.0
0.012,25.0,0.49,924,4300.0
0.017,22.0,0.4,824,4851.0
0.021,20.0,0.7,1063,4207.0
0.009,24.0,0.59,962,5117.0
0.024,21.0,0.65,835,5067.0
0.028,28.0,0.46,972,4174.0
0.023,28.0,0.4,929,5643.0
0.01,27.0,0.61,1144,5090.0
0.017,24.0,0.63,1159,4220.0
0.016,22.0,0.68,1091,5644.0
0.024,24.0,0.46,811,5678.0
0.026,22.0,0.43,918,4904.0
0.016,28.0,0.47,1038,4590.0
0.009,29.0,0.6,1041,5670.0
0.019,21.0,0.46,1133,5018.0
0.022,20.0,0.53,1149,4797.0
0.009,20.0,0.53,1194,4887.0
0.021,23.0,0.7,1145,4988.0
0.029,30.0,0.68,1062,4308.0
0.023,30.0,0.61,1081,4494.0
0.01,22.0,0.69,1000,5956.0
0.015,26.0,0.54,1052,5568.0
0.028,23.0,0.67,853,5766.0
0.008,28.0,0.53,939,4516.0
0.018,30.0,0.58,804,5201.0
0.011,30.0,0.43,815,5563.0
0.022,30.0,0.56,1094,5878.0
0.019,30.0,0.41,1137,5102.0
0.025,28.0,0.69,821,5538.0
0.023,30.0,0.67,953,4247.0
0.014,25.0,0.52,835,4105.0
0.012,30.0,0.42,801,5362.0
0.017,26.0,0.53,1119,5038.0
0.026,21.0,0.5,953,5803.0
0.01,20.0,0.5,1150,5391.0
0.007,21.0,0.43,1193,5345.0
0.022,23.0,0.58,1118,4552.0
0.018,21.0,0.5,1030,4802.0
0.013,30.0,0.47,884,5793.0
0.012,25.0,0.5,1172,4235.0
0.016,30.0,0.56,847,4970.0
0.027,28.0,0.48,1008,4013.0
0.018,25.0,0.49,959,5479.0
0.02,21.0,0.58,1157,5846.0
0.026,28.0,0.49,817,4467.0
0.018,24.0,0.43,1073,4666.0
0.026,28.0,0.5,1073,5130.0
0.005,29.0,0.48,957,4509.0
0.014,30.0,0.66,851,4633.0
0.013,26.0,0.46,1101,4664.0
0.013,24.0,0.62,1003,5660.0
0.017,27.0,0.58,852,4866.0
0.017,21.0,0.65,941,4489.0
0.007,20.0,0.62,1110,4408.0
0.016,28.0,0.46,1044,4608.0
0.006,23.0,0.56,894,4920.0
0.019,23.0,0.58,959,4857.0
0.009,27.0,0.45,1030,5538.0
0.023,24.0,0.4,920,4233.0
0.009,28.0,0.51,1142,5274.0
0.02,27.0,0.42,809,4836.0
0.023,30.0,0.59,1194,4250.0
0.024,23.0,0.7,868,5542.0
0.015,24.0,0.55,810,5707.0
0.023,22.0,0.57,1025,4471.0
0.014,23.0,0.59,860,5398.0
0.01,24.0,0.5,1183,5999.0
0.014,28.0,0.49,1011,4396.0
0.012,23.0,0.58,1104,5349.0
0.008,29.0,0.65,833,4324.0
0.025,28.0,0.61,966,4810.0
0.005,21.0,0.54,820,5053.0
0.024,30.0,0.56,1032,4349.0
0.018,20.0,0.63,1036,4683.0
0.016,21.0,0.62,1148,5069.0
0.02,24.0,0.61,987,4158.0
0.029,24.0,0.59,1009,4053.0
0.008,27.0,0.52,1020,5944.0
0.01,30.0,0.53,1110,5117.0
0.027,23.0,0.66,1064,5114.0
0.026,30.0,0.53,811,4316.0
0.014,22.0,0.62,893,4800.0
0.009,20.0,0.42,1092,5817.0
0.022,21.0,0.57,1111,4925.0
0.03,20.0,0.44,1070,5939.0
0.015,25.0,0.66,936,5003.0
0.008,29.0,0.69,1129,4875.0
0.026,30.0,0.54,1069,4808.0
0.007,26.0,0.54,983,5030.0
0.025,29.0,0.63,1024,5430.0
0.007,23.0,0.65,811,4515.0
0.021,23.0,0.53,1112,5351.0
0.021,27.0,0.42,1181,4714.0
0.016,30.0,0.64,993,5890.0
0.009,22.0,0.44,817,4262.0
0.012,29.0,0.5,1063,4923.0
0.017,25.0,0.41,1163,4885.0
0.016,25.0,0.41,1154,5944.0
0.009,26.0,0.7,1069,5775.0
0.028,30.0,0.57,978,4996.0
0.008,30.0,0.7,857,4924.0
0.019,30.0,0.62,1161,4359.0
0.016,24.0,0.43,1175,5992.0
0.024,23.0,0.67,1196,4399.0
0.005,24.0,0.63,835,5181.0
0.016,29.0,0.57,997,4761.0
0.03,20.0,0.5,1062,4137.0
0.012,22.0,0.6,1183,5086.0
0.024,28.0,0.6,823,4265.0
0.02,25.0,0.56,881,5355.0
0.025,20.0,0.58,1170,5716.0
0.021,25.0,0.51,885,5756.0
0.02,29.0,0.41,1153,4150.0
0.018,24.0,0.7,1089,5326.0
0.026,27.0,0.49,832,5909.0
0.03,28.0,0.44,1071,5225.0
0.024,22.0,0.58,805,5566.0
0.029,28.0,0.67,873,4570.0
0.011,27.0,0.57,813,5977.0
0.029,28.0,0.43,1030,4364.0
0.013,25.0,0.41,973,4539.0
0.014,28.0,0.59,941,4312.0
0.01,21.0,0.6,963,5773.0
0.025,25.0,0.69,952,4918.0
0.006,24.0,0.41,1041,4322.0
0.027,23.0,0.47,1185,4867.0
0.017,28.0,0.48,954,5500.0
0.029,21.0,0.51,980,5752.0
0.007,27.0,0.44,1019,5080.0
0.016,25.0,0.44,909,5537.0
0.028,27.0,0.53,930,5994.0
0.029,27.0,0.64,1077,4955.0
0.007,22.0,0.67,1152,5883.0
0.007,26.0,0.49,1195,5346.0
0.007,22.0,0.45,959,5889.0
0.013,26.0,0.47,838,4445.0
0.007,23.0,0.6,976,5038.0
0.006,29.0,0.49,1057,4402.0
0.009,21.0,0.47,1038,5955.0
0.01,20.0,0.43,992,5755.0
0.022,25.0,0.45,981,5962.0
0.01,23.0,0.57,1057,5630.0
0.01,21.0,0.65,1119,5096.0
0.028,22.0,0.64,1159,5044.0
0.025,30.0,0.62,805,4184.0
0.013,21.0,0.69,1152,5433.0
0.01,20.0,0.59,929,5893.0
0.021,28.0,0.65,1084,5661.0
0.018,30.0,0.51,818,4536.0
0.03,22.0,0.55,960,5163.0
0.016,26.0,0.63,1047,4413.0
0.007,25.0,0.69,945,4173.0
0.028,25.0,0.43,1194,4607.0
0.009,28.0,0.65,1070,4856.0
0.022,27.0,0.51,954,4149.0
0.011,20.0,0.53,1185,4116.0
0.009,24.0,0.62,1135,4857.0
0.017,22.0,0.4,1032,4030.0
0.015,25.0,0.66,1055,5209.0
0.01,26.0,0.4,1194,5840.0
0.022,28.0,0.43,1176,4619.0
0.009,25.0,0.48,1054,5654.0
0.029,24.0,0.55,985,5232.0
0.017,24.0,0.59,1095,4657.0
0.007,22.0,0.67,869,5644.0
0.025,29.0,0.42,1155,4153.0
0.029,28.0,0.69,945,5002.0
0.027,25.0,0.59,832,4799.0
0.02,22.0,0.6,986,5518.0
0.011,26.0,0.5,889,4500.0
0.027,27.0,0.55,1129,5015.0
0.029,27.0,0.64,1067,5710.0
0.019,29.0,0.42,1174,5458.0
0.014,21.0,0.68,987,4890.0
0.026,22.0,0.45,1063,5307.0
0.021,23.0,0.7,1186,4325.0
0.014,20.0,0.58,857,4959.0
0.009,25.0,0.46,969,5438.0
0.021,26.0,0.5,1018,5377.0
0.018,26.0,0.69,1144,4852.0
0.023,23.0,0.67,1096,4610.0
0.019,26.0,0.7,894,4888.0
0.008,23.0,0.55,1031,4262.0
0.012,22.0,0.51,806,4546.0
0.012,30.0,0.43,998,4193.0
0.006,29.0,0.61,807,5360.0
0.015,21.0,0.49,1034,5834.0
0.028,29.0,0.55,1180,4775.0
0.014,20.0,0.43,1123,5561.0
0.023,28.0,0.66,1139,5868.0
0.018,29.0,0.52,827,5929.0
0.014,24.0,0.41,1082,4977.0
0.02,24.0,0.4,1181,5552.0
0.014,28.0,0.43,985,4896.0
0.029,21.0,0.5,1111,5166.0
0.026,28.0,0.61,1062,4261.0
0.009,20.0,0.57,800,5663.0
0.023,29.0,0.5,923,4385.0
0.011,26.0,0.55,904,4523.0
0.012,28.0,0.49,993,5067.0
0.016,25.0,0.68,1074,5470.0
0.007,30.0,0.57,1014,4585.0
0.03,20.0,0.63,1145,4474.0
0.017,30.0,0.43,962,4622.0
0.01,23.0,0.46,1063,4618.0
0.021,28.0,0.49,994,4796.0
0.029,25.0,0.49,1177,4917.0
0.023,22.0,0.64,1148,4794.0
0.027,21.0,0.65,851,4234.0
0.006,23.0,0.6,825,5436.0
0.006,26.0,0.6,876,5573.0
0.018,28.0,0.52,821,4657.0
0.017,24.0,0.64,843,4616.0
0.008,27.0,0.66,888,4351.0
0.011,25.0,0.56,1104,4417.0
0.021,24.0,0.58,1173,4638.0
0.024,27.0,0.47,927,5352.0
0.017,21.0,0.46,832,4639.0
0.022,26.0,0.51,852,5379.0
0.019,30.0,0.41,1156,5214.0
0.012,28.0,0.48,993,5813.0
0.026,21.0,0.56,875,4414.0
0.024,23.0,0.55,820,4700.0
0.016,26.0,0.7,1050,5010.0
0.023,22.0,0.66,910,5533.0
0.014,23.0,0.54,928,4178.0
0.023,28.0,0.49,1090,4062.0
0.01,27.0,0.61,1043,5737.0
0.009,22.0,0.6,815,5508.0
0.02,22.0,0.64,1089,5997.0
0.02,21.0,0.65,1172,4772.0
0.026,24.0,0.52,976,5647.0
0.03,24.0,0.56,802,5592.0
0.011,22.0,0.49,891,5537.0
0.024,20.0,0.6,901,5384.0
0.008,20.0,0.69,1110,5256.0
0.024,28.0,0.6,1190,4023.0
0.009,29.0,0.67,968,4680.0
0.009,26.0,0.7,1174,4220.0
0.018,22.0,0.5,1191,4265.0
0.014,27.0,0.61,1186,4334.0
0.023,30.0,0.43,1134,5220.0
0.009,30.0,0.65,1197,5068.0
0.013,22.0,0.47,1042,5123.0
0.023,28.0,0.42,987,4821.0
0.019,23.0,0.45,1127,5375.0
0.012,27.0,0.46,974,5713.0
0.025,22.0,0.55,883,4653.0
0.011,25.0,0.63,849,4213.0
0.019,28.0,0.45,1035,5095.0
0.005,29.0,0.4,916,5026.0
0.027,22.0,0.53,1141,5891.0
0.006,25.0,0.44,925,4989.0
0.027,29.0,0.53,880,5564.0
0.025,28.0,0.58,950,4879.0
0.015,21.0,0.66,997,5647.0
0.028,21.0,0.62,993,4106.0
0.012,23.0,0.55,1126,4172.0
0.014,20.0,0.49,825,4008.0
0.024,28.0,0.69,1200,5317.0
0.017,27.0,0.52,822,5374.0
0.028,28.0,0.5,1099,5217.0
0.024,29.0,0.47,937,4738.0
0.009,20.0,0.66,919,5595.0
0.018,23.0,0.41,1092,5031.0
0.03,25.0,0.62,957,4215.0
0.015,30.0,0.41,831,5707.0
0.029,24.0,0.4,1194,4166.0
0.007,27.0,0.63,948,5870.0
0.021,21.0,0.6,965,4275.0
0.009,25.0,0.47,1197,4884.0
0.022,30.0,0.59,1100,5130.0
0.012,21.0,0.68,985,4340.0
0.011,21.0,0.43,918,5082.0
0.016,30.0,0.57,959,4031.0
0.009,26.0,0.62,967,5425.0
0.024,30.0,0.67,809,5026.0
0.007,21.0,0.55,838,5945.0
0.028,20.0,0.43,805,5512.0
0.007,24.0,0.7,803,4297.0
0.009,21.0,0.64,1081,4338.0
0.015,21.0,0.65,996,4811.0
0.013,29.0,0.49,1040,5649.0
0.013,29.0,0.56,831,4187.0
0.018,20.0,0.62,1123,5342.0
0.027,26.0,0.42,957,4122.0
0.006,30.0,0.55,1026,4966.0
0.007,30.0,0.44,1177,5601.0
0.027,29.0,0.56,885,5342.0
0.027,21.0,0.68,801,5120.0
0.017,30.0,0.59,875,5031.0
0.012,25.0,0.7,1040,5822.0
0.007,20.0,0.62,1063,5697.0
0.013,26.0,0.4,885,5758.0
0.018,26.0,0.53,944,5881.0
0.025,20.0,0.59,931,4898.0
0.022,27.0,0.66,1050,5891.0
0.021,29.0,0.59,880,5042.0
0.012,21.0,0.52,1130,4417.0
0.021,29.0,0.48,1159,5313.0
0.028,21.0,0.44,946,5790.0
0.012,20.0,0.5,987,4597.0
0.018,24.0,0.52,1096,4783.0
0.018,22.0,0.44,1079,4060.0
0.023,26.0,0.58,1135,5629.0
0.022,22.0,0.42,923,4570.0
0.013,20.0,0.51,1094,5949.0
0.016,23.0,0.43,1091,4312.0
0.009,23.0,0.53,918,4513.0
0.026,24.0,0.48,1083,5719.0
0.021,20.0,0.56,1184,4626.0
0.019,26.0,0.59,1071,4983.0
0.01,22.0,0.48,965,5410.0
0.02,26.0,0.66,924,4874.0
0.008,24.0,0.64,854,4868.0
0.012,28.0,0.64,922,4708.0
0.01,25.0,0.54,1014,4170.0
0.016,26.0,0.69,828,4694.0
0.009,25.0,0.44,1071,4413.0
0.028,29.0,0.61,837,4132.0
0.011,20.0,0.57,860,5921.0
0.015,25.0,0.48,1050,4673.0
0.005,20.0,0.57,1110,5261.0
0.03,22.0,0.48,873,4857.0
0.007,20.0,0.44,843,4334.0
0.008,23.0,0.44,993,5512.0
0.028,27.0,0.55,908,4607.0
0.023,29.0,0.7,1147,5708.0
0.015,22.0,0.54,980,4338.0
0.014,21.0,0.48,1089,4030.0
0.009,24.0,0.58,868,5229.0
0.023,23.0,0.65,1111,5293.0
0.027,22.0,0.68,1072,5722.0
0.01,22.0,0.61,1011,5565.0
0.018,23.0,0.68,1134,5436.0
0.019,23.0,0.58,1057,5995.0
0.017,24.0,0.54,1169,4703.0
0.014,26.0,0.58,1002,5783.0
0.025,22.0,0.57,902,4597.0
0.014,28.0,0.45,891,4585.0
0.012,30.0,0.63,1124,4608.0
0.029,26.0,0.61,1108,5548.0
0.027,28.0,0.58,1108,5405.0
0.012,20.0,0.66,1035,5419.0
0.025,25.0,0.67,879,5417.0
0.023,26.0,0.55,1109,5760.0
0.017,20.0,0.61,1131,4990.0
0.017,27.0,0.69,894,4667.0
0.018,24.0,0.56,820,5384.0
0.016,22.0,0.57,1013,4512.0
0.02,24.0,0.62,1000,4270.0
0.021,23.0,0.5,803,4358.0
0.013,22.0,0.67,1165,4402.0
0.005,29.0,0.52,879,5179.0
0.013,20.0,0.69,1041,4790.0
0.01,30.0,0.63,968,5344.0
0.006,26.0,0.7,885,5288.0
0.011,27.0,0.57,1016,5052.0
0.011,26.0,0.58,962,4238.0
0.014,22.0,0.46,1036,5505.0
0.025,29.0,0.4,1188,4559.0
0.026,26.0,0.44,904,4165.0
0.024,20.0,0.52,855,4575.0
0.027,26.0,0.46,1085,5563.0
0.009,25.0,0.61,1162,5095.0
0.029,22.0,0.63,1076,4229.0
0.02,29.0,0.66,1184,4158.0
0.007,27.0,0.57,926,5595.0
0.023,27.0,0.43,1016,4263.0
0.021,28.0,0.61,1136,4495.0
0.011,29.0,0.7,867,5753.0
0.024,26.0,0.4,919,4150.0
0.009,21.0,0.7,999,4434.0
0.01,26.0,0.5,888,5513.0
0.013,27.0,0.57,1003,4180.0
0.028,25.0,0.67,1161,5569.0
0.014,20.0,0.58,912,4283.0
0.016,29.0,0.46,972,5298.0
0.006,27.0,0.53,1083,4055.0
0.016,23.0,0.65,1095,4933.0
0.013,23.0,0.47,901,5088.0
0.015,27.0,0.65,1114,4325.0
0.017,24.0,0.56,1141,4327.0
0.028,22.0,0.68,847,5754.0
0.028,21.0,0.44,1090,4439.0
0.02,21.0,0.62,878,4469.0
0.016,30.0,0.56,926,4165.0
0.007,26.0,0.7,1199,4031.0
0.005,26.0,0.4,811,5339.0
0.005,27.0,0.55,1031,4567.0
0.027,22.0,0.56,1019,5105.0
0.005,27.0,0.48,885,5668.0
0.013,28.0,0.44,966,5619.0
0.011,21.0,0.53,1060,5460.0
0.028,28.0,0.65,811,5330.0
0.009,23.0,0.41,1064,4602.0
0.01,28.0,0.65,1177,4326.0
0.02,23.0,0.69,1079,4378.0
0.022,20.0,0.55,1002,4610.0
0.015,23.0,0.47,1025,4537.0
0.02,25.0,0.45,1040,4946.0
0.018,28.0,0.41,800,4428.0
0.019,26.0,0.61,1100,5949.0
0.027,28.0,0.52,854,4714.0
0.026,22.0,0.6,952,4049.0
0.01,28.0,0.7,1052,5580.0
0.029,25.0,0.52,854,4639.0
0.024,27.0,0.51,838,5498.0
0.012,29.0,0.47,1059,4881.0
0.008,22.0,0.48,1149,4177.0
0.016,23.0,0.4,1080,5621.0
0.017,21.0,0.5,969,5124.0
0.024,23.0,0.48,1122,4051.0
0.021,22.0,0.59,1100,5277.0
0.026,22.0,0.63,831,5695.0
0.015,28.0,0.7,1042,4121.0
0.019,20.0,0.56,1020,5464.0
0.022,25.0,0.7,859,4838.0
0.01,25.0,0.63,858,4624.0
0.008,22.0,0.53,1031,5367.0
0.015,25.0,0.54,1030,4723.0
0.015,23.0,0.58,1052,5102.0
0.021,22.0,0.65,1095,5499.0
0.021,30.0,0.56,967,5094.0
0.027,30.0,0.56,896,4984.0
0.013,20.0,0.55,1067,4882.0
0.025,21.0,0.69,838,4991.0
0.02,27.0,0.65,903,4036.0
0.015,27.0,0.65,913,5320.0
0.029,23.0,0.61,813,5238.0
0.009,30.0,0.44,929,4803.0
0.008,21.0,0.59,1045,5213.0
0.016,28.0,0.43,877,5055.0
0.017,28.0,0.56,971,5773.0
0.011,22.0,0.61,990,5618.0
0.011,20.0,0.48,1091,5608.0
0.023,23.0,0.51,802,4198.0
0.017,22.0,0.43,1175,4201.0
0.009,30.0,0.61,978,4655.0
0.028,30.0,0.44,835,5262.0
0.026,25.0,0.62,1125,5997.0
0.021,21.0,0.67,862,5241.0
0.007,23.0,0.63,829,4783.0
0.021,30.0,0.63,871,5668.0
0.019,29.0,0.63,817,4346.0
0.014,26.0,0.53,1055,4821.0
0.015,30.0,0.45,1057,5149.0
0.006,26.0,0.42,1028,5810.0
0.006,20.0,0.62,1193,4623.0
0.008,25.0,0.69,921,4392.0
0.008,29.0,0.67,939,4260.0
0.016,29.0,0.48,896,4043.0
0.009,29.0,0.46,861,5731.0
0.025,23.0,0.5,825,5408.0
0.014,26.0,0.65,817,4118.0
0.026,22.0,0.48,1005,5042.0
0.026,23.0,0.64,939,4879.0
0.02,30.0,0.46,961,4483.0
0.023,27.0,0.51,827,4114.0
0.019,20.0,0.53,1188,4473.0
0.026,22.0,0.55,1154,5348.0
0.017,25.0,0.5,891,4391.0
0.024,27.0,0.57,937,5511.0
0.028,26.0,0.53,877,5947.0
0.027,28.0,0.49,1175,4787.0
0.02,22.0,0.7,854,5451.0
0.011,27.0,0.5,1190,5122.0
0.006,24.0,0.43,1124,5305.0
0.012,27.0,0.46,852,5099.0
0.01,29.0,0.52,907,4050.0
0.018,29.0,0.57,982,4956.0
0.014,24.0,0.52,1180,4197.0
0.015,22.0,0.69,1035,5647.0
0.01,20.0,0.64,1094,5094.0
0.025,26.0,0.54,1028,4643.0
0.027,24.0,0.42,1160,5843.0
0.017,26.0,0.66,1080,4537.0
0.027,28.0,0.66,1150,5027.0
0.03,29.0,0.65,1053,4821.0
0.007,26.0,0.55,1094,5399.0
0.029,26.0,0.43,1037,4932.0
0.011,20.0,0.61,996,5820.0
0.014,27.0,0.53,1192,5097.0
0.022,24.0,0.48,848,5401.0
0.018,26.0,0.56,972,4843.0
0.017,27.0,0.43,828,4669.0
0.013,24.0,0.44,911,4886.0
0.006,26.0,0.49,1001,5247.0
0.019,30.0,0.6,965,5188.0
0.012,26.0,0.51,1165,4044.0
0.005,22.0,0.51,1016,4925.0
0.013,27.0,0.55,1164,5186.0
0.022,22.0,0.64,1153,5174.0
0.006,25.0,0.53,1092,4044.0
0.029,28.0,0.59,820,5091.0
0.012,27.0,0.49,804,4274.0
0.006,24.0,0.63,886,5706.0
0.029,24.0,0.48,1162,5884.0
0.027,30.0,0.67,802,5998.0
0.014,26.0,0.69,880,5794.0
0.022,26.0,0.48,1095,5552.0
0.018,28.0,0.52,1057,5406.0
0.012,30.0,0.62,1113,4062.0
0.025,28.0,0.41,854,4971.0
0.018,29.0,0.4,839,4674.0
0.023,20.0,0.55,1090,5862.0
0.012,23.0,0.41,894,4415.0
0.016,24.0,0.43,1136,5935.0
0.026,29.0,0.68,1015,4967.0
0.022,28.0,0.45,824,4483.0
0.006,30.0,0.67,1180,5369.0
0.008,25.0,0.48,1177,4039.0
0.008,21.0,0.4,982,5244.0
0.028,20.0,0.64,834,5280.0
0.021,24.0,0.45,848,5921.0
0.006,22.0,0.59,1062,4814.0
0.025,25.0,0.64,1046,5258.0
0.029,25.0,0.54,1072,5374.0
0.015,30.0,0.63,1096,4874.0
0.006,20.0,0.62,954,5557.0
0.021,20.0,0.48,835,5058.0
0.029,24.0,0.68,1030,4614.0
0.027,22.0,0.6,959,4952.0
0.024,21.0,0.69,984,4955.0
0.007,21.0,0.41,943,5905.0
0.014,24.0,0.45,1056,5104.0
0.011,28.0,0.48,1023,4046.0
0.021,28.0,0.5,1069,5317.0
0.02,24.0,0.43,920,4135.0
0.015,29.0,0.6,1148,5962.0
0.027,28.0,0.65,812,5204.0
0.028,20.0,0.58,938,4768.0
0.03,30.0,0.59,1026,5865.0
0.023,29.0,0.48,824,4154.0
0.025,22.0,0.42,1138,5549.0
0.024,23.0,0.54,873,4524.0
0.029,21.0,0.62,945,5422.0
0.01,20.0,0.67,803,5222.0
0.017,25.0,0.46,859,5562.0
0.02,30.0,0.58,868,4516.0
0.011,23.0,0.45,949,5765.0
0.025,25.0,0.65,1097,5880.0
0.028,20.0,0.69,1156,5111.0
0.025,26.0,0.53,1112,4463.0
0.024,27.0,0.51,1195,5936.0
0.026,22.0,0.62,850,4076.0
0.016,23.0,0.57,928,5193.0
0.027,22.0,0.48,1041,5990.0
0.016,20.0,0.53,1173,4015.0
0.02,26.0,0.69,806,4839.0
0.019,22.0,0.7,1151,4181.0
0.01,30.0,0.6,1099,4501.0
0.025,27.0,0.62,987,4524.0
0.021,22.0,0.44,987,5224.0
0.029,20.0,0.68,1106,4663.0
0.026,28.0,0.44,1077,4887.0
0.026,25.0,0.53,957,5798.0
0.026,30.0,0.68,896,4735.0
0.018,29.0,0.67,957,4434.0
0.02,25.0,0.6,1093,4529.0
0.016,25.0,0.4,841,4648.0
0.028,25.0,0.49,1101,4314.0
0.023,23.0,0.66,833,5290.0
0.017,22.0,0.63,851,4849.0
0.012,21.0,0.53,1135,5605.0
0.01,26.0,0.51,919,4401.0
0.026,24.0,0.64,1018,4592.0
0.016,23.0,0.56,1176,4481.0
0.005,20.0,0.67,813,5270.0
0.023,29.0,0.65,1010,5814.0
0.008,23.0,0.44,905,4249.0
0.014,24.0,0.42,1121,5591.0
0.02,20.0,0.49,940,4910.0
0.02,21.0,0.69,1002,4881.0
0.027,21.0,0.46,1170,4437.0
0.009,27.0,0.51,969,5947.0
0.022,30.0,0.65,888,4090.0
0.013,29.0,0.69,820,4790.0
0.009,28.0,0.69,890,5713.0
0.018,26.0,0.68,1171,4330.0
0.028,24.0,0.7,993,4945.0
0.012,29.0,0.42,1034,4570.0
0.019,26.0,0.42,1161,4281.0
0.026,29.0,0.52,900,4920.0
0.009,26.0,0.55,907,5464.0
0.013,21.0,0.43,1121,5008.0
0.012,22.0,0.42,944,4870.0
0.018,30.0,0.43,1000,5717.0
0.02,28.0,0.54,1140,5722.0
0.03,26.0,0.66,910,4390.0
0.011,30.0,0.7,892,4549.0
0.025,24.0,0.51,1036,4530.0
0.022,30.0,0.65,985,4389.0
0.025,23.0,0.54,1117,4215.0
0.027,20.0,0.5,1122,4283.0
0.028,27.0,0.6,1148,4874.0
0.023,24.0,0.63,1008,4138.0
0.005,30.0,0.69,1044,4970.0
0.011,29.0,0.48,848,5149.0
0.007,26.0,0.5,1197,5150.0
0.028,22.0,0.44,948,4245.0
0.017,20.0,0.51,1049,4601.0
0.029,30.0,0.57,903,4671.0
0.029,24.0,0.68,824,4043.0
0.018,20.0,0.48,997,4970.0
0.013,23.0,0.55,926,5052.0
0.027,29.0,0.62,1111,4649.0
0.02,23.0,0.47,1177,5398.0
0.021,28.0,0.53,1144,4764.0
0.019,21.0,0.69,863,5661.0
0.008,26.0,0.65,1001,4769.0
0.021,25.0,0.53,969,4356.0
0.014,27.0,0.41,1200,4227.0
0.023,29.0,0.63,1017,5642.0
0.014,20.0,0.64,896,5914.0
0.018,28.0,0.69,898,5062.0
0.021,26.0,0.5,863,4360.0
0.03,28.0,0.45,826,4764.0
0.024,30.0,0.45,1000,4372.0
0.008,26.0,0.6,934,4746.0
0.025,20.0,0.55,1091,4874.0
0.01,22.0,0.47,842,5871.0
0.017,23.0,0.42,863,4118.0
0.01,30.0,0.5,1048,5814.0
0.014,29.0,0.67,888,5970.0
0.03,30.0,0.64,995,4418.0
0.01,20.0,0.49,983,5384.0
0.023,22.0,0.52,1096,5872.0
0.029,24.0,0.6,870,5808.0
0.019,27.0,0.57,808,4399.0
0.016,26.0,0.7,895,5555.0
0.022,22.0,0.67,1042,5175.0
0.028,29.0,0.56,948,4410.0
0.013,24.0,0.63,1066,5999.0
0.029,26.0,0.54,884,5960.0
0.009,22.0,0.67,1061,4117.0
0.02,27.0,0.48,947,5960.0
0.026,30.0,0.65,953,4846.0
0.029,22.0,0.57,1052,5248.0
0.02,23.0,0.57,817,5145.0
0.023,27.0,0.69,956,4404.0
0.026,22.0,0.55,1143,4388.0
0.012,28.0,0.46,1115,5126.0
0.008,20.0,0.67,1105,4996.0
0.009,25.0,0.51,939,5078.0
0.01,27.0,0.63,1115,4737.0
0.025,28.0,0.48,879,5590.0
0.006,27.0,0.45,1136,5043.0
0.011,29.0,0.62,866,4571.0
0.018,24.0,0.52,1084,5116.0
0.028,21.0,0.45,978,5951.0
0.014,25.0,0.47,1051,4317.0
0.029,29.0,0.46,879,5874.0
0.026,20.0,0.42,1090,4425.0
0.013,30.0,0.65,1035,4495.0
0.025,30.0,0.47,807,4250.0
0.01,21.0,0.69,979,5416.0
0.012,25.0,0.56,1009,5232.0
0.018,30.0,0.61,899,4405.0
0.027,29.0,0.54,1067,5816.0
0.01,29.0,0.56,900,4699.0
0.015,28.0,0.41,967,5764.0
0.022,22.0,0.67,1163,4749.0
0.021,25.0,0.42,837,5989.0
0.01,30.0,0.44,1034,5425.0
0.015,29.0,0.59,914,4270.0
0.026,29.0,0.55,891,4750.0
0.014,28.0,0.47,889,5557.0
0.012,22.0,0.59,1062,5807.0
0.015,25.0,0.58,955,4018.0
0.023,30.0,0.7,818,4528.0
0.019,29.0,0.63,944,4835.0
0.025,22.0,0.63,1126,4185.0
0.019,20.0,0.44,1125,4917.0
0.014,27.0,0.68,1068,4927.0
0.014,27.0,0.48,992,5396.0
0.01,25.0,0.61,1088,4478.0
0.02,20.0,0.59,1009,4807.0
0.011,27.0,0.65,832,4715.0
0.011,23.0,0.56,840,5375.0
0.012,20.0,0.48,1029,4607.0
0.018,28.0,0.5,861,4671.0
0.013,29.0,0.42,1164,4881.0
0.008,28.0,0.47,870,5385.0
0.029,21.0,0.63,907,5498.0
0.005,29.0,0.45,905,5102.0
0.028,26.0,0.62,1141,5683.0
0.029,24.0,0.7,958,5010.0
0.017,25.0,0.56,1061,5575.0
0.018,28.0,0.54,942,4243.0
0.017,26.0,0.56,940,4470.0
0.022,28.0,0.68,903,4203.0
0.021,25.0,0.65,1051,4304.0
0.017,20.0,0.42,974,5834.0
0.028,20.0,0.57,868,4385.0
0.014,25.0,0.7,1079,5515.0
0.026,20.0,0.44,1082,4984.0
0.012,29.0,0.54,928,5093.0
0.007,30.0,0.57,882,4824.0
0.025,23.0,0.47,1169,4309.0
0.028,24.0,0.53,960,4676.0
0.025,22.0,0.65,937,4525.0
0.009,29.0,0.47,904,4134.0
0.009,21.0,0.57,1009,4510.0
0.017,22.0,0.49,809,5493.0
0.011,29.0,0.43,949,5922.0
0.028,29.0,0.48,900,5263.0
0.011,27.0,0.41,1038,5847.0
0.015,28.0,0.68,886,5326.0
0.026,20.0,0.54,1197,4077.0
0.029,26.0,0.65,1085,5171.0
0.006,21.0,0.43,890,5476.0
0.019,30.0,0.42,829,4208.0
0.027,27.0,0.41,1043,5630.0
0.007,21.0,0.64,1099,4064.0
0.007,27.0,0.57,849,4540.0
0.011,29.0,0.6,924,4723.0
0.02,25.0,0.58,1078,5326.0
0.009,26.0,0.53,1020,4562.0
0.014,20.0,0.54,1104,5041.0
0.006,30.0,0.47,1055,5811.0
0.012,23.0,0.69,1044,5062.0
0.026,20.0,0.55,840,5187.0
0.02,23.0,0.58,1011,5860.0
0.008,22.0,0.54,959,5335.0
0.025,22.0,0.55,877,5146.0
0.024,21.0,0.45,1050,4059.0
0.023,29.0,0.4,1159,4565.0
0.028,25.0,0.63,816,5967.0
0.009,25.0,0.42,855,4762.0
0.022,29.0,0.54,939,5476.0
0.027,25.0,0.46,992,5498.0
0.011,28.0,0.53,999,4204.0
0.028,25.0,0.46,873,4526.0
0.015,23.0,0.67,1045,4696.0
0.008,20.0,0.67,1019,4070.0
0.022,23.0,0.68,956,5358.0
0.013,22.0,0.47,1141,5721.0
0.022,21.0,0.5,930,5411.0
0.006,26.0,0.58,1174,4774.0
0.005,27.0,0.63,826,5585.0
0.019,26.0,0.48,1055,4876.0
0.008,29.0,0.47,869,4254.0
0.008,26.0,0.62,1177,5618.0
0.006,24.0,0.58,915,5428.0
0.009,29.0,0.68,1066,5986.0
0.017,20.0,0.58,805,5820.0
0.017,24.0,0.49,807,5811.0
0.013,30.0,0.56,990,5772.0
0.014,30.0,0.57,964,4698.0
0.019,25.0,0.66,829,5161.0
0.028,26.0,0.5,857,5426.0
0.01,25.0,0.64,1039,5720.0
0.008,25.0,0.54,1045,5271.0
0.02,21.0,0.41,1082,4046.0
0.024,22.0,0.43,1141,5668.0
0.008,28.0,0.55,1076,4423.0
0.026,27.0,0.59,869,5626.0
0.006,28.0,0.57,1157,5485.0
0.023,21.0,0.51,1137,4796.0
0.008,30.0,0.51,998,4571.0
0.011,25.0,0.67,1186,4174.0
0.029,20.0,0.4,848,5755.0
0.019,22.0,0.62,907,4874.0
0.012,21.0,0.53,1119,4085.0
0.024,23.0,0.46,1108,5362.0
0.012,30.0,0.61,1020,4833.0
0.028,23.0,0.69,901,5587.0
0.015,24.0,0.4,1000,4225.0
0.017,26.0,0.52,1039,5667.0
0.02,29.0,0.56,806,4182.0
0.007,23.0,0.68,1166,4448.0
0.018,22.0,0.42,932,4634.0
0.006,24.0,0.44,1105,5685.0
0.028,27.0,0.53,1119,4110.0
0.023,20.0,0.46,806,4307.0
0.027,22.0,0.63,871,5938.0
0.023,21.0,0.55,1108,5663.0
0.027,20.0,0.42,940,5872.0
0.012,30.0,0.42,1193,4448.0
0.023,20.0,0.51,898,5621.0
0.007,27.0,0.61,1095,5449.0
0.015,21.0,0.47,1137,5710.0
0.012,30.0,0.59,949,4482.0
0.01,27.0,0.51,811,5842.0
0.022,28.0,0.66,1007,5140.0
0.022,23.0,0.69,937,5144.0
0.012,20.0,0.56,1158,5234.0
0.016,25.0,0.46,1116,4970.0
0.024,29.0,0.64,1049,4779.0
0.007,28.0,0.66,1048,5013.0
0.023,27.0,0.49,888,5223.0
0.007,30.0,0.48,1056,4391.0
0.018,25.0,0.4,951,4506.0
0.03,24.0,0.66,1074,4764.0
0.012,21.0,0.61,1062,5579.0
0.018,29.0,0.6,946,5901.0
0.026,24.0,0.58,1120,4699.0
0.02,26.0,0.58,946,4828.0
0.011,22.0,0.41,950,4328.0
0.016,23.0,0.59,941,4023.0
0.014,27.0,0.47,1066,4217.0
0.029,25.0,0.61,1187,4717.0
0.013,24.0,0.65,1015,5168.0
0.006,30.0,0.43,985,5299.0
0.016,30.0,0.48,897,5226.0
0.016,26.0,0.67,1098,5503.0
0.026,22.0,0.62,921,4764.0
0.028,30.0,0.62,1095,5683.0
0.029,25.0,0.41,858,5192.0
0.029,27.0,0.43,1176,4449.0
0.012,24.0,0.68,865,4276.0
0.013,21.0,0.67,859,4221.0
0.028,23.0,0.61,1093,4862.0
0.019,30.0,0.7,948,5194.0
0.023,24.0,0.7,946,5491.0
0.019,29.0,0.6,864,4720.0
0.02,28.0,0.68,1045,5046.0
0.008,22.0,0.48,1032,5135.0
0.026,28.0,0.56,927,5385.0
0.024,21.0,0.66,811,5520.0
0.02,23.0,0.45,1067,5227.0
0.019,20.0,0.55,1077,5619.0
0.016,25.0,0.5,1016,4375.0
0.017,29.0,0.43,1008,5761.0
0.008,28.0,0.59,937,4666.0
0.014,25.0,0.62,827,5716.0
0.009,29.0,0.62,1130,4081.0
0.016,27.0,0.61,1068,4348.0
0.026,22.0,0.43,935,5207.0
0.01,24.0,0.61,1180,4860.0
0.012,24.0,0.57,853,5007.0
0.015,28.0,0.52,1074,5987.0
0.018,21.0,0.53,1188,5214.0
0.014,27.0,0.54,1149,4037.0
0.013,24.0,0.48,1039,4282.0
0.018,28.0,0.62,1184,4376.0
0.024,26.0,0.7,949,5538.0
0.011,30.0,0.6,1100,4525.0
0.007,23.0,0.45,1087,5236.0
0.029,21.0,0.69,935,4205.0
0.015,24.0,0.63,1044,5675.0
0.011,24.0,0.47,986,5608.0
0.006,20.0,0.58,900,4692.0
0.023,23.0,0.64,1060,5681.0
0.01,26.0,0.55,875,4379.0
0.024,28.0,0.47,956,5004.0
0.005,20.0,0.7,1058,4692.0
0.007,21.0,0.69,979,4233.0
0.029,25.0,0.64,890,4299.0
0.022,27.0,0.62,1065,5655.0
0.005,28.0,0.59,1093,5103.0
0.03,26.0,0.62,978,4329.0
0.028,28.0,0.62,1085,5774.0
0.006,20.0,0.54,1169,5289.0
0.024,21.0,0.52,1185,5423.0
0.015,27.0,0.63,824,4633.0
0.027,29.0,0.59,844,4781.0
0.025,20.0,0.62,869,4727.0
0.015,20.0,0.68,1122,5671.0
0.027,20.0,0.5,1124,5156.0
0.016,20.0,0.43,1044,4782.0
0.015,22.0,0.55,980,4798.0
0.02,20.0,0.6,1125,5934.0
0.012,22.0,0.55,830,5706.0
0.023,30.0,0.55,976,4104.0
0.021,22.0,0.59,1062,5322.0
0.01,26.0,0.7,849,5858.0
0.019,28.0,0.46,1002,5963.0
0.022,24.0,0.64,1171,4724.0
0.025,25.0,0.68,883,5703.0
0.011,27.0,0.52,960,5721.0
0.027,22.0,0.58,1200,4534.0
0.017,22.0,0.64,1072,5524.0
0.03,28.0,0.42,916,5511.0
0.016,24.0,0.45,1004,5694.0
0.014,29.0,0.65,1059,4354.0
0.029,23.0,0.49,827,4505.0
0.03,24.0,0.69,1029,5663.0
0.008,23.0,0.55,1106,5333.0
0.026,29.0,0.42,1084,4984.0
0.012,24.0,0.45,909,4837.0
0.015,30.0,0.49,1179,5642.0
0.012,28.0,0.67,873,4169.0
0.008,28.0,0.53,826,5939.0
0.027,27.0,0.48,1087,4903.0
0.027,24.0,0.68,1073,5651.0
0.021,26.0,0.64,983,5486.0
0.029,29.0,0.57,912,4108.0
0.021,24.0,0.7,1078,4855.0
0.017,24.0,0.52,1108,4923.0
0.005,27.0,0.43,1025,4212.0
0.007,22.0,0.7,928,5573.0
0.03,29.0,0.66,908,5643.0
0.015,28.0,0.57,859,4213.0
0.02,24.0,0.41,1028,5399.0
0.009,27.0,0.46,991,4851.0
0.027,25.0,0.55,1054,4406.0
0.012,29.0,0.4,1072,4969.0
0.009,27.0,0.48,954,5123.0
0.014,25.0,0.45,1108,5832.0
0.011,21.0,0.42,960,4202.0
0.018,21.0,0.54,807,5666.0
0.026,24.0,0.46,1109,4032.0
0.023,24.0,0.43,947,5790.0
0.025,30.0,0.56,968,5412.0
0.018,28.0,0.65,1090,5210.0
0.01,25.0,0.51,918,4531.0
0.013,26.0,0.61,1114,5540.0
0.014,20.0,0.4,1053,5683.0
0.017,20.0,0.63,809,4289.0
0.01,27.0,0.66,1071,4492.0
0.005,21.0,0.4,1094,5988.0
0.013,25.0,0.51,858,4218.0
0.018,26.0,0.58,1177,4889.0
0.008,25.0,0.46,1088,5252.0
0.016,22.0,0.55,989,5635.0
0.022,23.0,0.65,985,4191.0
0.017,28.0,0.67,989,5838.0
0.021,27.0,0.41,890,5887.0
0.027,30.0,0.53,1160,4328.0
0.009,22.0,0.4,1163,4402.0
0.015,30.0,0.52,1135,5612.0
0.006,27.0,0.45,1165,5614.0
0.015,24.0,0.57,1066,4078.0
0.016,26.0,0.41,988,5685.0
0.027,27.0,0.45,1108,4027.0
0.006,27.0,0.55,910,5686.0
0.01,23.0,0.68,989,4476.0
0.023,20.0,0.5,924,4794.0
0.017,29.0,0.4,826,5430.0
0.018,26.0,0.66,821,4067.0
0.012,22.0,0.64,1011,4865.0
0.025,28.0,0.48,1126,5057.0
0.006,20.0,0.5,1177,5146.0
0.018,27.0,0.65,896,5864.0
0.009,27.0,0.63,891,4407.0
0.006,28.0,0.43,883,5778.0
0.03,30.0,0.61,1104,5953.0
0.009,26.0,0.45,860,5738.0
0.012,29.0,0.5,915,4269.0
0.023,22.0,0.43,831,5142.0
0.009,20.0,0.51,1117,4155.0
0.028,26.0,0.65,970,4298.0
0.024,24.0,0.66,938,4058.0
0.026,22.0,0.69,865,4810.0
0.02,22.0,0.45,916,4894.0
0.027,30.0,0.56,981,4384.0
0.016,23.0,0.49,1156,5891.0
0.007,27.0,0.66,1005,4940.0
0.014,26.0,0.4,940,4944.0
0.024,26.0,0.46,1104,4774.0
0.01,26.0,0.4,1108,4835.0
0.008,29.0,0.66,1169,5388.0
0.029,25.0,0.55,1122,5957.0
0.024,22.0,0.52,991,5273.0
0.016,27.0,0.51,1067,4247.0
0.03,26.0,0.6,1119,5537.0
0.024,21.0,0.51,889,5563.0
0.006,30.0,0.67,1001,4240.0
0.017,20.0,0.5,1021,4754.0
0.016,20.0,0.63,973,4166.0
0.025,26.0,0.69,1120,5059.0
0.011,20.0,0.62,1010,5047.0
0.029,27.0,0.51,1185,5752.0
0.006,21.0,0.42,1009,4010.0
0.022,25.0,0.55,933,4167.0
0.016,25.0,0.57,810,4516.0
0.007,24.0,0.65,1126,4580.0
0.027,20.0,0.47,1084,4080.0
0.006,22.0,0.7,1158,4662.0
0.008,20.0,0.47,1183,5235.0
0.012,27.0,0.53,1032,5581.0
0.025,26.0,0.41,1136,4286.0
0.02,30.0,0.5,995,5858.0
0.024,28.0,0.54,1180,4300.0
0.024,25.0,0.43,1061,5479.0
0.03,30.0,0.62,1065,4633.0
0.025,26.0,0.58,844,4491.0
0.012,21.0,0.46,1137,5604.0
0.019,30.0,0.54,1165,5291.0
0.018,24.0,0.57,1063,4802.0
0.01,28.0,0.7,1184,4213.0
0.011,23.0,0.42,900,5502.0
0.017,20.0,0.59,947,4998.0
0.026,27.0,0.41,940,4574.0
0.02,28.0,0.4,1179,4644.0
0.029,29.0,0.67,1041,4885.0
0.029,30.0,0.62,1073,4943.0
0.008,26.0,0.67,812,4172.0
0.025,22.0,0.55,858,4706.0
0.03,27.0,0.69,974,5801.0
0.012,24.0,0.56,1101,4383.0
0.011,20.0,0.48,893,4698.0
0.015,30.0,0.69,1084,4865.0
0.007,20.0,0.67,1198,4411.0
0.007,29.0,0.56,1050,5634.0
0.014,21.0,0.55,846,5977.0
0.009,25.0,0.61,871,4946.0
0.009,30.0,0.65,1103,5818.0
0.012,27.0,0.63,873,5406.0
0.016,25.0,0.41,891,4485.0
0.009,30.0,0.5,1198,5158.0
0.009,21.0,0.53,1053,4338.0
0.016,27.0,0.7,1048,5647.0
0.007,29.0,0.64,1067,4917.0
0.015,28.0,0.57,932,4422.0
0.02,20.0,0.69,1109,5558.0
0.028,21.0,0.55,999,4605.0
0.028,20.0,0.42,1051,4939.0
0.019,27.0,0.5,1112,5558.0
0.026,21.0,0.67,1130,4759.0
0.029,30.0,0.44,881,5175.0
0.011,29.0,0.65,919,4950.0
0.023,30.0,0.61,1002,4970.0
0.005,20.0,0.57,886,4906.0
0.017,22.0,0.45,882,4394.0
0.014,29.0,0.65,1108,4454.0
0.03,29.0,0.56,930,5144.0
0.023,25.0,0.42,1000,5397.0
0.008,24.0,0.57,1019,4772.0
0.025,29.0,0.62,817,5005.0
0.024,28.0,0.4,1061,4791.0
0.009,29.0,0.69,989,5334.0
0.019,24.0,0.4,951,4239.0
0.01,22.0,0.52,925,4812.0
0.015,26.0,0.7,912,4901.0
0.019,29.0,0.6,1035,4358.0
0.022,22.0,0.41,1032,5664.0
0.014,24.0,0.43,1002,4294.0
0.013,22.0,0.58,1137,5186.0
0.029,25.0,0.54,848,5963.0
0.023,24.0,0.44,951,5290.0
0.025,21.0,0.45,1117,4313.0
0.029,22.0,0.66,979,5341.0
0.025,30.0,0.41,1127,5938.0
0.02,26.0,0.61,821,4059.0
0.01,20.0,0.67,1110,4715.0
0.027,20.0,0.62,809,4055.0
0.015,27.0,0.47,889,5267.0
0.023,28.0,0.5,990,4244.0
0.016,26.0,0.58,1096,4371.0
0.023,26.0,0.53,1153,5780.0
0.019,20.0,0.57,879,4150.0
0.006,24.0,0.49,926,5404.0
0.01,23.0,0.65,992,4877.0
0.028,30.0,0.59,1034,5190.0
0.028,29.0,0.47,849,4039.0
0.022,23.0,0.47,1132,4720.0
0.008,21.0,0.47,974,4858.0
0.02,23.0,0.54,1196,4503.0
0.021,29.0,0.53,1093,4881.0
0.007,29.0,0.7,971,5122.0
0.014,25.0,0.68,1001,4133.0
0.01,24.0,0.48,891,5439.0
0.007,30.0,0.52,1041,5143.0
0.006,21.0,0.47,802,5165.0
0.027,23.0,0.44,1026,5838.0
0.01,30.0,0.58,925,4318.0
0.022,20.0,0.7,843,5464.0
0.017,20.0,0.42,866,5925.0
0.022,26.0,0.56,815,5815.0
0.009,22.0,0.6,896,4229.0
0.024,29.0,0.59,1179,4501.0
0.008,20.0,0.4,984,4594.0
0.005,24.0,0.45,1140,4683.0
0.013,27.0,0.45,979,4119.0
0.022,21.0,0.63,1039,5624.0
0.022,23.0,0.53,954,5423.0
0.018,20.0,0.41,1173,4002.0
0.012,27.0,0.5,839,5355.0
0.028,25.0,0.46,1079,5097.0
0.028,24.0,0.67,838,4802.0
0.017,29.0,0.62,851,4896.0
0.015,30.0,0.53,819,5089.0
0.018,30.0,0.55,1165,5258.0
0.019,26.0,0.69,1089,4742.0
0.025,20.0,0.5,993,4330.0
0.014,24.0,0.58,1056,4535.0
0.012,29.0,0.5,986,5474.0
0.006,23.0,0.59,897,5346.0
0.022,30.0,0.58,1089,5694.0
0.009,20.0,0.7,966,4685.0
0.028,23.0,0.59,928,4296.0
0.026,28.0,0.43,891,4710.0
0.024,25.0,0.55,835,4034.0
0.019,24.0,0.45,1143,4739.0
0.023,29.0,0.47,934,4622.0
0.015,29.0,0.66,806,4847.0
0.02,26.0,0.53,1039,4345.0
0.026,21.0,0.42,1181,4616.0
0.018,20.0,0.7,1088,5799.0
0.02,24.0,0.46,858,4029.0
0.013,25.0,0.66,862,4287.0
0.024,22.0,0.42,1198,4865.0
0.006,24.0,0.62,871,4044.0
0.017,25.0,0.46,988,4049.0
0.027,25.0,0.66,824,4247.0
0.017,21.0,0.58,1167,4432.0
0.012,29.0,0.49,1118,5451.0
0.014,21.0,0.58,1181,4586.0
0.012,20.0,0.63,1043,5659.0
0.03,20.0,0.63,980,4592.0
0.012,28.0,0.46,844,5235.0
0.026,25.0,0.46,989,4905.0
0.024,30.0,0.66,989,4394.0
0.009,25.0,0.42,969,4371.0
0.026,26.0,0.53,1103,5360.0
0.011,21.0,0.58,929,4405.0
0.029,27.0,0.54,1164,5220.0
0.013,27.0,0.57,1106,5788.0
0.012,27.0,0.6,1150,4967.0
0.01,25.0,0.68,1189,5661.0
0.009,29.0,0.46,1083,5777.0
0.017,29.0,0.47,1138,5219.0
0.013,21.0,0.53,1099,4063.0
0.011,30.0,0.64,1146,5841.0
0.018,29.0,0.45,955,4966.0
0.026,24.0,0.67,807,4656.0
0.026,22.0,0.58,1152,5348.0
0.026,28.0,0.7,1033,5219.0
0.017,27.0,0.4,923,5671.0
0.028,30.0,0.47,1037,4900.0
0.016,23.0,0.65,841,4035.0
0.021,24.0,0.45,930,5141.0
0.015,29.0,0.58,1096,5410.0
0.012,30.0,0.67,1131,5361.0
0.024,29.0,0.47,881,5985.0
0.015,28.0,0.41,837,4375.0
0.015,25.0,0.56,898,4333.0
0.008,30.0,0.44,855,5374.0
0.027,22.0,0.59,947,4377.0
0.019,26.0,0.41,978,5261.0
0.011,28.0,0.61,1168,5619.0
0.013,24.0,0.52,1197,4713.0
0.012,23.0,0.61,1035,4871.0
0.016,20.0,0.69,898,5715.0
0.011,23.0,0.61,927,5776.0
0.024,20.0,0.47,1097,4706.0
0.009,21.0,0.53,1060,5034.0
0.016,29.0,0.5,889,5385.0
0.025,22.0,0.52,1054,5378.0
0.006,29.0,0.56,1116,4046.0
0.029,24.0,0.63,1010,5308.0
0.027,23.0,0.56,952,5730.0
0.029,26.0,0.57,989,4119.0
0.019,20.0,0.51,1142,4647.0
0.029,21.0,0.55,904,5064.0
0.015,28.0,0.55,855,6000.0
0.03,23.0,0.65,817,4665.0
0.007,23.0,0.59,806,4010.0
0.027,20.0,0.4,802,4056.0
0.022,27.0,0.48,1023,5920.0
0.026,23.0,0.44,909,5685.0
0.026,23.0,0.58,932,4356.0
0.012,25.0,0.5,852,5491.0
0.018,27.0,0.47,1070,4665.0
0.006,30.0,0.52,1179,5578.0
0.024,28.0,0.43,851,4327.0
0.027,22.0,0.42,1138,4028.0
0.021,28.0,0.64,817,5724.0
0.009,29.0,0.42,1171,5737.0
0.013,21.0,0.53,1055,4236.0
0.007,21.0,0.48,1061,5706.0
0.022,23.0,0.48,1178,4094.0
0.012,24.0,0.58,835,5596.0
0.02,29.0,0.42,912,5305.0
0.005,23.0,0.69,846,5049.0
0.026,20.0,0.65,969,4357.0
0.023,27.0,0.55,1036,4706.0
0.009,22.0,0.66,865,4384.0
0.027,29.0,0.64,823,4524.0
0.014,21.0,0.68,986,5185.0
0.018,30.0,0.52,859,4490.0
0.021,24.0,0.45,962,5226.0
0.022,25.0,0.4,1100,4111.0
0.013,27.0,0.46,927,5819.0
0.021,29.0,0.51,936,5583.0
0.029,21.0,0.7,1139,5993.0
0.012,27.0,0.58,1098,4309.0
0.028,27.0,0.44,891,5712.0
0.03,22.0,0.65,988,4234.0
0.029,23.0,0.68,939,5208.0
0.008,26.0,0.69,1023,4002.0
0.008,20.0,0.67,843,5557.0
0.009,28.0,0.58,1171,5176.0
0.02,22.0,0.61,986,4415.0
0.027,26.0,0.62,823,5127.0
0.006,30.0,0.7,1184,5712.0
0.016,24.0,0.69,899,5849.0
0.026,23.0,0.53,1029,4078.0
0.007,25.0,0.7,1114,4443.0
0.008,20.0,0.5,1080,5995.0
0.02,28.0,0.53,1142,5659.0
0.023,22.0,0.53,1019,4679.0
0.01,30.0,0.67,994,4353.0
0.021,28.0,0.64,914,4386.0
0.01,20.0,0.68,956,5446.0
0.008,25.0,0.42,1001,5214.0
0.01,24.0,0.68,974,4071.0
0.012,27.0,0.44,1028,4575.0
0.025,21.0,0.65,831,4380.0
0.017,28.0,0.65,993,4581.0
0.021,25.0,0.43,1032,4957.0
0.026,22.0,0.63,913,5965.0
0.02,30.0,0.51,1121,4325.0
0.026,30.0,0.7,1154,5032.0
0.016,29.0,0.64,900,4145.0
0.023,30.0,0.55,1150,4335.0
0.02,27.0,0.49,1114,5031.0
0.023,20.0,0.59,833,4937.0
0.011,24.0,0.64,927,4094.0
0.008,21.0,0.48,1088,4494.0
0.018,26.0,0.47,1142,4659.0
0.01,21.0,0.57,1188,4110.0
0.021,30.0,0.5,824,5851.0
0.017,24.0,0.68,1129,4241.0
0.022,21.0,0.48,803,5333.0
0.015,28.0,0.63,829,5786.0
0.019,22.0,0.44,952,4941.0
0.015,22.0,0.66,1199,5690.0
0.022,22.0,0.62,903,5055.0
0.016,28.0,0.67,948,4583.0
0.012,23.0,0.58,919,5689.0
0.026,25.0,0.65,1055,5016.0
0.028,30.0,0.5,871,5330.0
0.019,26.0,0.66,964,4274.0
0.023,29.0,0.47,910,5818.0
0.011,26.0,0.67,1040,5948.0
0.014,20.0,0.51,892,5633.0
0.013,30.0,0.44,821,4190.0
0.01,20.0,0.63,950,5353.0
0.006,28.0,0.49,884,4244.0
0.01,29.0,0.63,930,4732.0
0.028,23.0,0.5,1128,4439.0
0.011,23.0,0.61,1106,4075.0
0.012,25.0,0.57,1172,5588.0
0.005,26.0,0.48,1188,5742.0
0.012,29.0,0.64,803,5660.0
0.029,20.0,0.43,1039,4227.0
0.027,22.0,0.65,1068,5502.0
0.018,24.0,0.55,1020,4963.0
0.012,20.0,0.52,1037,4929.0
0.006,23.0,0.4,905,5869.0
0.005,22.0,0.51,802,4602.0
0.029,28.0,0.55,1027,4953.0
0.024,28.0,0.44,974,4681.0
0.022,26.0,0.42,1047,5161.0
0.021,29.0,0.68,995,4995.0
0.009,22.0,0.45,864,4319.0
0.021,25.0,0.56,1134,4433.0
0.01,26.0,0.47,815,5383.0
0.024,26.0,0.65,1006,5611.0
0.008,21.0,0.69,1154,5698.0
0.025,25.0,0.7,974,4473.0
0.023,25.0,0.58,874,5048.0
0.017,23.0,0.59,979,4174.0
0.012,29.0,0.61,832,5844.0
0.005,21.0,0.43,852,5916.0
0.005,20.0,0.65,1102,5299.0
0.011,20.0,0.43,983,4554.0
0.027,30.0,0.5,1017,4049.0
0.009,21.0,0.52,1142,4888.0
0.01,29.0,0.53,964,5240.0
0.005,20.0,0.47,896,5376.0
0.019,20.0,0.42,1004,4340.0
0.022,22.0,0.51,873,4056.0
0.028,26.0,0.68,890,5887.0
0.022,22.0,0.57,1022,4532.0
0.027,26.0,0.52,1091,5432.0
0.014,28.0,0.47,1152,4522.0
0.022,25.0,0.49,880,4443.0
0.026,25.0,0.54,1037,5839.0
0.018,28.0,0.56,1159,4734.0
0.024,25.0,0.65,844,5927.0
0.008,30.0,0.43,1048,5376.0
0.005,28.0,0.49,821,4504.0
0.02,22.0,0.49,1014,5593.0
0.024,26.0,0.56,893,5000.0
0.023,24.0,0.55,1167,4972.0
0.021,24.0,0.44,919,5074.0
0.006,28.0,0.55,1021,5841.0
0.01,25.0,0.45,1115,5858.0
0.018,20.0,0.4,1100,5523.0
0.026,25.0,0.52,1026,4383.0
0.023,24.0,0.46,884,4448.0
0.01,26.0,0.53,919,5549.0
0.027,21.0,0.46,922,4107.0
0.016,21.0,0.61,1146,4651.0
0.019,28.0,0.54,1120,4295.0
0.022,25.0,0.58,920,4956.0
0.016,26.0,0.55,1172,5295.0
0.007,28.0,0.54,879,4614.0
0.024,21.0,0.69,983,5744.0
0.029,20.0,0.55,951,4182.0
0.014,21.0,0.7,881,4283.0
0.01,28.0,0.58,857,4167.0
0.016,29.0,0.6,1154,5448.0
0.011,26.0,0.45,1123,5893.0
0.014,27.0,0.68,1080,5934.0
0.014,29.0,0.43,1135,5685.0
0.014,26.0,0.61,1091,4504.0
0.011,25.0,0.47,961,4717.0
0.006,29.0,0.61,839,5440.0
0.019,30.0,0.57,987,5703.0
0.028,27.0,0.52,861,4226.0
0.008,22.0,0.6,999,5315.0
0.027,24.0,0.49,937,5045.0
0.009,27.0,0.46,1103,5684.0
0.027,23.0,0.4,821,4811.0
0.028,30.0,0.46,1124,4733.0
0.019,24.0,0.57,865,4354.0
0.02,25.0,0.41,898,5277.0
0.024,27.0,0.51,1019,4355.0
0.01,21.0,0.47,1138,4847.0
0.016,25.0,0.46,1068,4557.0
0.009,30.0,0.67,1010,5931.0
0.021,24.0,0.5,838,4990.0
0.018,28.0,0.54,988,5712.0
0.006,24.0,0.6,892,4342.0
0.023,27.0,0.68,930,5936.0
0.018,20.0,0.55,920,4405.0
0.016,20.0,0.65,1134,5221.0
0.007,22.0,0.7,1022,4276.0
0.011,27.0,0.7,863,4838.0
0.016,29.0,0.7,1092,4775.0
0.024,20.0,0.42,984,4541.0
0.02,25.0,0.46,1151,4652.0
0.015,20.0,0.48,1131,4677.0
0.01,22.0,0.57,920,4778.0
0.026,23.0,0.54,1165,4521.0
0.01,20.0,0.63,925,4487.0
0.006,30.0,0.42,1147,5752.0
0.02,27.0,0.4,1016,5040.0
0.011,24.0,0.52,1136,4996.0
0.03,20.0,0.47,1077,5904.0
0.019,26.0,0.42,875,5658.0
0.029,23.0,0.47,901,4111.0
0.029,29.0,0.54,938,4156.0
0.006,22.0,0.48,1148,4499.0
0.028,30.0,0.41,1057,5831.0
0.022,25.0,0.43,816,4296.0
0.03,25.0,0.6,859,5522.0
0.009,29.0,0.46,1087,5226.0
0.015,20.0,0.64,1017,5763.0
0.028,29.0,0.49,1063,5455.0
0.014,25.0,0.46,927,5585.0
0.029,21.0,0.52,995,4281.0
0.026,28.0,0.69,1002,4736.0
0.029,23.0,0.49,1178,5203.0
0.027,26.0,0.48,1107,4508.0
0.014,29.0,0.69,1113,5033.0
0.007,26.0,0.58,1012,5514.0
0.029,27.0,0.43,1188,5325.0
0.028,21.0,0.53,1129,4525.0
0.016,26.0,0.6,966,4481.0
0.019,27.0,0.61,1187,5242.0
0.021,22.0,0.5,889,4678.0
0.025,24.0,0.45,893,5774.0
0.03,28.0,0.57,1129,4774.0
0.022,26.0,0.44,916,4496.0
0.01,22.0,0.41,1091,4323.0
0.007,29.0,0.55,1027,5673.0
0.022,22.0,0.54,908,4709.0
0.011,21.0,0.4,977,4245.0
0.009,29.0,0.45,991,4719.0
0.01,21.0,0.42,1022,5543.0
0.019,30.0,0.52,1159,4018.0
0.009,28.0,0.55,1049,4175.0
0.021,25.0,0.49,860,5509.0
0.02,23.0,0.56,811,4399.0
0.018,23.0,0.69,1145,5197.0
0.024,28.0,0.6,954,5623.0
0.006,26.0,0.41,1184,4921.0
0.027,29.0,0.55,818,5407.0
0.024,22.0,0.44,884,5759.0
0.028,22.0,0.57,1188,5568.0
0.009,29.0,0.54,1010,4377.0
0.017,29.0,0.67,1036,4322.0
0.021,25.0,0.54,1107,5292.0
0.013,27.0,0.65,886,4178.0
0.028,28.0,0.53,1010,5363.0
0.02,26.0,0.54,885,5770.0
0.02,27.0,0.43,1012,4041.0
0.017,22.0,0.58,1087,5074.0
0.014,25.0,0.47,906,5050.0
0.021,21.0,0.62,1067,4158.0
0.023,22.0,0.53,1028,5311.0
0.03,29.0,0.46,873,5570.0
0.03,30.0,0.52,1170,4597.0
0.018,24.0,0.56,877,4732.0
0.018,23.0,0.68,1098,5690.0
0.03,25.0,0.51,863,5181.0
0.016,29.0,0.4,821,4234.0
0.028,20.0,0.45,806,5401.0
0.029,26.0,0.55,1137,5611.0
0.021,24.0,0.65,910,5412.0
0.006,24.0,0.43,987,4067.0
0.022,26.0,0.6,1026,5769.0
0.019,28.0,0.51,1163,4806.0
0.021,28.0,0.5,1188,4911.0
0.024,25.0,0.4,1054,4505.0
0.007,30.0,0.51,1067,5268.0
0.007,22.0,0.56,1101,5174.0
0.013,28.0,0.53,885,4188.0
0.014,26.0,0.51,992,4207.0
0.017,26.0,0.42,1111,5374.0
0.028,21.0,0.55,1191,4666.0
0.024,29.0,0.44,805,5662.0
0.018,24.0,0.46,1105,5150.0
0.017,23.0,0.54,1038,5902.0
0.023,28.0,0.62,1010,4329.0
0.018,23.0,0.64,954,5571.0
0.026,23.0,0.65,941,5539.0
0.017,29.0,0.41,863,4445.0
0.011,22.0,0.6,1105,4611.0
0.018,23.0,0.41,854,5504.0
0.01,21.0,0.56,883,4023.0
0.02,20.0,0.68,894,5477.0
0.025,27.0,0.65,831,4846.0
0.024,20.0,0.61,1035,5928.0
0.029,22.0,0.5,909,4872.0
0.015,29.0,0.68,1045,4992.0
0.029,20.0,0.5,891,4061.0
0.026,22.0,0.47,1040,5049.0
0.025,30.0,0.5,966,5798.0
0.02,28.0,0.51,872,5179.0
0.025,30.0,0.6,809,4028.0
0.008,29.0,0.6,1050,4515.0
0.016,30.0,0.51,1174,4277.0
0.012,28.0,0.59,981,4893.0
0.012,21.0,0.58,1113,5384.0
0.029,21.0,0.59,1060,5796.0
0.012,30.0,0.69,945,5590.0
0.018,29.0,0.42,1140,4047.0
0.03,24.0,0.7,872,5541.0
0.007,28.0,0.66,1128,4067.0
0.015,25.0,0.59,1146,5897.0
0.017,28.0,0.44,905,5890.0
0.02,28.0,0.52,1069,5263.0
0.018,24.0,0.7,946,4068.0
0.02,25.0,0.57,957,5491.0
0.008,28.0,0.47,879,4524.0
0.029,24.0,0.53,845,4786.0
0.012,28.0,0.52,932,4893.0
0.025,24.0,0.56,1149,5725.0
0.022,20.0,0.62,1149,5624.0
0.009,22.0,0.59,994,5771.0
0.015,25.0,0.54,838,5106.0
0.029,21.0,0.6,1097,4140.0
0.007,30.0,0.48,1096,5427.0
0.028,28.0,0.57,991,5517.0
0.022,20.0,0.47,1013,5623.0
0.009,28.0,0.42,1177,4632.0
0.025,27.0,0.61,867,5954.0
0.028,30.0,0.63,904,4447.0
0.012,29.0,0.43,1139,5133.0
0.027,24.0,0.44,953,4892.0
0.008,28.0,0.44,915,5285.0
0.029,22.0,0.64,912,5959.0
0.013,27.0,0.62,1063,4886.0
0.016,21.0,0.45,956,5616.0
0.03,20.0,0.44,957,5159.0
0.03,20.0,0.63,903,5585.0
0.011,23.0,0.69,926,5257.0
0.006,25.0,0.45,998,4660.0
0.013,26.0,0.6,908,5331.0
0.006,21.0,0.46,1105,5343.0
0.029,20.0,0.5,1116,5032.0
0.008,25.0,0.41,1169,4827.0
0.01,21.0,0.68,1147,4394.0
0.012,30.0,0.56,801,5974.0
0.01,25.0,0.41,1122,4512.0
0.007,30.0,0.6,1095,5176.0
0.024,27.0,0.41,1003,4325.0
0.024,23.0,0.41,945,5995.0
0.009,29.0,0.57,1044,5940.0
0.01,20.0,0.66,927,5823.0
0.028,20.0,0.69,842,5503.0
0.005,29.0,0.7,933,5275.0
0.023,26.0,0.68,1064,4237.0
0.025,24.0,0.65,830,5368.0
0.011,29.0,0.56,1023,5005.0
0.022,23.0,0.56,1181,5094.0
0.009,26.0,0.43,1143,4603.0
0.011,28.0,0.47,1064,4218.0
0.027,29.0,0.56,1029,4262.0
0.009,27.0,0.68,910,5886.0
0.01,23.0,0.54,1109,5096.0
0.015,29.0,0.55,946,4194.0
0.02,30.0,0.49,970,4758.0
0.012,20.0,0.7,1010,4223.0
0.03,29.0,0.69,1047,5183.0
0.028,23.0,0.61,988,5492.0
0.013,21.0,0.57,927,4837.0
0.007,29.0,0.49,1011,4435.0
0.016,22.0,0.7,1186,4539.0
0.024,20.0,0.68,997,5000.0
0.02,20.0,0.5,917,5662.0
0.009,21.0,0.44,891,5366.0
0.02,20.0,0.45,1066,5271.0
0.01,20.0,0.44,821,4532.0
0.024,30.0,0.6,1021,5010.0
0.02,20.0,0.57,1096,5541.0
0.017,21.0,0.67,989,4819.0
0.015,23.0,0.46,1119,4134.0
0.006,23.0,0.62,1059,4667.0
0.008,26.0,0.4,918,5987.0
0.016,23.0,0.63,1143,4885.0
0.008,30.0,0.61,967,5200.0
0.016,25.0,0.45,1071,5958.0
0.024,29.0,0.67,1134,4925.0
0.01,29.0,0.65,1133,5774.0
0.016,21.0,0.58,1129,4529.0
0.027,23.0,0.45,1186,5641.0
0.014,26.0,0.49,1022,5213.0
0.01,22.0,0.58,1017,5828.0
0.025,25.0,0.66,800,5056.0
0.029,25.0,0.58,1175,5147.0
0.022,27.0,0.4,926,4355.0
0.025,20.0,0.68,1199,5211.0
0.009,30.0,0.59,1059,5208.0
0.026,23.0,0.65,827,5518.0
0.022,24.0,0.67,938,5496.0
0.008,27.0,0.44,817,5937.0
0.014,29.0,0.47,1141,5663.0
0.017,29.0,0.44,1054,4637.0
0.016,26.0,0.57,1029,5177.0
0.023,30.0,0.47,1056,4046.0
0.029,23.0,0.44,979,5453.0
0.023,26.0,0.51,838,5711.0
0.006,27.0,0.44,906,4284.0
0.012,27.0,0.69,1047,5359.0
0.007,25.0,0.69,1198,4066.0
0.015,22.0,0.47,997,4896.0
0.022,28.0,0.54,1097,5030.0
0.015,23.0,0.68,1082,4349.0
0.012,23.0,0.45,872,4112.0
0.006,23.0,0.48,918,5620.0
0.025,22.0,0.57,981,5657.0
0.006,29.0,0.41,927,5423.0
0.013,22.0,0.7,839,4351.0
0.008,20.0,0.65,1090,5997.0
0.007,22.0,0.6,1108,4047.0
0.013,29.0,0.57,981,4916.0
0.019,20.0,0.42,833,5950.0
0.007,25.0,0.53,1112,4532.0
0.007,21.0,0.4,877,4010.0
0.015,23.0,0.51,1021,4300.0
0.025,30.0,0.49,805,5916.0
0.028,23.0,0.48,1060,5185.0
0.014,21.0,0.52,950,5581.0
0.03,26.0,0.56,977,5173.0
0.028,27.0,0.7,1165,4342.0
0.006,28.0,0.52,997,5800.0
0.011,22.0,0.54,1045,4002.0
0.027,20.0,0.63,956,5620.0
0.02,24.0,0.54,1132,5850.0
0.007,27.0,0.56,895,4981.0
0.023,22.0,0.41,837,4694.0
0.012,22.0,0.68,1195,4341.0
0.013,30.0,0.42,1059,4698.0
0.017,22.0,0.5,1021,4652.0
0.007,22.0,0.55,877,4053.0
0.02,21.0,0.4,1002,5394.0
0.018,30.0,0.53,998,4515.0
0.03,28.0,0.57,934,4104.0
0.024,29.0,0.43,975,4154.0
0.008,27.0,0.45,832,4194.0
0.023,20.0,0.66,994,4295.0
0.017,23.0,0.62,862,4915.0
0.007,24.0,0.62,887,5977.0
0.007,20.0,0.46,1107,4185.0
0.018,24.0,0.53,858,5668.0
0.005,24.0,0.55,937,5007.0
0.027,26.0,0.47,1099,5211.0
0.014,30.0,0.51,993,5187.0
0.024,25.0,0.4,1089,5812.0
0.021,20.0,0.63,1148,5785.0
0.02,29.0,0.54,1051,5893.0
0.029,30.0,0.42,1161,5876.0
0.016,22.0,0.66,908,4478.0
0.024,28.0,0.43,908,4389.0
0.028,25.0,0.58,1143,4849.0
0.025,29.0,0.6,1082,5625.0
0.019,22.0,0.65,976,5973.0
0.014,29.0,0.48,1060,5869.0
0.021,27.0,0.45,1076,5064.0
0.017,22.0,0.44,865,5681.0
0.027,21.0,0.5,1065,5837.0
0.029,20.0,0.45,1079,5089.0
0.018,25.0,0.52,1067,4787.0
0.011,21.0,0.42,978,5217.0
0.014,30.0,0.48,958,5760.0
0.018,24.0,0.68,951,5978.0
0.017,26.0,0.65,971,4880.0
0.005,25.0,0.62,852,5668.0
0.017,29.0,0.45,1048,4557.0
0.026,26.0,0.52,927,5188.0
0.01,29.0,0.64,1158,4548.0
0.011,24.0,0.62,917,4955.0
0.006,21.0,0.65,1091,4154.0
0.021,22.0,0.7,872,4124.0
0.017,20.0,0.4,890,5602.0
0.029,29.0,0.44,1002,4357.0
0.025,27.0,0.46,906,5911.0
0.019,20.0,0.61,1140,4489.0
0.013,20.0,0.66,1051,5334.0
0.007,25.0,0.42,1021,5161.0
0.029,22.0,0.52,837,4581.0
0.005,30.0,0.66,942,4129.0
0.013,27.0,0.49,850,5334.0
0.029,30.0,0.62,909,5451.0
0.008,23.0,0.62,886,5549.0
0.017,24.0,0.64,996,5249.0
0.013,26.0,0.65,989,5450.0
0.019,22.0,0.67,830,5810.0
0.01,20.0,0.57,1100,4985.0
0.008,20.0,0.54,1048,5392.0
0.028,21.0,0.55,819,4749.0
0.018,26.0,0.69,1131,5612.0
0.007,22.0,0.62,879,5589.0
0.021,29.0,0.52,902,5239.0
0.015,26.0,0.43,1050,4744.0
0.024,29.0,0.67,812,4787.0
0.026,29.0,0.44,975,4421.0
0.008,29.0,0.7,1132,4891.0
0.008,25.0,0.7,1103,4105.0
0.027,24.0,0.53,1139,5970.0
0.014,23.0,0.41,819,5825.0
0.015,27.0,0.46,919,4570.0
0.013,27.0,0.62,1066,5844.0
0.007,30.0,0.43,1080,4919.0
0.024,23.0,0.46,825,5108.0
0.027,30.0,0.6,1199,5540.0
0.02,28.0,0.51,913,5261.0
0.024,30.0,0.55,863,4167.0
0.006,26.0,0.6,954,5986.0
0.019,23.0,0.54,841,5926.0
0.026,27.0,0.67,1042,4035.0
0.006,27.0,0.48,1093,4705.0
0.017,27.0,0.47,1056,5731.0
0.016,25.0,0.52,1165,4368.0
0.011,24.0,0.63,1096,4883.0
0.027,29.0,0.55,1112,4304.0
0.018,26.0,0.55,1166,4722.0
0.016,25.0,0.47,879,5271.0
0.006,25.0,0.56,1076,5519.0
0.024,22.0,0.65,909,4474.0
0.018,21.0,0.41,1085,5021.0
0.01,27.0,0.61,1037,4117.0
0.011,28.0,0.46,1022,5467.0
0.022,24.0,0.44,835,4971.0
0.011,22.0,0.49,937,5299.0
0.022,21.0,0.47,887,5803.0
0.014,30.0,0.67,1109,5224.0
0.028,21.0,0.58,834,5376.0
0.007,29.0,0.5,814,5094.0
0.01,29.0,0.58,1000,5050.0
0.017,27.0,0.53,862,5129.0
0.017,20.0,0.46,1185,5507.0
0.029,23.0,0.7,835,5692.0
0.028,20.0,0.54,933,4762.0
0.022,28.0,0.52,1001,4362.0
0.021,22.0,0.45,934,4752.0
0.012,27.0,0.68,975,4817.0
0.011,22.0,0.69,888,5804.0
0.025,20.0,0.41,1196,5146.0
0.024,21.0,0.44,821,5389.0
0.027,25.0,0.63,809,4234.0
0.016,27.0,0.43,854,5831.0
0.01,29.0,0.59,809,5421.0
0.007,29.0,0.6,1076,5490.0
0.018,22.0,0.43,830,4541.0
0.006,28.0,0.65,1074,4622.0
0.023,25.0,0.52,1051,5844.0
0.012,30.0,0.49,814,4966.0
0.023,23.0,0.68,1116,4044.0
0.024,26.0,0.57,1121,4781.0
0.027,23.0,0.53,831,4165.0
0.028,28.0,0.54,1135,4592.0
0.016,28.0,0.7,1136,5186.0
0.021,29.0,0.7,829,4737.0
0.013,25.0,0.63,1083,4856.0
0.029,21.0,0.61,1093,5532.0
0.016,26.0,0.5,1101,5218.0
0.008,25.0,0.62,1091,5600.0
0.025,30.0,0.58,1060,5343.0
0.008,25.0,0.45,934,5174.0
0.026,27.0,0.69,1047,4942.0
0.018,26.0,0.6,1185,4744.0
0.022,28.0,0.47,910,5333.0
0.027,25.0,0.48,1039,5203.0
0.03,20.0,0.65,1151,4472.0
0.014,29.0,0.59,827,4118.0
0.029,21.0,0.44,892,5803.0
0.013,29.0,0.46,1080,4956.0
0.009,29.0,0.66,1068,4132.0
0.006,22.0,0.61,1065,4676.0
0.011,30.0,0.48,1051,4649.0
0.015,21.0,0.48,1172,4209.0
0.018,28.0,0.56,1118,5736.0
0.011,30.0,0.42,1156,5813.0
0.03,28.0,0.58,894,5514.0
0.013,20.0,0.49,1170,5668.0
0.019,28.0,0.4,975,5128.0
0.01,21.0,0.56,1182,4763.0
0.021,20.0,0.61,838,4403.0
0.026,22.0,0.68,1021,5147.0
0.026,23.0,0.47,854,4173.0
0.024,24.0,0.61,913,5367.0
0.008,21.0,0.41,913,5950.0
0.024,26.0,0.67,1054,5611.0
0.029,25.0,0.69,861,5160.0
0.013,26.0,0.46,911,4156.0
0.016,23.0,0.48,1096,4777.0
0.009,25.0,0.56,915,5341.0
0.02,21.0,0.45,1118,5945.0
0.022,24.0,0.52,991,5460.0
0.012,28.0,0.65,1181,5829.0
0.017,29.0,0.4,1095,5101.0
0.006,25.0,0.45,805,5973.0
0.025,23.0,0.49,1154,5491.0
0.014,28.0,0.44,950,4157.0
0.013,23.0,0.61,997,5552.0
0.01,27.0,0.46,997,5431.0
0.022,28.0,0.45,868,5528.0
0.006,24.0,0.43,948,5072.0
0.016,25.0,0.67,925,4861.0
0.026,25.0,0.59,823,5079.0
0.025,22.0,0.66,826,5793.0
0.018,24.0,0.48,901,5780.0
0.014,30.0,0.68,1035,4614.0
0.018,20.0,0.67,1015,5051.0
0.016,30.0,0.5,991,4616.0
0.021,29.0,0.4,1125,4690.0
0.011,26.0,0.45,1046,5586.0
0.016,22.0,0.45,1158,4476.0
0.027,25.0,0.63,1150,5737.0
0.022,30.0,0.59,1106,5573.0
0.014,28.0,0.41,1134,5403.0
0.022,22.0,0.64,956,4907.0
0.006,27.0,0.4,883,4976.0
0.017,23.0,0.63,1145,4136.0
0.027,23.0,0.6,803,5961.0
0.021,30.0,0.65,854,5022.0
0.006,24.0,0.68,895,4454.0
0.03,26.0,0.63,1196,5990.0
0.015,30.0,0.65,932,4052.0
0.018,27.0,0.45,881,5038.0
0.017,22.0,0.42,990,5979.0
0.014,20.0,0.66,1058,4447.0
0.006,30.0,0.58,972,4606.0
0.022,20.0,0.41,867,5935.0
0.02,29.0,0.41,1023,5472.0
0.019,21.0,0.61,1091,4387.0
0.024,24.0,0.68,1017,4563.0
0.022,27.0,0.61,1016,4705.0
0.008,22.0,0.53,1143,5344.0
0.027,30.0,0.49,1007,4136.0
0.008,26.0,0.48,952,4868.0
0.01,24.0,0.45,952,4226.0
0.016,25.0,0.67,1100,5638.0
0.017,29.0,0.6,968,5450.0
0.023,20.0,0.6,1180,4022.0
0.026,21.0,0.4,1081,4161.0
0.009,23.0,0.44,906,4949.0
0.006,28.0,0.47,895,4180.0
0.026,22.0,0.63,1089,5234.0
0.019,30.0,0.56,1045,4522.0
0.029,28.0,0.47,959,4152.0
0.011,29.0,0.4,1063,5543.0
0.028,25.0,0.7,855,4299.0
0.016,28.0,0.57,908,5202.0
0.005,23.0,0.52,858,4545.0
0.029,25.0,0.51,1040,5497.0
0.028,27.0,0.63,935,5581.0
0.007,23.0,0.68,842,5195.0
0.017,21.0,0.67,1088,4636.0
0.016,28.0,0.64,960,4718.0
0.006,23.0,0.46,900,4835.0
0.024,30.0,0.69,913,5789.0
0.024,25.0,0.49,1099,5060.0
0.023,30.0,0.48,1142,4703.0
0.013,29.0,0.61,847,4607.0
0.008,27.0,0.43,1162,5622.0
0.025,26.0,0.44,1198,4736.0
0.008,23.0,0.57,1147,4927.0
0.006,29.0,0.66,1065,5026.0
0.022,27.0,0.54,1067,4401.0
0.02,30.0,0.53,863,5830.0
0.028,24.0,0.49,1001,5226.0
0.009,24.0,0.41,837,5629.0
0.006,22.0,0.52,1193,4862.0
0.005,24.0,0.41,805,5672.0
0.016,29.0,0.59,946,4592.0
0.02,25.0,0.4,872,5696.0
0.022,29.0,0.58,1014,5485.0
0.009,28.0,0.69,1042,4775.0
0.009,28.0,0.46,802,5808.0
0.015,24.0,0.41,859,5109.0
0.018,29.0,0.41,1153,4302.0
0.021,23.0,0.48,1105,5699.0
0.027,28.0,0.44,812,5978.0
0.017,27.0,0.69,994,5633.0
0.006,30.0,0.5,944,5865.0
0.013,28.0,0.6,804,4864.0
0.024,28.0,0.52,904,5930.0
0.017,29.0,0.65,947,5166.0
0.022,25.0,0.49,991,5190.0
0.013,30.0,0.47,1157,5048.0
0.01,25.0,0.69,925,4865.0
0.012,29.0,0.63,841,5667.0
0.023,24.0,0.65,1079,4212.0
0.023,20.0,0.51,1157,4381.0
0.014,21.0,0.54,1017,5446.0
0.014,29.0,0.5,849,4190.0
0.013,23.0,0.66,1046,4384.0
0.019,23.0,0.61,1121,4385.0
0.017,26.0,0.55,890,4640.0
0.028,26.0,0.44,1193,5122.0
0.006,24.0,0.55,1003,4909.0
0.028,29.0,0.5,875,4490.0
0.018,30.0,0.57,1127,4603.0
0.02,26.0,0.61,853,4096.0
0.007,25.0,0.59,899,4632.0
0.029,22.0,0.46,831,4956.0
0.021,27.0,0.58,941,5301.0
0.026,22.0,0.62,1018,4764.0
0.017,22.0,0.47,844,4735.0
0.024,24.0,0.65,1031,5159.0
0.018,20.0,0.58,949,5082.0
0.026,23.0,0.44,1152,4010.0
0.007,20.0,0.55,943,4998.0
0.007,26.0,0.57,937,5862.0
0.02,28.0,0.7,1084,5572.0
0.021,23.0,0.52,882,5884.0
0.008,25.0,0.54,960,5065.0
0.01,29.0,0.53,1070,5270.0
0.02,27.0,0.45,855,5098.0
0.016,27.0,0.42,910,4660.0
0.008,30.0,0.45,1136,4489.0
0.024,30.0,0.62,1101,5875.0
0.03,23.0,0.47,800,4032.0
0.016,23.0,0.4,1012,5830.0
0.029,28.0,0.48,1033,5763.0
0.028,23.0,0.59,861,5708.0
0.009,27.0,0.55,1072,5989.0
0.015,21.0,0.69,852,4634.0
0.026,27.0,0.51,1091,4631.0
0.016,30.0,0.68,833,5150.0
0.008,27.0,0.63,1005,4868.0
0.01,20.0,0.62,1062,5429.0
0.03,30.0,0.51,878,5056.0
0.017,20.0,0.65,1097,5826.0
0.005,28.0,0.66,1056,4687.0
0.025,28.0,0.47,868,5701.0
0.017,30.0,0.59,1067,4905.0
0.008,20.0,0.63,846,5701.0
0.02,23.0,0.44,1170,4041.0
0.027,26.0,0.52,1017,5578.0
0.018,21.0,0.6,806,4313.0
0.017,29.0,0.67,1139,4644.0
0.019,22.0,0.63,1157,5741.0
0.023,24.0,0.48,850,5457.0
0.006,27.0,0.45,1099,4830.0
0.019,30.0,0.46,979,4300.0
0.018,24.0,0.61,951,4371.0
0.007,21.0,0.49,1116,5390.0
0.028,24.0,0.53,869,5930.0
0.022,28.0,0.4,1188,4086.0
0.012,28.0,0.56,1137,4088.0
0.021,22.0,0.5,989,4478.0
0.012,26.0,0.45,995,5662.0
0.012,20.0,0.43,846,5256.0
0.027,30.0,0.6,826,4077.0
0.012,21.0,0.54,910,4002.0
0.011,25.0,0.61,834,5966.0
0.025,20.0,0.59,1103,5455.0
0.028,28.0,0.5,1074,4106.0
0.016,27.0,0.61,978,5741.0
0.027,25.0,0.46,885,4844.0
0.025,29.0,0.53,857,5762.0
0.01,28.0,0.59,890,4980.0
0.025,21.0,0.57,1101,5332.0
0.028,27.0,0.52,888,5526.0
0.016,29.0,0.55,863,5821.0
0.023,25.0,0.44,1115,4569.0
0.022,24.0,0.52,1066,4756.0
0.028,21.0,0.7,1050,5241.0
0.015,26.0,0.67,1098,4955.0
0.021,23.0,0.45,963,5589.0
0.013,25.0,0.47,981,5203.0
0.017,24.0,0.44,1128,5663.0
0.017,25.0,0.43,1107,5186.0
0.007,21.0,0.45,1060,4685.0
0.021,29.0,0.61,1172,5710.0
0.012,24.0,0.53,918,5864.0
0.027,22.0,0.6,932,5792.0
0.027,20.0,0.49,1191,4532.0
0.011,20.0,0.52,964,4940.0
0.018,25.0,0.51,947,4539.0
0.008,29.0,0.52,846,5500.0
0.012,20.0,0.45,1123,5653.0
0.019,29.0,0.42,1030,5145.0
0.03,30.0,0.59,841,4736.0
0.015,20.0,0.43,1144,5162.0
0.009,23.0,0.61,880,5339.0
0.007,30.0,0.63,990,4758.0
0.029,25.0,0.57,1146,4311.0
0.024,22.0,0.41,910,4012.0
0.006,26.0,0.7,1073,4918.0
0.016,25.0,0.67,804,5713.0
0.023,25.0,0.64,1166,4236.0
0.021,21.0,0.51,924,5912.0
0.029,21.0,0.41,861,4318.0
0.008,20.0,0.5,857,5410.0
0.023,21.0,0.66,1048,5574.0
0.013,23.0,0.44,1182,5390.0
0.016,22.0,0.43,1035,4410.0
0.017,20.0,0.63,845,4238.0
0.03,21.0,0.69,1036,5401.0
0.011,29.0,0.6,1195,4677.0
0.016,25.0,0.66,861,4204.0
0.008,22.0,0.68,1078,5244.0
0.028,29.0,0.53,844,5982.0
0.023,27.0,0.69,970,5383.0
0.012,21.0,0.57,1128,5160.0
0.021,27.0,0.58,870,4215.0
0.027,28.0,0.47,1126,5194.0
0.024,22.0,0.67,1066,5937.0
0.01,29.0,0.46,911,5539.0
0.018,29.0,0.58,884,4446.0
0.027,30.0,0.7,1073,5733.0
0.028,27.0,0.43,1102,4719.0
0.026,21.0,0.47,823,5271.0
0.022,25.0,0.42,832,5514.0
0.013,27.0,0.53,1133,5842.0
0.023,27.0,0.55,979,5004.0
0.018,25.0,0.46,1158,4202.0
0.025,27.0,0.53,976,5134.0
0.017,27.0,0.59,826,4928.0
0.013,26.0,0.58,1022,4158.0
0.023,23.0,0.58,1138,4378.0
0.007,21.0,0.4,851,4816.0
0.025,30.0,0.65,872,5899.0
0.01,22.0,0.49,1181,5766.0
0.025,23.0,0.42,813,4834.0
0.019,28.0,0.57,902,4786.0
0.025,27.0,0.48,899,5976.0
0.013,27.0,0.5,1117,4331.0
0.011,22.0,0.41,824,4592.0
0.01,20.0,0.56,894,4853.0
0.013,28.0,0.65,1004,5319.0
0.016,25.0,0.53,841,4689.0
0.026,24.0,0.43,865,4840.0
0.013,28.0,0.43,1180,5017.0
0.03,26.0,0.6,1011,4192.0
0.007,30.0,0.47,1133,5053.0
0.027,27.0,0.44,920,5105.0
0.007,25.0,0.43,1149,5630.0
0.01,29.0,0.47,995,5490.0
0.007,22.0,0.42,993,5147.0
0.02,24.0,0.56,1036,5371.0
0.007,29.0,0.64,912,4383.0
0.019,20.0,0.41,1101,5999.0
0.019,20.0,0.55,959,4700.0
0.021,30.0,0.57,951,4460.0
0.019,20.0,0.52,1128,5500.0
0.029,29.0,0.5,929,4225.0
0.028,29.0,0.46,930,4823.0
0.011,24.0,0.44,1012,4364.0
0.021,25.0,0.5,892,4466.0
0.026,26.0,0.53,928,4324.0
0.008,28.0,0.49,802,5043.0
0.024,30.0,0.4,1060,5836.0
0.014,20.0,0.64,1134,4779.0
0.018,25.0,0.46,939,5988.0
0.006,26.0,0.6,959,5317.0
0.012,21.0,0.68,1122,5723.0
0.017,21.0,0.64,1006,4499.0
0.01,21.0,0.52,1135,4550.0
0.026,30.0,0.52,898,5290.0
0.022,29.0,0.44,829,5349.0
0.012,25.0,0.49,1133,5949.0
0.012,23.0,0.64,1100,5295.0
0.007,23.0,0.54,1165,4646.0
0.006,25.0,0.52,1188,5099.0
0.024,20.0,0.42,1124,5390.0
0.027,20.0,0.59,1107,5874.0
0.028,20.0,0.68,1061,4396.0
0.028,22.0,0.64,937,5959.0
0.014,22.0,0.43,1052,5568.0
0.014,20.0,0.54,1113,5967.0
0.011,29.0,0.43,985,5895.0
0.02,25.0,0.41,931,5654.0
0.013,29.0,0.66,948,4860.0
0.02,23.0,0.6,1142,5390.0
0.02,29.0,0.69,938,5923.0
0.021,23.0,0.65,805,4195.0
0.017,21.0,0.7,1053,5302.0
0.022,29.0,0.65,1005,5295.0
0.009,26.0,0.6,975,4307.0
0.013,26.0,0.7,1073,5578.0
0.017,21.0,0.63,1103,5798.0
0.016,29.0,0.65,887,5577.0
0.011,26.0,0.7,924,5206.0
0.008,23.0,0.55,1136,5024.0
0.021,28.0,0.67,1110,5394.0
0.029,28.0,0.42,1029,4865.0
0.009,29.0,0.53,993,5706.0
0.022,28.0,0.58,1019,4168.0
0.022,24.0,0.55,864,4991.0
0.012,27.0,0.46,967,5339.0
0.027,30.0,0.57,1198,5417.0
0.024,27.0,0.59,1157,5906.0
0.006,30.0,0.49,872,5792.0
0.017,26.0,0.66,1022,4987.0
0.006,30.0,0.68,1043,5855.0
0.007,26.0,0.46,924,5554.0
0.022,26.0,0.45,819,5367.0
0.021,27.0,0.4,820,5486.0
0.009,25.0,0.59,835,4976.0
0.021,25.0,0.62,1036,4936.0
0.01,29.0,0.57,998,4654.0
0.013,27.0,0.41,887,5440.0
0.018,20.0,0.63,916,4785.0
0.01,22.0,0.53,954,4723.0
0.023,22.0,0.58,973,4099.0
0.009,22.0,0.67,931,5602.0
0.027,27.0,0.65,915,4404.0
0.008,25.0,0.53,906,5350.0
0.01,26.0,0.41,929,4219.0
0.013,21.0,0.6,1168,5162.0
0.012,24.0,0.45,996,5567.0
0.015,24.0,0.59,855,4217.0
0.025,22.0,0.55,1186,4009.0
0.022,27.0,0.44,1003,5073.0
0.019,28.0,0.43,870,4083.0
0.028,21.0,0.42,1140,5851.0
0.026,29.0,0.56,1005,5697.0
0.024,26.0,0.64,876,4566.0
0.017,20.0,0.54,969,4198.0
0.01,29.0,0.44,825,5137.0
0.026,22.0,0.66,867,5077.0
0.022,27.0,0.58,1081,4058.0
0.021,21.0,0.56,923,4696.0
0.007,29.0,0.49,940,5628.0
0.016,30.0,0.49,947,5981.0
0.007,24.0,0.4,916,5526.0
0.028,23.0,0.52,1032,4462.0
0.022,27.0,0.49,1012,5528.0
0.019,21.0,0.57,913,5001.0
0.018,24.0,0.43,1039,4925.0
0.007,29.0,0.47,1025,5378.0
0.012,28.0,0.68,810,4991.0
0.02,24.0,0.56,884,4072.0
0.027,24.0,0.63,1134,5120.0
0.021,25.0,0.43,1173,5477.0
0.005,20.0,0.51,817,4537.0
0.007,27.0,0.53,1159,4696.0
0.027,22.0,0.48,1191,5475.0
0.008,25.0,0.64,1166,4974.0
0.024,22.0,0.49,1131,4315.0
0.03,20.0,0.6,1072,4731.0
0.019,29.0,0.65,1130,4985.0
0.015,28.0,0.5,1058,5060.0
0.016,23.0,0.66,949,4669.0
0.009,20.0,0.58,1120,5506.0
0.016,27.0,0.65,1101,5298.0
0.015,23.0,0.53,1045,5961.0
0.013,28.0,0.47,1164,4577.0
0.009,25.0,0.46,1024,5626.0
0.029,29.0,0.45,1037,5598.0
0.009,29.0,0.69,1025,4962.0
0.02,22.0,0.59,1027,4642.0
0.007,25.0,0.53,923,5337.0
0.019,20.0,0.42,1050,5743.0
0.024,25.0,0.4,826,4292.0
0.021,26.0,0.44,1087,5961.0
0.018,29.0,0.6,967,4269.0
0.027,27.0,0.64,1012,4571.0
0.006,25.0,0.41,1027,4151.0
0.013,23.0,0.67,1198,5938.0
0.025,30.0,0.66,895,4208.0
0.011,26.0,0.65,1122,5609.0
0.012,22.0,0.56,925,4539.0
0.026,20.0,0.62,973,4021.0
0.019,30.0,0.5,1129,4923.0
0.005,28.0,0.67,891,4217.0
0.007,23.0,0.59,994,4627.0
0.009,21.0,0.5,991,5992.0
0.01,30.0,0.61,940,5638.0
0.022,26.0,0.64,1018,4370.0
0.012,24.0,0.49,910,4933.0
0.027,27.0,0.55,1091,5998.0
0.014,20.0,0.43,1167,4157.0
0.022,28.0,0.66,928,4077.0
0.021,22.0,0.67,1146,4085.0
0.023,27.0,0.67,1181,4784.0
0.02,27.0,0.7,1048,5785.0
0.006,27.0,0.53,987,5950.0
0.016,27.0,0.4,954,5805.0
0.02,26.0,0.46,853,5471.0
0.007,24.0,0.53,1186,4811.0
0.028,28.0,0.43,874,5084.0
0.026,23.0,0.58,1029,4350.0
0.025,20.0,0.67,862,5551.0
0.02,29.0,0.56,1131,4479.0
0.026,22.0,0.45,1145,5494.0
0.028,22.0,0.51,1119,5638.0
0.022,25.0,0.47,1135,5355.0
0.024,28.0,0.46,1060,4183.0
0.014,26.0,0.53,864,5084.0
0.028,29.0,0.45,1054,4816.0
0.022,26.0,0.53,927,4605.0
0.01,27.0,0.59,1141,4599.0
0.021,28.0,0.45,1066,5180.0
0.006,24.0,0.69,1040,4624.0
0.022,26.0,0.68,1040,5227.0
0.027,30.0,0.48,870,5087.0
0.026,22.0,0.48,1180,5931.0
0.017,24.0,0.6,1159,4845.0
0.023,21.0,0.68,898,4570.0
0.016,27.0,0.53,1045,5124.0
0.026,22.0,0.68,806,4371.0
0.014,20.0,0.47,1137,4132.0
0.029,24.0,0.55,1118,5759.0
0.026,27.0,0.46,1192,4673.0
0.007,23.0,0.42,828,4976.0
0.027,20.0,0.6,1156,5301.0
0.018,28.0,0.57,889,5999.0
0.017,21.0,0.51,1156,5788.0
0.017,23.0,0.56,1009,5744.0
0.028,25.0,0.53,1013,5123.0
0.018,23.0,0.63,867,5149.0
0.006,26.0,0.68,1013,5981.0
0.008,27.0,0.43,1176,5475.0
0.022,21.0,0.68,819,5267.0
0.015,20.0,0.4,819,4920.0
0.029,25.0,0.43,1163,5003.0
0.007,22.0,0.49,960,4548.0
0.025,22.0,0.57,854,5110.0
0.026,20.0,0.63,1133,4168.0
0.02,30.0,0.68,1056,5375.0
0.028,26.0,0.67,890,4834.0
0.023,26.0,0.41,1185,5633.0
0.009,20.0,0.6,1104,4522.0
0.028,28.0,0.64,1077,5338.0
0.022,22.0,0.7,1042,5738.0
0.023,30.0,0.64,852,5769.0
0.022,20.0,0.42,1170,5178.0
0.018,21.0,0.62,1136,5837.0
0.011,20.0,0.62,1082,4924.0
0.013,26.0,0.67,1012,4678.0
0.01,30.0,0.58,1087,4448.0
0.025,28.0,0.55,900,4235.0
0.022,28.0,0.44,1112,4819.0
0.021,24.0,0.55,1040,5702.0
0.007,26.0,0.44,1166,4801.0
0.009,21.0,0.65,906,5133.0
0.007,27.0,0.7,1090,4136.0
0.007,22.0,0.67,1165,4569.0
0.016,25.0,0.68,842,5352.0
0.008,28.0,0.62,1092,5159.0
0.026,24.0,0.69,818,4211.0
0.021,27.0,0.49,1067,5268.0
0.028,22.0,0.52,930,4734.0
0.026,20.0,0.5,1127,5270.0
0.008,21.0,0.55,1066,5800.0
0.028,25.0,0.57,1156,4547.0
0.023,26.0,0.52,885,5353.0
0.01,23.0,0.55,847,5852.0
0.01,24.0,0.59,1095,4400.0
0.028,30.0,0.56,945,5408.0
0.012,28.0,0.42,1175,5132.0
0.015,20.0,0.55,1069,4853.0
0.01,21.0,0.54,1011,5165.0
0.016,21.0,0.64,1129,4189.0
0.022,24.0,0.48,1163,4968.0
0.013,27.0,0.57,830,4253.0
0.024,22.0,0.54,821,5305.0
0.02,26.0,0.65,1028,4235.0
0.011,24.0,0.53,1016,4243.0
0.017,28.0,0.43,871,4359.0
0.023,28.0,0.54,1018,4142.0
0.022,27.0,0.7,812,4945.0
0.013,30.0,0.55,870,4083.0
0.013,29.0,0.41,974,4181.0
0.008,30.0,0.4,1060,4604.0
0.029,20.0,0.57,1046,5254.0
0.023,27.0,0.52,1106,4319.0
0.009,28.0,0.43,1133,4223.0
0.021,30.0,0.53,1162,5706.0
0.014,22.0,0.6,1055,5687.0
0.012,22.0,0.69,1068,5703.0
0.01,27.0,0.68,1148,4201.0
0.019,25.0,0.5,965,4083.0
0.006,28.0,0.63,817,4976.0
0.018,28.0,0.43,1148,4406.0
0.029,27.0,0.61,840,4752.0
0.011,30.0,0.6,1106,5927.0
0.016,21.0,0.52,993,4518.0
0.012,25.0,0.56,1080,5247.0
0.019,29.0,0.67,909,5622.0
0.022,20.0,0.54,1154,4005.0
0.011,20.0,0.61,848,5266.0
0.015,24.0,0.7,974,5202.0
0.016,27.0,0.54,1167,5009.0
0.018,21.0,0.54,1095,4738.0
0.023,30.0,0.46,1002,4897.0
0.017,23.0,0.42,870,4166.0
0.016,22.0,0.69,881,5732.0
0.009,24.0,0.6,1152,5861.0
0.007,20.0,0.49,1074,4117.0
0.019,24.0,0.5,1181,5273.0
0.021,30.0,0.43,1090,5236.0
0.013,21.0,0.5,894,5202.0
0.011,28.0,0.55,880,4467.0
0.015,29.0,0.49,1103,4084.0
0.015,20.0,0.47,1149,5181.0
0.01,25.0,0.59,863,4049.0
0.01,21.0,0.6,958,5855.0
0.018,25.0,0.45,1135,4007.0
0.025,25.0,0.59,1083,4564.0
0.016,21.0,0.69,863,5596.0
0.025,26.0,0.66,1050,4618.0
0.013,27.0,0.67,1104,5267.0
0.023,26.0,0.54,1182,5819.0
0.027,27.0,0.61,1050,4974.0
0.024,22.0,0.51,892,5574.0
0.029,21.0,0.4,1175,4158.0
0.02,29.0,0.47,898,5291.0
0.009,20.0,0.56,946,5006.0
0.015,23.0,0.58,927,5346.0
0.009,25.0,0.51,1030,5567.0
0.005,22.0,0.61,921,4628.0
0.028,20.0,0.7,977,4918.0
0.011,28.0,0.7,1103,5867.0
0.011,24.0,0.53,1050,4112.0
0.027,24.0,0.61,1083,5742.0
0.007,20.0,0.55,956,4925.0
0.019,20.0,0.67,802,5035.0
0.027,21.0,0.57,856,5568.0
0.008,30.0,0.42,849,5533.0
0.01,29.0,0.51,861,5717.0
0.025,30.0,0.48,839,5801.0
0.015,25.0,0.53,1078,5946.0
0.018,24.0,0.54,1063,5732.0
0.016,24.0,0.67,816,5010.0
0.015,28.0,0.69,1030,4191.0
0.029,27.0,0.48,1153,4395.0
0.027,23.0,0.45,962,4249.0
0.011,25.0,0.65,888,5542.0
0.014,23.0,0.4,1164,4601.0
0.017,30.0,0.42,991,5266.0
0.018,24.0,0.57,835,4396.0
0.016,21.0,0.55,923,5712.0
0.022,24.0,0.45,1059,4662.0
0.022,30.0,0.41,1144,5281.0
0.02,22.0,0.43,1124,5827.0
0.011,30.0,0.57,894,4723.0
0.009,29.0,0.65,957,5641.0
0.014,29.0,0.69,1071,4464.0
0.01,29.0,0.6,1190,4231.0
0.028,27.0,0.66,1150,4952.0
0.016,26.0,0.44,1013,5246.0
0.012,22.0,0.46,1042,5825.0
0.016,26.0,0.49,867,5193.0
0.018,20.0,0.63,834,5010.0
0.014,27.0,0.56,994,5325.0
0.007,20.0,0.42,1122,4447.0
0.009,27.0,0.64,900,4186.0
0.009,28.0,0.65,1149,4860.0
0.027,30.0,0.64,829,4108.0
0.024,25.0,0.68,832,4527.0
0.008,25.0,0.57,872,4278.0
0.022,26.0,0.64,815,5621.0
0.018,26.0,0.6,1059,4811.0
0.015,25.0,0.43,1113,4047.0
0.027,27.0,0.47,893,5780.0
0.011,27.0,0.65,905,4250.0
0.013,30.0,0.68,873,4341.0
0.018,26.0,0.43,819,5519.0
0.01,26.0,0.53,929,5619.0
0.006,25.0,0.67,1130,5643.0
0.012,24.0,0.7,943,5696.0
0.021,24.0,0.5,979,4911.0
0.019,25.0,0.61,922,4684.0
0.012,24.0,0.4,1044,4154.0
0.013,22.0,0.48,1072,5383.0
0.013,24.0,0.55,865,5311.0
0.023,28.0,0.59,1061,4121.0
0.019,27.0,0.59,1109,5174.0
0.021,25.0,0.52,1177,5288.0
0.023,28.0,0.55,1073,4869.0
0.005,28.0,0.54,901,4272.0
0.014,24.0,0.53,860,5333.0
0.022,25.0,0.49,813,5695.0
0.024,23.0,0.49,955,5548.0
0.027,26.0,0.51,938,5744.0
0.019,27.0,0.64,1133,5961.0
0.014,21.0,0.44,881,4452.0
0.017,22.0,0.53,884,5480.0
0.017,27.0,0.66,970,4579.0
0.024,25.0,0.42,817,5683.0
0.019,27.0,0.66,928,4471.0
0.028,29.0,0.42,826,5962.0
0.014,24.0,0.64,820,5912.0
0.02,24.0,0.48,1122,5725.0
0.015,27.0,0.51,1031,5298.0
0.019,22.0,0.44,828,4595.0
0.018,27.0,0.57,866,4356.0
0.014,23.0,0.41,1027,5159.0
0.015,25.0,0.7,909,5732.0
0.013,30.0,0.53,1080,4544.0
0.03,28.0,0.58,926,5175.0
0.005,22.0,0.41,1023,5668.0
0.017,21.0,0.54,816,5634.0
0.023,24.0,0.42,914,4036.0
0.008,30.0,0.66,891,4199.0
0.011,22.0,0.7,1169,4570.0
0.022,23.0,0.5,1096,4538.0
0.028,29.0,0.53,1060,4428.0
0.01,26.0,0.63,1062,4548.0
0.027,21.0,0.54,1028,4671.0
0.017,24.0,0.49,1169,5279.0
0.021,20.0,0.64,897,4160.0
0.024,29.0,0.45,905,4214.0
0.018,21.0,0.62,904,5968.0
0.026,21.0,0.48,1175,5659.0
0.008,23.0,0.51,1007,5894.0
0.024,22.0,0.54,1061,5897.0
0.006,23.0,0.63,1152,4852.0
0.014,24.0,0.42,951,4541.0
0.022,20.0,0.69,804,5355.0
0.026,23.0,0.68,851,5393.0
0.029,23.0,0.66,1148,4035.0
0.024,22.0,0.52,1048,5503.0
0.026,30.0,0.5,1039,4364.0
0.007,22.0,0.44,852,4719.0
0.024,21.0,0.45,1023,4660.0
0.026,21.0,0.66,876,4077.0
0.013,23.0,0.56,960,4687.0
0.005,30.0,0.4,1142,4138.0
0.009,30.0,0.41,928,5969.0
0.026,30.0,0.44,1081,5648.0
0.007,29.0,0.69,1057,5309.0
0.025,24.0,0.63,1178,4766.0
0.029,23.0,0.68,1150,5176.0
0.03,20.0,0.7,1104,5596.0
0.021,26.0,0.56,930,5580.0
0.018,27.0,0.51,1175,5069.0
0.009,28.0,0.52,1052,5763.0
0.01,23.0,0.58,1081,4984.0
0.009,27.0,0.54,859,5516.0
0.019,21.0,0.57,958,4804.0
0.02,28.0,0.41,1111,4478.0
0.029,26.0,0.7,1125,4952.0
0.027,25.0,0.62,1092,4151.0
0.01,29.0,0.61,1035,5648.0
0.024,30.0,0.52,950,5950.0
0.011,27.0,0.51,1146,4813.0
0.01,29.0,0.46,1199,4647.0
0.009,21.0,0.52,983,4304.0
0.012,26.0,0.44,940,4213.0
0.015,22.0,0.57,925,5861.0
0.007,25.0,0.69,908,5695.0
0.028,27.0,0.57,1063,4512.0
0.025,22.0,0.44,1171,4406.0
0.022,22.0,0.64,846,4224.0
0.024,21.0,0.44,1088,5785.0
0.023,23.0,0.47,953,4467.0
0.017,27.0,0.43,1102,5303.0
0.022,27.0,0.49,849,5031.0
0.014,25.0,0.65,1172,4577.0
0.021,22.0,0.52,1007,5761.0
0.022,21.0,0.7,1029,5348.0
0.016,23.0,0.45,955,4870.0
0.023,24.0,0.7,1099,4224.0
0.018,30.0,0.6,1094,4861.0
0.008,24.0,0.53,943,4684.0
0.013,28.0,0.4,855,5720.0
0.023,23.0,0.6,1031,5097.0
0.021,28.0,0.61,823,4912.0
0.029,25.0,0.43,940,4781.0
0.011,22.0,0.55,805,4305.0
0.02,30.0,0.44,999,5788.0
0.03,28.0,0.51,892,4085.0
0.027,29.0,0.52,881,4271.0
0.028,29.0,0.54,1120,4969.0
0.006,27.0,0.42,1082,4302.0
0.009,25.0,0.7,1184,4669.0
0.018,20.0,0.45,1200,5601.0
0.023,26.0,0.4,1146,5427.0
0.026,26.0,0.52,1070,4200.0
0.016,23.0,0.61,830,4932.0
0.026,20.0,0.54,1056,5493.0
0.013,28.0,0.52,963,5365.0
0.015,30.0,0.66,951,5549.0
0.023,26.0,0.55,1070,5090.0
0.005,26.0,0.64,1028,4689.0
0.005,25.0,0.7,1094,5010.0
0.01,30.0,0.66,906,5142.0
0.026,27.0,0.65,1067,5762.0
0.013,21.0,0.49,860,4335.0
0.029,25.0,0.51,983,4215.0
0.03,29.0,0.63,1107,4665.0
0.023,20.0,0.64,1019,4746.0
0.018,30.0,0.53,853,4970.0
0.028,22.0,0.56,1158,4141.0
0.012,24.0,0.66,973,4189.0
0.012,21.0,0.49,1000,5476.0
0.018,30.0,0.51,1060,5714.0
0.012,26.0,0.41,1093,5127.0
0.024,20.0,0.53,876,4545.0
0.018,23.0,0.52,1033,4905.0
0.017,25.0,0.44,1200,4504.0
0.026,27.0,0.61,834,5390.0
0.008,24.0,0.58,1089,5808.0
0.013,21.0,0.65,930,4615.0
0.011,20.0,0.4,903,4767.0
0.027,24.0,0.65,943,4177.0
0.009,25.0,0.42,871,5394.0
0.015,30.0,0.51,1173,5845.0
0.016,29.0,0.59,817,4742.0
0.015,22.0,0.48,1055,5397.0
0.026,29.0,0.57,906,4987.0
0.028,25.0,0.43,1088,4612.0
0.006,21.0,0.51,1166,5772.0
0.029,22.0,0.59,984,4147.0
0.014,29.0,0.6,1166,4834.0
0.024,26.0,0.55,1037,4069.0
0.007,30.0,0.49,853,5350.0
0.013,20.0,0.46,829,4133.0
0.011,28.0,0.59,850,4697.0
0.022,25.0,0.4,905,5540.0
0.025,21.0,0.52,1115,4526.0
0.008,28.0,0.51,933,5648.0
0.024,27.0,0.51,901,5614.0
0.02,22.0,0.46,1163,4620.0
0.011,24.0,0.47,1100,4100.0
0.017,25.0,0.51,842,5302.0
0.022,20.0,0.56,1116,5632.0
0.02,27.0,0.64,1109,5841.0
0.023,30.0,0.57,827,5706.0
0.021,30.0,0.55,1146,4961.0
0.016,23.0,0.51,1059,5490.0
0.021,28.0,0.44,817,5800.0
0.016,25.0,0.61,1166,4986.0
0.022,29.0,0.56,946,5908.0
0.021,20.0,0.66,942,4367.0
0.006,30.0,0.47,813,4433.0
0.015,27.0,0.41,1166,5986.0
0.013,24.0,0.55,1126,4009.0
0.024,25.0,0.66,819,4760.0
0.022,23.0,0.65,968,4863.0
0.012,29.0,0.65,949,4283.0
0.017,20.0,0.55,979,5271.0
0.016,20.0,0.56,840,5878.0
0.013,23.0,0.42,1173,5425.0
0.015,20.0,0.47,1133,5968.0
0.024,27.0,0.54,834,5289.0
0.021,29.0,0.67,1065,4106.0
0.01,24.0,0.5,851,4502.0
0.017,21.0,0.66,929,5007.0
0.015,29.0,0.62,888,4603.0
0.024,22.0,0.67,1105,4793.0
0.009,25.0,0.55,930,4400.0
0.015,25.0,0.63,830,4267.0
0.007,24.0,0.58,1056,5705.0
0.023,26.0,0.5,842,4484.0
0.013,27.0,0.59,877,5585.0
0.023,24.0,0.65,1167,4660.0
0.018,22.0,0.7,1189,4031.0
0.007,30.0,0.41,1062,5608.0
0.015,22.0,0.5,947,5058.0
0.008,27.0,0.66,850,4075.0
0.02,21.0,0.65,1170,4535.0
0.015,29.0,0.63,1148,5175.0
0.018,28.0,0.44,828,4830.0
0.012,28.0,0.45,1011,4029.0
0.018,28.0,0.46,950,4126.0
0.026,23.0,0.53,1080,5690.0
0.019,20.0,0.66,1059,5488.0
0.028,28.0,0.58,810,5791.0
0.026,23.0,0.61,1036,4013.0
0.027,29.0,0.65,1140,4481.0
0.007,25.0,0.52,1001,4173.0
0.028,25.0,0.62,913,4283.0
0.017,28.0,0.52,1072,5214.0
0.022,21.0,0.5,1036,5742.0
0.013,20.0,0.55,851,5128.0
0.006,24.0,0.63,1193,5565.0
0.024,22.0,0.48,869,5317.0
0.006,26.0,0.66,1102,4944.0
0.028,24.0,0.47,1096,4095.0
0.028,29.0,0.56,817,5489.0
0.018,26.0,0.45,834,5287.0
0.026,27.0,0.42,808,5413.0
0.029,24.0,0.44,1025,5490.0
0.012,28.0,0.48,801,5922.0
0.011,29.0,0.53,928,5507.0
0.015,29.0,0.65,1124,4989.0
0.027,30.0,0.49,1009,4071.0
0.012,21.0,0.53,1083,4414.0
0.018,23.0,0.42,964,5617.0
0.006,29.0,0.43,945,5583.0
0.025,27.0,0.46,938,4029.0
0.009,28.0,0.52,800,5339.0
0.011,25.0,0.58,1008,5850.0
0.02,26.0,0.53,1121,5000.0
0.027,29.0,0.4,1158,4477.0
0.023,26.0,0.54,983,4793.0
0.029,26.0,0.49,933,5136.0
0.028,29.0,0.58,911,4485.0
0.022,28.0,0.58,1104,4629.0
0.02,24.0,0.56,1126,4062.0
0.015,30.0,0.53,1179,4638.0
0.011,22.0,0.69,1170,4222.0
0.009,28.0,0.41,951,5110.0
0.015,21.0,0.54,1073,4248.0
0.029,21.0,0.62,812,5205.0
0.005,29.0,0.45,815,5368.0
0.016,24.0,0.52,1166,4062.0
0.01,22.0,0.59,992,5230.0
0.02,22.0,0.46,957,5856.0
0.013,20.0,0.61,1114,4025.0
0.02,22.0,0.47,1161,4785.0
0.022,29.0,0.56,836,4308.0
0.023,20.0,0.65,1192,4952.0
0.025,20.0,0.56,1039,5438.0
0.016,28.0,0.67,1089,4199.0
0.019,29.0,0.51,1090,4131.0
0.024,28.0,0.64,1028,5188.0
0.017,30.0,0.7,881,4238.0
0.027,24.0,0.53,854,4067.0
0.012,27.0,0.59,904,4252.0
0.013,26.0,0.53,925,5338.0
0.027,28.0,0.46,923,4638.0
0.028,25.0,0.68,811,5354.0
0.02,28.0,0.54,848,5304.0
0.025,25.0,0.6,1095,4187.0
0.012,22.0,0.5,1011,4081.0
0.017,20.0,0.66,931,4000.0
0.02,20.0,0.48,1041,5436.0
0.007,30.0,0.47,848,4203.0
0.016,29.0,0.59,943,5236.0
0.009,24.0,0.44,958,4952.0
0.017,29.0,0.53,1123,5113.0
0.01,27.0,0.69,830,4773.0
0.019,29.0,0.65,1105,5854.0
0.023,25.0,0.66,1123,5352.0
0.008,26.0,0.53,1038,4922.0
0.027,29.0,0.44,1077,5853.0
0.006,30.0,0.64,996,4186.0
0.029,28.0,0.65,963,4453.0
0.029,27.0,0.57,850,4087.0
0.021,26.0,0.46,829,4688.0
0.03,23.0,0.44,1104,4273.0
0.016,20.0,0.61,1035,5030.0
0.009,29.0,0.62,1186,5527.0
0.021,29.0,0.57,887,4143.0
0.021,29.0,0.59,990,5261.0
0.01,27.0,0.48,956,5457.0
0.024,26.0,0.62,903,5187.0
0.029,29.0,0.4,1176,5594.0
0.017,22.0,0.4,988,5269.0
0.02,27.0,0.59,1007,4505.0
0.024,24.0,0.46,1081,5864.0
0.006,29.0,0.63,819,4335.0
0.017,30.0,0.68,1163,4528.0
0.014,23.0,0.42,985,5236.0
0.012,27.0,0.66,992,5732.0
0.022,29.0,0.64,847,5191.0
0.021,24.0,0.56,1003,4191.0
0.009,24.0,0.56,1059,5440.0
0.022,22.0,0.41,906,4238.0
0.01,25.0,0.52,1123,4065.0
0.01,25.0,0.58,1067,5913.0
0.017,20.0,0.45,1065,5250.0
0.007,30.0,0.46,836,5917.0
0.022,28.0,0.54,890,4114.0
0.023,22.0,0.57,878,5751.0
0.008,23.0,0.52,1056,5569.0
0.007,26.0,0.47,1108,5663.0
0.018,25.0,0.7,1107,5552.0
0.01,21.0,0.44,1023,4023.0
0.027,25.0,0.7,858,4835.0
0.02,25.0,0.69,992,5556.0
0.029,30.0,0.51,974,4780.0
0.007,20.0,0.61,962,5816.0
0.027,21.0,0.63,940,4342.0
0.025,22.0,0.46,985,4777.0
0.007,22.0,0.54,1063,4389.0
0.008,20.0,0.63,1169,5571.0
0.026,30.0,0.68,814,5226.0
0.027,26.0,0.44,1088,5440.0
0.024,24.0,0.55,835,4488.0
0.023,25.0,0.68,877,5223.0
0.006,24.0,0.51,880,4629.0
0.024,27.0,0.55,824,5023.0
0.014,23.0,0.66,837,5422.0
0.022,20.0,0.45,929,5529.0
0.009,25.0,0.63,1137,5754.0
0.011,28.0,0.58,990,4418.0
0.026,24.0,0.46,895,5396.0
0.023,24.0,0.7,1147,5667.0
0.01,22.0,0.49,1144,4158.0
0.026,25.0,0.61,868,4780.0
0.013,20.0,0.44,801,4219.0
0.017,24.0,0.58,1045,4264.0
0.029,24.0,0.51,1072,4821.0
0.008,26.0,0.51,963,4288.0
0.017,21.0,0.47,938,4416.0
0.016,23.0,0.47,953,4569.0
0.017,22.0,0.68,1109,4226.0
0.021,30.0,0.61,1042,5063.0
0.026,21.0,0.51,953,4722.0
0.019,23.0,0.68,847,5482.0
0.008,22.0,0.64,1044,4273.0
0.009,27.0,0.65,1197,4717.0
0.017,30.0,0.51,804,4906.0
0.009,21.0,0.67,1184,5373.0
0.015,22.0,0.52,997,5375.0
0.018,21.0,0.7,1148,5761.0
0.021,24.0,0.69,1011,5246.0
0.017,20.0,0.54,1130,4625.0
0.015,23.0,0.56,1060,5465.0
0.008,25.0,0.57,999,4560.0
0.014,28.0,0.41,873,5068.0
0.029,21.0,0.61,968,4253.0
0.022,23.0,0.5,962,5016.0
0.008,20.0,0.62,840,5680.0
0.029,22.0,0.65,1169,4985.0
0.021,30.0,0.46,1154,5855.0
0.022,24.0,0.52,801,4514.0
0.01,21.0,0.54,858,5162.0
0.011,26.0,0.59,997,4516.0
0.026,26.0,0.48,850,5562.0
0.025,22.0,0.55,812,5571.0
0.026,23.0,0.6,967,4953.0
0.017,25.0,0.64,1068,5385.0
0.007,27.0,0.54,1090,4312.0
0.029,27.0,0.56,897,4347.0
0.008,26.0,0.63,879,5932.0
0.02,23.0,0.64,964,4868.0
0.025,23.0,0.53,1159,5755.0
0.005,30.0,0.53,959,4396.0
0.016,25.0,0.41,1047,5222.0
0.019,21.0,0.45,927,5611.0
0.018,23.0,0.58,880,4831.0
0.009,27.0,0.53,1189,5123.0
0.018,24.0,0.6,843,4899.0
0.01,20.0,0.54,885,4407.0
0.027,22.0,0.47,882,4126.0
0.02,24.0,0.55,801,4465.0
0.012,28.0,0.62,909,4684.0
0.023,26.0,0.41,814,5691.0
0.007,30.0,0.63,1185,4673.0
0.015,29.0,0.65,854,4777.0
0.007,30.0,0.43,1162,4925.0
0.023,30.0,0.48,810,4150.0
0.01,27.0,0.7,1059,4985.0
0.016,25.0,0.62,869,5740.0
0.018,29.0,0.42,890,5193.0
0.023,23.0,0.56,1084,5348.0
0.02,23.0,0.47,1059,5827.0
0.021,26.0,0.59,1016,5810.0
0.023,27.0,0.58,800,5918.0
0.007,22.0,0.57,1200,4265.0
0.017,30.0,0.64,980,4038.0
0.028,24.0,0.59,1149,4623.0
0.016,22.0,0.46,1067,4754.0
0.014,22.0,0.56,1069,4715.0
0.006,28.0,0.46,1115,4505.0
0.027,28.0,0.55,1022,5547.0
0.028,28.0,0.56,1141,4182.0
0.026,22.0,0.53,891,5718.0
0.016,28.0,0.7,829,5862.0
0.016,21.0,0.51,1011,4429.0
0.023,21.0,0.59,1073,5448.0
0.027,20.0,0.59,995,5626.0
0.016,20.0,0.46,1026,5779.0
0.018,21.0,0.61,866,5659.0
0.023,27.0,0.43,939,5375.0
0.027,26.0,0.63,908,5515.0
0.013,25.0,0.54,1109,4157.0
0.028,22.0,0.64,890,4961.0
0.028,30.0,0.5,1060,4212.0
0.027,23.0,0.5,910,4892.0
0.02,26.0,0.59,888,4420.0
0.019,30.0,0.61,1052,5099.0
0.005,22.0,0.64,1191,5240.0
0.02,21.0,0.53,1165,5930.0
0.022,24.0,0.45,800,4685.0
0.019,28.0,0.53,1172,5998.0
0.019,25.0,0.67,1054,5715.0
0.026,23.0,0.5,820,5853.0
0.006,26.0,0.63,907,4164.0
0.02,30.0,0.57,933,4333.0
0.023,26.0,0.61,937,4285.0
0.021,21.0,0.66,848,4216.0
0.009,23.0,0.41,1140,4528.0
0.026,26.0,0.64,809,4505.0
0.02,22.0,0.41,918,4708.0
0.028,20.0,0.65,1043,4483.0
0.011,29.0,0.57,956,4218.0
0.026,27.0,0.6,998,5231.0
0.01,20.0,0.54,1090,4852.0
0.023,25.0,0.4,857,5881.0
0.025,26.0,0.49,1186,5096.0
0.02,29.0,0.42,880,4405.0
0.006,27.0,0.67,822,5608.0
0.009,22.0,0.55,1023,5650.0
0.011,26.0,0.41,1149,4249.0
0.008,22.0,0.64,926,5718.0
0.011,22.0,0.4,1001,4389.0
0.011,24.0,0.55,994,4038.0
0.012,21.0,0.62,967,4315.0
0.017,25.0,0.6,1188,4784.0
0.019,25.0,0.62,968,4001.0
0.009,30.0,0.44,1128,5909.0
0.017,23.0,0.7,817,5445.0
0.008,28.0,0.66,1193,5944.0
0.015,24.0,0.64,1075,4206.0
0.021,20.0,0.59,845,4752.0
0.017,29.0,0.44,939,5327.0
0.023,22.0,0.68,809,5703.0
0.026,27.0,0.49,868,4404.0
0.02,22.0,0.53,944,4105.0
0.012,21.0,0.48,1145,4770.0
0.029,21.0,0.5,1005,5413.0
0.022,29.0,0.51,936,5152.0
0.01,24.0,0.61,949,5046.0
0.014,27.0,0.53,1172,5391.0
0.011,28.0,0.66,841,5430.0
0.006,23.0,0.69,1100,5339.0
0.018,21.0,0.67,978,4314.0
0.024,24.0,0.56,1030,5773.0
0.008,24.0,0.49,948,5263.0
0.025,30.0,0.46,936,4106.0
0.007,22.0,0.56,870,4734.0
0.017,26.0,0.63,1171,4375.0
0.022,27.0,0.67,931,4229.0
0.006,21.0,0.46,913,4908.0
0.017,29.0,0.69,1088,5114.0
0.018,21.0,0.57,1108,4400.0
0.014,24.0,0.41,1138,4211.0
0.02,28.0,0.42,1052,4244.0
0.029,29.0,0.62,1185,5790.0
0.03,27.0,0.63,1054,5714.0
0.018,26.0,0.63,1104,5443.0
0.029,24.0,0.55,949,4376.0
0.012,21.0,0.64,1194,4611.0
0.01,26.0,0.64,890,4156.0
0.006,30.0,0.69,1050,4737.0
0.016,23.0,0.58,1008,4570.0
0.02,20.0,0.56,1031,5825.0
0.025,27.0,0.6,962,4546.0
0.023,30.0,0.6,851,4497.0
0.011,30.0,0.56,927,5982.0
0.012,29.0,0.63,934,5591.0
0.011,29.0,0.53,849,5590.0
0.011,23.0,0.46,1017,5722.0
0.016,24.0,0.51,1099,5054.0
0.011,28.0,0.68,1156,5625.0
0.019,21.0,0.64,1084,5535.0
0.018,29.0,0.7,1114,5241.0
0.01,21.0,0.41,945,4268.0
0.018,30.0,0.47,813,4028.0
0.012,29.0,0.53,860,4103.0
0.016,21.0,0.46,918,5966.0
0.007,21.0,0.57,1004,5454.0
0.012,28.0,0.43,1079,4741.0
0.03,30.0,0.49,1018,4167.0
0.007,22.0,0.69,912,4574.0
0.012,26.0,0.65,1073,4321.0
0.018,27.0,0.58,1082,5660.0
0.02,22.0,0.66,860,5744.0
0.027,20.0,0.4,1148,5064.0
0.026,20.0,0.62,876,5120.0
0.006,28.0,0.65,1066,4208.0
0.028,26.0,0.61,907,4738.0
0.007,27.0,0.5,973,4320.0
0.025,21.0,0.47,822,4730.0
0.014,24.0,0.7,999,4927.0
0.022,21.0,0.44,1140,4173.0
0.014,26.0,0.58,999,4360.0
0.028,30.0,0.68,1143,5692.0
0.011,21.0,0.61,881,5663.0
0.024,26.0,0.68,1178,4995.0
0.017,25.0,0.58,1131,5833.0
0.018,20.0,0.64,1028,4997.0
0.005,22.0,0.47,809,4952.0
0.006,22.0,0.41,1058,4510.0
0.006,21.0,0.43,954,5509.0
0.007,26.0,0.57,1193,4117.0
0.029,24.0,0.47,1088,4145.0
0.006,30.0,0.6,876,4166.0
0.025,30.0,0.57,1171,4087.0
0.025,28.0,0.56,821,5071.0
0.005,22.0,0.48,887,5929.0
0.015,24.0,0.42,886,4433.0
0.008,27.0,0.64,811,4977.0
0.007,21.0,0.65,1014,5482.0
0.026,24.0,0.43,922,5684.0
0.028,22.0,0.45,898,5055.0
0.012,25.0,0.4,1128,5746.0
0.017,27.0,0.56,971,5591.0
0.021,27.0,0.51,1038,5707.0
0.01,25.0,0.68,1111,4235.0
0.029,27.0,0.5,896,4629.0
0.014,25.0,0.42,860,5973.0
0.028,30.0,0.5,1198,4974.0
0.015,22.0,0.4,896,5331.0
0.007,24.0,0.41,826,4220.0
0.028,26.0,0.61,873,5601.0
0.021,23.0,0.66,966,4821.0
0.01,27.0,0.69,832,5017.0
0.025,22.0,0.51,815,4392.0
0.027,29.0,0.54,925,5793.0
0.015,30.0,0.62,925,5504.0
0.012,24.0,0.43,1020,5841.0
0.009,27.0,0.53,912,5697.0
0.023,24.0,0.49,990,4136.0
0.019,22.0,0.64,989,5915.0
0.017,25.0,0.54,941,5011.0
0.017,30.0,0.56,814,5624.0
0.026,28.0,0.56,1047,4901.0
0.018,30.0,0.65,988,5562.0
0.014,26.0,0.48,813,4238.0
0.023,21.0,0.55,948,5021.0
0.009,26.0,0.48,1077,4445.0
0.02,27.0,0.6,979,5266.0
0.019,29.0,0.66,961,5884.0
0.025,29.0,0.69,1170,4856.0
0.006,26.0,0.5,935,4485.0
0.03,25.0,0.43,951,5647.0
0.017,23.0,0.56,1130,4818.0
0.008,21.0,0.68,1123,4569.0
0.014,23.0,0.64,957,4404.0
0.021,28.0,0.57,1117,4197.0
0.022,27.0,0.44,1180,4483.0
0.015,30.0,0.58,1149,5730.0
0.027,23.0,0.5,834,4167.0
0.023,27.0,0.46,951,4804.0
0.005,22.0,0.58,863,4677.0
0.022,20.0,0.61,1164,4156.0
0.03,26.0,0.44,983,5121.0
0.026,24.0,0.65,1056,5688.0
0.014,29.0,0.7,828,5704.0
0.029,26.0,0.51,866,4064.0
0.012,20.0,0.62,1054,4773.0
0.026,26.0,0.54,862,4672.0
0.027,24.0,0.54,877,5757.0
0.007,23.0,0.45,848,5330.0
0.018,27.0,0.5,1061,5564.0
0.006,25.0,0.46,948,4199.0
0.01,26.0,0.47,1038,4737.0
0.007,30.0,0.69,920,5967.0
0.024,26.0,0.7,1158,5036.0
0.018,30.0,0.44,878,5889.0
0.024,20.0,0.68,1175,5993.0
0.025,24.0,0.6,1074,5452.0
0.019,26.0,0.6,1115,5787.0
0.011,22.0,0.4,1170,5421.0
0.016,21.0,0.47,1120,4915.0
0.006,21.0,0.6,1004,5858.0
0.014,23.0,0.42,1072,5254.0
0.009,24.0,0.58,1033,5425.0
0.018,24.0,0.58,1021,4638.0
0.008,21.0,0.41,1042,4061.0
0.021,29.0,0.49,1001,5040.0
0.018,21.0,0.59,994,5479.0
0.016,27.0,0.53,1062,4916.0
0.006,27.0,0.59,1193,4128.0
0.026,28.0,0.59,825,4236.0
0.011,24.0,0.53,887,4633.0
0.01,24.0,0.68,880,5344.0
0.026,30.0,0.47,1032,4621.0
0.026,24.0,0.49,1092,5254.0
0.024,26.0,0.43,1160,4715.0
0.026,22.0,0.66,1110,4825.0
0.019,25.0,0.41,1040,4536.0
0.008,24.0,0.5,1048,5736.0
0.014,27.0,0.41,896,5214.0
0.021,27.0,0.66,951,5902.0
0.021,20.0,0.41,1150,5424.0
0.019,28.0,0.54,1185,5060.0
0.021,22.0,0.45,822,5119.0
0.029,26.0,0.51,1142,4791.0
0.009,27.0,0.55,1182,4578.0
0.026,20.0,0.44,1040,5290.0
0.018,22.0,0.63,895,4054.0
0.025,23.0,0.47,972,5933.0
0.02,29.0,0.52,1109,5996.0
0.014,26.0,0.47,1147,4242.0
0.019,26.0,0.54,907,4951.0
0.026,28.0,0.62,1007,4306.0
0.006,24.0,0.66,924,5834.0
0.02,30.0,0.55,1123,4117.0
0.021,24.0,0.6,864,4061.0
0.021,30.0,0.42,1008,5087.0
0.027,29.0,0.68,861,4346.0
0.024,26.0,0.53,896,4132.0
0.005,24.0,0.43,1119,5695.0
0.013,27.0,0.43,989,4513.0
0.025,24.0,0.5,814,4382.0
0.006,20.0,0.44,966,5169.0
0.013,21.0,0.59,1065,5207.0
0.027,22.0,0.63,824,5706.0
0.03,25.0,0.59,1146,5767.0
0.025,22.0,0.44,872,5162.0
0.025,20.0,0.58,835,5556.0
0.011,23.0,0.57,1136,4947.0
0.017,23.0,0.58,1194,5785.0
0.027,24.0,0.58,1109,5475.0
0.012,24.0,0.58,1141,4115.0
0.018,25.0,0.49,963,4150.0
0.023,24.0,0.55,1154,5108.0
0.029,24.0,0.65,1143,4006.0
0.027,27.0,0.7,988,4441.0
0.024,22.0,0.4,1178,4890.0
0.007,27.0,0.4,932,4538.0
0.02,22.0,0.44,1004,5037.0
0.029,24.0,0.67,952,4955.0
0.014,25.0,0.45,992,4562.0
0.02,29.0,0.57,1074,5791.0
0.019,27.0,0.63,1169,4702.0
0.027,30.0,0.51,920,4131.0
0.026,30.0,0.56,1186,4540.0
0.02,30.0,0.65,895,5270.0
0.008,22.0,0.41,1019,5630.0
0.013,27.0,0.51,952,4283.0
0.025,25.0,0.62,1118,4030.0
0.012,22.0,0.5,1004,5639.0
0.009,30.0,0.57,828,5908.0
0.022,29.0,0.69,1026,5918.0
0.008,29.0,0.66,1098,4944.0
0.03,28.0,0.4,1127,5783.0
0.024,28.0,0.45,975,5520.0
0.006,25.0,0.7,1076,5778.0
0.019,25.0,0.44,1199,4315.0
0.024,29.0,0.66,917,5538.0
0.026,24.0,0.5,843,4633.0
0.021,27.0,0.65,1056,5932.0
0.021,28.0,0.56,888,5400.0
0.018,26.0,0.58,948,5659.0
0.02,28.0,0.42,1188,4659.0
0.018,20.0,0.58,1055,4678.0
0.022,26.0,0.54,1047,4962.0
0.007,20.0,0.55,813,5637.0
0.019,23.0,0.42,1104,4242.0
0.023,24.0,0.66,817,4818.0
0.025,27.0,0.51,999,4377.0
0.008,23.0,0.42,1060,5307.0
0.006,27.0,0.64,1127,5852.0
0.014,24.0,0.59,807,5980.0
0.021,29.0,0.7,805,5260.0
0.009,23.0,0.58,801,5899.0
0.023,26.0,0.64,1082,5422.0
0.006,28.0,0.58,1045,4623.0
0.01,29.0,0.45,1124,5937.0
0.006,22.0,0.46,878,4932.0
0.015,30.0,0.6,1098,5346.0
0.018,27.0,0.55,963,4854.0
0.022,23.0,0.5,1077,4467.0
0.011,25.0,0.47,1031,5745.0
0.028,30.0,0.41,982,4222.0
0.013,29.0,0.49,875,5235.0
0.01,29.0,0.64,1086,4469.0
0.029,26.0,0.56,1138,4398.0
0.02,26.0,0.41,1058,4714.0
0.008,25.0,0.44,890,5593.0
0.015,20.0,0.48,1077,5339.0
0.007,21.0,0.49,837,4863.0
0.023,27.0,0.63,1034,5675.0
0.015,23.0,0.58,1175,5030.0
0.024,30.0,0.43,916,4404.0
0.012,21.0,0.54,1086,5122.0
0.011,25.0,0.44,1194,4978.0
0.028,24.0,0.69,1059,4357.0
0.017,22.0,0.52,985,5986.0
0.015,27.0,0.52,1121,5090.0
0.012,24.0,0.42,1178,5338.0
0.022,21.0,0.53,1154,5549.0
0.008,20.0,0.41,910,5286.0
0.023,21.0,0.51,852,5309.0
0.021,22.0,0.7,988,5189.0
0.03,30.0,0.69,926,5748.0
0.019,20.0,0.41,1056,5748.0
0.009,28.0,0.58,1190,5398.0
0.008,20.0,0.5,1139,5622.0
0.019,21.0,0.61,1025,4284.0
0.018,28.0,0.41,1071,4976.0
0.024,25.0,0.7,841,5071.0
0.026,25.0,0.48,965,5488.0
0.025,23.0,0.53,1036,5920.0
0.025,21.0,0.46,1195,4369.0
0.014,29.0,0.66,1088,5124.0
0.026,20.0,0.52,966,5535.0
0.027,27.0,0.49,1073,4058.0
0.013,29.0,0.6,1136,4928.0
0.023,28.0,0.48,995,5230.0
0.01,20.0,0.43,959,4071.0
0.017,22.0,0.68,879,4254.0
0.014,24.0,0.67,801,4548.0
0.025,23.0,0.66,866,4437.0
0.014,27.0,0.52,1040,5875.0
0.026,27.0,0.5,855,5176.0
0.011,27.0,0.6,1197,5005.0
0.007,28.0,0.41,1111,4054.0
0.021,30.0,0.41,1086,4482.0
0.01,25.0,0.57,1064,4073.0
0.026,21.0,0.4,1006,5731.0
0.013,29.0,0.53,856,4814.0
0.006,22.0,0.65,1152,4707.0
0.015,26.0,0.4,1112,4735.0
0.017,24.0,0.41,1136,5067.0
0.009,24.0,0.56,837,4367.0
0.024,30.0,0.52,930,4171.0
0.017,28.0,0.54,887,5652.0
0.026,29.0,0.48,926,4372.0
0.025,26.0,0.63,1105,5177.0
0.025,28.0,0.56,1130,4644.0
0.015,27.0,0.68,846,4177.0
0.024,26.0,0.53,1068,4205.0
0.018,22.0,0.46,989,5988.0
0.022,26.0,0.51,1175,5847.0
0.005,29.0,0.48,801,5273.0
0.017,22.0,0.44,1143,5771.0
0.028,30.0,0.48,1144,5356.0
0.015,25.0,0.4,1046,4540.0
0.009,26.0,0.66,802,4246.0
0.023,20.0,0.44,818,4626.0
0.013,30.0,0.45,840,5716.0
0.022,26.0,0.42,1148,5148.0
0.014,20.0,0.41,1169,4027.0
0.011,27.0,0.5,818,4772.0
0.027,24.0,0.5,1079,4296.0
0.009,25.0,0.61,1146,5756.0
0.028,25.0,0.69,1088,4513.0
0.028,29.0,0.69,1111,4463.0
0.019,30.0,0.65,953,5613.0
0.01,29.0,0.48,1096,5864.0
0.008,27.0,0.43,995,4478.0
0.026,23.0,0.7,1183,5147.0
0.026,30.0,0.68,929,5847.0
0.014,24.0,0.51,998,4166.0
0.03,25.0,0.64,983,4791.0
0.02,26.0,0.48,999,4504.0
0.017,27.0,0.65,1016,5353.0
0.026,24.0,0.6,968,5077.0
0.027,26.0,0.56,959,5043.0
0.028,30.0,0.59,1169,4609.0
0.03,27.0,0.52,962,4909.0
0.027,23.0,0.4,832,5337.0
0.021,30.0,0.44,1055,5092.0
0.023,24.0,0.64,1164,4371.0
0.011,20.0,0.66,877,5474.0
0.011,26.0,0.5,996,4090.0
0.02,27.0,0.63,992,5538.0
0.028,25.0,0.44,992,4301.0
0.008,29.0,0.59,1196,5565.0
0.021,23.0,0.55,855,5692.0
0.01,25.0,0.53,890,5304.0
0.022,25.0,0.67,1163,5951.0
0.01,20.0,0.68,928,5333.0
0.03,22.0,0.49,911,5621.0
0.009,25.0,0.47,1125,5783.0
0.021,27.0,0.47,1196,5036.0
0.025,25.0,0.48,1055,4149.0
0.029,28.0,0.56,1147,4461.0
0.013,25.0,0.55,1061,5637.0
0.016,29.0,0.5,1072,4025.0
0.013,24.0,0.47,845,5694.0
0.019,21.0,0.63,836,5162.0
0.019,28.0,0.61,974,4214.0
0.01,23.0,0.44,910,4723.0
0.029,27.0,0.59,1016,4894.0
0.025,24.0,0.69,1196,5246.0
0.029,30.0,0.63,1114,4216.0
0.011,20.0,0.57,957,5197.0
0.026,22.0,0.69,937,4620.0
0.022,22.0,0.51,858,5776.0
0.021,29.0,0.55,1125,5491.0
0.009,20.0,0.6,986,5571.0
0.006,26.0,0.67,1084,5401.0
0.006,22.0,0.57,974,5753.0
0.018,29.0,0.62,991,5195.0
0.01,26.0,0.4,1059,4099.0
0.022,25.0,0.49,963,4102.0
0.008,29.0,0.48,959,4570.0
0.007,22.0,0.4,839,4539.0
0.026,25.0,0.66,906,5680.0
0.013,20.0,0.43,859,5000.0
0.01,23.0,0.68,1163,5169.0
0.024,21.0,0.57,873,5731.0
0.01,20.0,0.52,1020,4666.0
0.019,22.0,0.61,843,5672.0
0.014,25.0,0.44,819,5252.0
0.013,21.0,0.62,859,5186.0
0.028,20.0,0.59,1060,5830.0
0.026,29.0,0.6,1195,5679.0
0.011,27.0,0.57,902,4909.0
0.013,20.0,0.64,1074,4152.0
0.006,25.0,0.51,987,4071.0
0.011,20.0,0.66,949,4312.0
0.009,22.0,0.56,826,5044.0
0.014,29.0,0.4,1112,4264.0
0.018,26.0,0.44,953,4186.0
0.025,25.0,0.42,1053,5711.0
0.022,30.0,0.63,997,4320.0
0.02,21.0,0.53,1134,4346.0
0.014,22.0,0.61,931,4487.0
0.007,29.0,0.48,950,4494.0
0.006,20.0,0.51,922,4242.0
0.008,22.0,0.63,982,5099.0
0.023,25.0,0.7,856,4692.0
0.012,27.0,0.44,812,4753.0
0.006,25.0,0.64,859,5515.0
0.014,30.0,0.69,853,4319.0
0.028,25.0,0.53,905,5886.0
0.016,25.0,0.62,1095,5652.0
0.011,30.0,0.54,1054,4680.0
0.022,20.0,0.44,981,5532.0
0.013,23.0,0.65,1151,5672.0
0.009,25.0,0.65,1187,4246.0
0.027,21.0,0.63,844,4926.0
0.022,28.0,0.61,1034,5089.0
0.016,22.0,0.52,998,5757.0
0.02,23.0,0.56,971,5585.0
0.019,22.0,0.61,1071,4549.0
0.029,22.0,0.62,914,5338.0
0.008,29.0,0.66,809,4926.0
0.018,21.0,0.58,871,4053.0
0.006,28.0,0.59,981,5053.0
0.017,25.0,0.48,941,4441.0
0.028,26.0,0.55,1053,4036.0
0.022,22.0,0.4,865,5292.0
0.006,30.0,0.51,887,4518.0
0.014,21.0,0.43,806,5344.0
0.025,20.0,0.57,1109,5432.0
0.021,27.0,0.54,979,5614.0
0.025,29.0,0.53,911,5117.0
0.014,28.0,0.65,1057,5351.0
0.014,20.0,0.66,1101,4635.0
0.029,24.0,0.65,1060,5850.0
0.027,29.0,0.49,1005,4651.0
0.007,29.0,0.7,890,5998.0
0.006,30.0,0.58,808,4068.0
0.013,28.0,0.6,890,5287.0
0.023,22.0,0.61,818,4658.0
0.025,29.0,0.7,998,5817.0
0.018,28.0,0.59,856,4722.0
0.029,29.0,0.55,859,5685.0
0.026,26.0,0.69,1175,5240.0
0.015,26.0,0.49,1008,4040.0
0.028,20.0,0.4,1061,4691.0
0.006,24.0,0.69,1035,5512.0
0.025,27.0,0.55,955,5491.0
0.008,23.0,0.54,1195,4507.0
0.007,25.0,0.48,812,4227.0
0.018,26.0,0.44,974,5761.0
0.013,25.0,0.48,817,5809.0
0.017,29.0,0.61,967,4395.0
0.005,25.0,0.67,1141,4494.0
0.017,27.0,0.65,841,4069.0
0.027,29.0,0.52,1180,4285.0
0.02,28.0,0.63,1128,5749.0
0.01,30.0,0.54,1017,4183.0
0.021,25.0,0.64,976,4824.0
0.012,24.0,0.54,1005,5233.0
0.011,20.0,0.43,1024,4615.0
0.019,26.0,0.6,833,5629.0
0.008,30.0,0.65,996,5862.0
0.006,23.0,0.43,859,5786.0
0.011,21.0,0.57,1024,4181.0
0.023,30.0,0.52,1097,5907.0
0.029,25.0,0.51,821,4412.0
0.015,27.0,0.64,1059,5678.0
0.028,28.0,0.6,851,5325.0
0.022,20.0,0.63,1050,5652.0
0.022,22.0,0.68,1157,5105.0
0.006,28.0,0.59,1165,5105.0
0.027,21.0,0.57,859,4990.0
0.017,22.0,0.44,868,4470.0
0.023,22.0,0.67,903,4327.0
0.028,30.0,0.44,832,5905.0
0.011,27.0,0.54,1074,5751.0
0.023,30.0,0.55,973,5596.0
0.01,21.0,0.41,1099,5103.0
0.007,25.0,0.58,1060,5145.0
0.006,29.0,0.52,1198,5720.0
0.005,24.0,0.51,976,4782.0
0.026,28.0,0.67,815,5575.0
0.025,26.0,0.43,1129,4194.0
0.006,28.0,0.42,1031,4691.0
0.005,23.0,0.63,895,5589.0
0.025,22.0,0.56,900,4220.0
0.013,30.0,0.48,858,4403.0
0.015,22.0,0.45,1184,5385.0
0.008,30.0,0.6,1050,4133.0
0.02,30.0,0.54,1133,5179.0
0.024,27.0,0.4,872,4154.0
0.023,26.0,0.45,914,4381.0
0.02,21.0,0.55,984,5595.0
0.024,21.0,0.41,966,5331.0
0.03,27.0,0.44,1000,5144.0
0.023,25.0,0.49,810,5369.0
0.026,28.0,0.65,953,4055.0
0.019,25.0,0.52,1019,5153.0
0.024,27.0,0.56,1019,4062.0
0.016,24.0,0.48,1011,4505.0
0.01,23.0,0.54,1024,5210.0
0.012,21.0,0.41,953,5107.0
0.019,24.0,0.65,1133,4942.0
0.013,30.0,0.45,876,5896.0
0.012,30.0,0.48,1013,5724.0
0.03,26.0,0.49,1100,4992.0
0.017,22.0,0.66,1110,4787.0
0.029,29.0,0.66,961,4418.0
0.019,26.0,0.63,1086,4726.0
0.01,29.0,0.63,1000,4452.0
0.016,29.0,0.56,836,5019.0
0.013,20.0,0.4,1121,5491.0
0.008,26.0,0.66,1107,4626.0
0.011,30.0,0.51,965,5249.0
0.007,24.0,0.43,1171,4908.0
0.017,22.0,0.59,808,5536.0
0.015,26.0,0.53,1017,4821.0
0.008,29.0,0.56,869,5828.0
0.02,26.0,0.55,1157,5045.0
0.018,29.0,0.64,943,5344.0
0.026,22.0,0.68,999,5813.0
0.028,30.0,0.7,831,4475.0
0.02,30.0,0.7,963,4097.0
0.023,24.0,0.43,973,5068.0
0.013,26.0,0.69,1200,5448.0
0.021,23.0,0.69,852,4212.0
0.017,23.0,0.57,832,4055.0
0.008,25.0,0.48,1129,4187.0
0.025,20.0,0.69,918,4920.0
0.023,23.0,0.59,884,5172.0
0.027,24.0,0.42,1042,5720.0
0.028,28.0,0.52,1021,5711.0
0.019,23.0,0.56,1073,5391.0
0.017,29.0,0.59,987,4868.0
0.03,24.0,0.64,935,5332.0
0.016,30.0,0.5,914,5813.0
0.029,20.0,0.54,866,4740.0
0.024,20.0,0.61,988,4225.0
0.023,24.0,0.51,1143,5651.0
0.024,27.0,0.53,1013,4255.0
0.025,23.0,0.53,1108,5826.0
0.027,28.0,0.56,884,5799.0
0.027,27.0,0.64,882,5832.0
0.011,29.0,0.61,1159,4010.0
0.012,27.0,0.56,1122,4064.0
0.009,27.0,0.52,983,4846.0
0.01,29.0,0.56,1183,4900.0
0.01,20.0,0.6,1190,4981.0
0.015,23.0,0.51,1018,5064.0
0.007,28.0,0.52,1175,4034.0
0.008,21.0,0.54,860,4053.0
0.026,29.0,0.69,1137,4537.0
0.028,27.0,0.58,1117,5752.0
0.029,25.0,0.49,1188,5580.0
0.006,21.0,0.58,950,4095.0
0.019,27.0,0.6,894,5591.0
0.025,21.0,0.64,1015,5128.0
0.023,28.0,0.51,913,4203.0
0.015,24.0,0.46,1038,5852.0
0.027,20.0,0.65,1113,4664.0
0.005,28.0,0.48,1135,4614.0
0.009,24.0,0.43,947,5202.0
0.025,27.0,0.6,968,5728.0
0.029,21.0,0.57,1001,4124.0
0.028,29.0,0.42,928,4706.0
0.02,22.0,0.51,1110,4822.0
0.024,29.0,0.57,1044,4901.0
0.017,25.0,0.48,1177,4258.0
0.006,29.0,0.62,1146,4283.0
0.023,24.0,0.54,1151,5398.0
0.009,29.0,0.62,946,5496.0
0.023,27.0,0.54,1012,5305.0
0.007,27.0,0.54,823,5271.0
0.01,28.0,0.54,981,4251.0
0.014,23.0,0.56,877,5146.0
0.029,24.0,0.4,1026,4831.0
0.021,24.0,0.46,979,4547.0
0.017,29.0,0.42,840,4753.0
0.022,27.0,0.62,853,4703.0
0.011,29.0,0.51,897,5223.0
0.008,28.0,0.62,945,5501.0
0.028,20.0,0.42,1103,5227.0
0.005,27.0,0.46,1061,4066.0
0.029,23.0,0.62,1062,4299.0
0.021,24.0,0.57,1079,4995.0
0.024,23.0,0.61,906,4643.0
0.027,25.0,0.62,873,4677.0
0.01,22.0,0.69,927,4557.0
0.008,26.0,0.45,899,5918.0
0.009,26.0,0.58,1023,4831.0
0.007,22.0,0.42,1140,4083.0
0.022,22.0,0.62,996,4892.0
0.01,21.0,0.59,1142,4396.0
0.029,27.0,0.63,1079,4886.0
0.006,28.0,0.47,1062,4537.0
0.012,20.0,0.4,840,5017.0
0.03,27.0,0.59,938,5351.0
0.021,27.0,0.63,1017,5868.0
0.016,30.0,0.46,851,5655.0
0.01,28.0,0.63,809,4475.0
0.02,23.0,0.52,1037,4906.0
0.006,24.0,0.69,1188,5638.0
0.011,25.0,0.54,1026,4022.0
0.012,23.0,0.66,1132,4511.0
0.007,21.0,0.41,957,5562.0
0.008,24.0,0.62,1049,5261.0
0.01,25.0,0.46,854,5251.0
0.021,20.0,0.45,1120,5908.0
0.013,23.0,0.62,900,5309.0
0.015,24.0,0.47,887,4596.0
0.008,25.0,0.69,1175,4413.0
0.01,26.0,0.48,926,5477.0
0.006,23.0,0.44,1013,4212.0
0.022,21.0,0.62,934,4553.0
0.007,29.0,0.7,944,5387.0
0.01,23.0,0.51,1055,4633.0
0.021,21.0,0.67,1023,5198.0
0.025,21.0,0.45,953,5171.0
0.016,24.0,0.47,800,5834.0
0.006,26.0,0.58,994,4398.0
0.013,23.0,0.64,1093,5367.0
0.011,21.0,0.5,1160,5159.0
0.018,20.0,0.58,865,4220.0
0.022,28.0,0.69,921,4662.0
0.02,26.0,0.6,1191,5806.0
0.027,30.0,0.42,1061,5457.0
0.021,30.0,0.42,1134,4968.0
0.012,28.0,0.51,970,4082.0
0.007,21.0,0.53,1024,5752.0
0.019,24.0,0.42,1000,4457.0
0.021,24.0,0.59,833,5979.0
0.02,29.0,0.63,1092,5013.0
0.016,26.0,0.42,1128,5475.0
0.019,28.0,0.68,921,5127.0
0.017,29.0,0.7,1082,5070.0
0.012,28.0,0.41,934,4405.0
0.009,22.0,0.69,1123,5044.0
0.026,30.0,0.68,1199,5333.0
0.01,24.0,0.47,907,5483.0
0.027,30.0,0.61,945,5323.0
0.014,27.0,0.5,870,4882.0
0.006,29.0,0.41,1115,5191.0
0.012,23.0,0.57,1097,5900.0
0.018,20.0,0.65,959,5276.0
0.006,29.0,0.51,815,4061.0
0.014,25.0,0.57,992,4827.0
0.016,21.0,0.62,1092,5925.0
0.011,29.0,0.57,915,5794.0
0.005,22.0,0.64,1008,5192.0
0.016,30.0,0.57,912,5286.0
0.013,30.0,0.54,962,5442.0
0.015,27.0,0.53,1147,5139.0
0.016,24.0,0.43,936,4211.0
0.019,21.0,0.69,1025,4153.0
0.024,25.0,0.58,1106,4016.0
0.02,30.0,0.61,943,5278.0
0.015,22.0,0.51,1085,5424.0
0.023,23.0,0.55,880,4141.0
0.006,29.0,0.52,873,5941.0
0.006,29.0,0.42,1103,4581.0
0.014,30.0,0.57,908,5431.0
0.013,21.0,0.44,829,4963.0
0.021,26.0,0.65,869,5557.0
0.014,20.0,0.41,929,4911.0
0.011,26.0,0.61,916,4468.0
0.007,29.0,0.54,1182,4851.0
0.005,23.0,0.52,924,4458.0
0.022,23.0,0.43,976,5757.0
0.024,29.0,0.59,1114,4894.0
0.011,23.0,0.45,908,5626.0
0.029,30.0,0.68,1043,5832.0
0.028,27.0,0.69,907,4576.0
0.008,27.0,0.58,1116,5042.0
0.008,25.0,0.56,1121,5166.0
0.008,21.0,0.51,1095,5377.0
0.016,30.0,0.61,1061,4211.0
0.029,29.0,0.68,1022,5326.0
0.015,27.0,0.45,1108,4503.0
0.017,23.0,0.45,1139,4873.0
0.022,22.0,0.58,876,4771.0
0.028,30.0,0.5,1086,4560.0
0.019,22.0,0.47,869,5873.0
0.029,22.0,0.6,947,5189.0
0.012,30.0,0.47,930,5457.0
0.019,29.0,0.68,1021,4191.0
0.027,25.0,0.66,835,4766.0
0.025,29.0,0.43,1168,5359.0
0.016,23.0,0.69,1107,4345.0
0.019,27.0,0.42,837,5480.0
0.015,21.0,0.56,1049,5390.0
0.026,20.0,0.45,1150,4976.0
0.011,27.0,0.49,1167,5684.0
0.028,29.0,0.51,1013,5904.0
0.023,30.0,0.56,995,4740.0
0.029,21.0,0.56,973,4032.0
0.025,21.0,0.64,1138,5842.0
0.03,25.0,0.45,851,4982.0
0.027,28.0,0.5,1184,5199.0
0.016,26.0,0.43,1068,5798.0
0.007,26.0,0.56,1200,5680.0
0.028,22.0,0.47,1195,5561.0
0.021,20.0,0.48,1098,5073.0
0.023,20.0,0.58,1006,5348.0
0.01,23.0,0.49,866,5299.0
0.027,25.0,0.5,999,4698.0
0.021,22.0,0.5,936,5629.0
0.02,26.0,0.52,1101,5287.0
0.028,27.0,0.4,901,4691.0
0.019,25.0,0.62,880,4013.0
0.021,25.0,0.62,1119,4983.0
0.012,25.0,0.45,948,5640.0
0.029,26.0,0.56,1049,4223.0
0.012,23.0,0.56,1166,4002.0
0.02,29.0,0.52,1113,5288.0
0.008,26.0,0.52,975,5043.0
0.014,28.0,0.62,864,5076.0
0.028,22.0,0.4,1135,4577.0
0.015,23.0,0.44,938,4462.0
0.029,25.0,0.61,903,4431.0
0.026,29.0,0.44,842,5110.0
0.027,22.0,0.47,840,5706.0
0.009,28.0,0.49,815,4645.0
0.007,22.0,0.54,1046,5443.0
0.029,21.0,0.47,1083,5522.0
0.014,29.0,0.66,1076,5702.0
0.009,24.0,0.49,851,5542.0
0.028,25.0,0.48,1025,5036.0
0.019,28.0,0.49,935,5575.0
0.01,24.0,0.6,853,5150.0
0.006,25.0,0.45,988,5499.0
0.027,20.0,0.48,1057,5374.0
0.029,30.0,0.63,1051,5777.0
0.028,29.0,0.67,882,5045.0
0.026,25.0,0.42,960,4041.0
0.007,26.0,0.43,1083,4209.0
0.025,22.0,0.63,992,5560.0
0.016,24.0,0.5,974,4723.0
0.015,21.0,0.47,886,5426.0
0.017,25.0,0.43,1024,5599.0
0.018,24.0,0.47,835,4118.0
0.026,28.0,0.42,1116,5922.0
0.013,26.0,0.45,868,4455.0
0.019,26.0,0.48,1093,5115.0
0.028,23.0,0.7,919,4758.0
0.017,30.0,0.52,885,4788.0
0.027,25.0,0.5,1030,5426.0
0.019,30.0,0.53,947,4985.0
0.03,27.0,0.51,1077,5076.0
0.027,30.0,0.65,1090,4753.0
0.01,21.0,0.55,1058,5426.0
0.013,20.0,0.61,1183,4879.0
0.017,24.0,0.53,909,4640.0
0.006,26.0,0.63,1149,4578.0
0.006,29.0,0.54,862,4728.0
0.016,30.0,0.5,905,5216.0
0.019,20.0,0.51,1040,4068.0
0.017,30.0,0.53,858,4090.0
0.019,26.0,0.55,1098,5733.0
0.008,20.0,0.44,1025,5994.0
0.011,22.0,0.51,1075,5533.0
0.02,30.0,0.51,977,4438.0
0.024,23.0,0.7,944,5611.0
0.006,20.0,0.59,865,4161.0
0.014,27.0,0.52,950,4467.0
0.01,27.0,0.7,997,5359.0
0.023,25.0,0.42,1169,4180.0
0.012,23.0,0.43,1003,4425.0
0.01,22.0,0.62,806,4059.0
0.012,25.0,0.65,885,4464.0
0.008,30.0,0.64,1118,5958.0
0.016,27.0,0.48,852,5695.0
0.011,28.0,0.52,1065,5568.0
0.025,22.0,0.5,958,5323.0
0.022,26.0,0.67,821,5097.0
0.026,25.0,0.45,1139,5677.0
0.025,28.0,0.55,1064,5137.0
0.011,21.0,0.5,857,4291.0
0.007,27.0,0.52,1059,5698.0
0.02,27.0,0.51,1022,5877.0
0.01,26.0,0.55,961,4840.0
0.014,24.0,0.68,989,5479.0
0.009,21.0,0.47,1114,5821.0
0.014,20.0,0.68,1119,4438.0
0.028,21.0,0.63,873,5421.0
0.024,22.0,0.51,872,5242.0
0.011,22.0,0.46,908,4816.0
0.01,30.0,0.6,920,4145.0
0.015,20.0,0.4,978,5156.0
0.021,25.0,0.62,1021,4004.0
0.013,23.0,0.49,984,5846.0
0.03,26.0,0.43,1141,4574.0
0.016,24.0,0.53,1132,4412.0
0.012,29.0,0.59,1089,5653.0
0.017,23.0,0.4,861,4115.0
0.014,22.0,0.67,988,4548.0
0.03,22.0,0.69,809,4424.0
0.02,20.0,0.64,944,4265.0
0.006,22.0,0.49,1082,4911.0
0.024,28.0,0.47,1021,5667.0
0.015,23.0,0.53,948,4156.0
0.017,28.0,0.55,921,5273.0
0.009,26.0,0.44,804,4199.0
0.007,27.0,0.64,924,4930.0
0.023,29.0,0.61,890,5395.0
0.017,20.0,0.67,1177,4106.0
0.014,30.0,0.7,900,4398.0
0.017,24.0,0.63,1135,4403.0
0.019,22.0,0.42,810,5321.0
0.018,23.0,0.66,1033,5980.0
0.008,21.0,0.49,955,5037.0
0.013,23.0,0.46,1160,5206.0
0.019,25.0,0.58,820,5338.0
0.009,28.0,0.5,919,5826.0
0.006,26.0,0.57,963,4404.0
0.011,22.0,0.43,868,5286.0
0.02,30.0,0.67,970,5478.0
0.028,20.0,0.61,946,4357.0
0.015,27.0,0.53,892,5649.0
0.017,26.0,0.4,970,4548.0
0.011,23.0,0.48,833,5331.0
0.019,27.0,0.57,1105,4640.0
0.03,21.0,0.48,1185,4654.0
0.024,29.0,0.56,1031,4016.0
0.016,27.0,0.58,1075,5637.0
0.022,26.0,0.41,893,4205.0
0.023,21.0,0.47,1064,5698.0
0.016,27.0,0.68,1050,5781.0
0.008,27.0,0.65,835,4300.0
0.024,23.0,0.66,904,5259.0
0.013,23.0,0.44,1051,4558.0
0.016,22.0,0.64,977,4900.0
0.023,23.0,0.7,1091,5041.0
0.017,30.0,0.43,1197,5756.0
0.016,26.0,0.61,1190,5616.0
0.019,20.0,0.63,1030,5510.0
0.024,29.0,0.45,1044,4395.0
0.025,25.0,0.69,1173,4277.0
0.025,28.0,0.66,938,4977.0
0.025,29.0,0.54,942,4694.0
0.028,25.0,0.5,1146,5163.0
0.015,22.0,0.59,874,4640.0
0.013,28.0,0.47,1129,5770.0
0.021,24.0,0.59,1158,5804.0
0.019,22.0,0.65,1137,4621.0
0.02,22.0,0.68,964,5798.0
0.023,27.0,0.62,894,4727.0
0.007,26.0,0.4,1042,5049.0
0.005,20.0,0.56,948,5843.0
0.023,25.0,0.62,806,4936.0
0.029,22.0,0.65,938,4519.0
0.028,21.0,0.63,960,5031.0
0.018,21.0,0.45,1102,5243.0
0.006,28.0,0.49,929,5990.0
0.007,21.0,0.49,1116,4186.0
0.018,25.0,0.46,931,5797.0
0.005,22.0,0.57,980,4104.0
0.017,22.0,0.4,947,4878.0
0.026,27.0,0.61,1077,4391.0
0.029,29.0,0.48,1079,5478.0
0.017,26.0,0.57,1069,4920.0
0.024,20.0,0.49,964,4450.0
0.023,20.0,0.6,992,5877.0
0.02,30.0,0.46,1132,4045.0
0.022,25.0,0.43,1159,4492.0
0.019,26.0,0.65,953,5932.0
0.008,25.0,0.41,866,4502.0
0.013,23.0,0.56,1022,5520.0
0.028,25.0,0.55,875,4238.0
0.008,27.0,0.55,821,4502.0
0.017,23.0,0.47,921,5101.0
0.015,30.0,0.6,955,4251.0
0.028,22.0,0.61,826,4772.0
0.022,22.0,0.63,1114,4178.0
0.018,22.0,0.49,884,4694.0
0.027,24.0,0.58,1002,5411.0
0.008,20.0,0.63,1008,4372.0
0.027,23.0,0.6,1053,4850.0
0.02,27.0,0.58,821,5724.0
0.029,24.0,0.41,855,5712.0
0.016,25.0,0.7,1159,4602.0
0.027,29.0,0.4,1156,5022.0
0.017,26.0,0.53,1188,5588.0
0.022,29.0,0.43,1186,5679.0
0.029,22.0,0.56,1065,4222.0
0.027,25.0,0.56,946,4543.0
0.023,27.0,0.68,940,5251.0
0.024,21.0,0.66,900,5339.0
0.022,28.0,0.68,1063,5978.0
0.025,22.0,0.45,886,4360.0
0.013,24.0,0.57,976,5038.0
0.027,29.0,0.56,810,4440.0
0.022,27.0,0.46,801,5828.0
0.027,28.0,0.56,957,5762.0
0.009,30.0,0.48,1029,5814.0
0.011,20.0,0.63,1150,5810.0
0.017,28.0,0.7,1153,4474.0
0.006,28.0,0.68,1094,4985.0
0.013,26.0,0.54,998,4998.0
0.027,23.0,0.67,1001,5081.0
0.016,24.0,0.41,1176,5254.0
0.02,20.0,0.69,910,5105.0
0.024,27.0,0.43,966,5806.0
0.019,24.0,0.51,1015,5543.0
0.012,27.0,0.42,1068,5154.0
0.015,22.0,0.45,948,4344.0
0.025,23.0,0.41,853,5016.0
0.013,25.0,0.43,972,4816.0
0.015,22.0,0.68,1100,4700.0
0.021,25.0,0.51,1170,5653.0
0.017,30.0,0.61,1061,4218.0
0.016,27.0,0.54,913,5907.0
0.016,27.0,0.42,1061,5498.0
0.027,25.0,0.69,1009,4319.0
0.029,29.0,0.5,815,4830.0
0.022,21.0,0.61,1137,5204.0
0.019,23.0,0.67,1088,4685.0
0.025,29.0,0.45,958,4328.0
0.021,26.0,0.42,959,4869.0
0.029,28.0,0.63,1032,5632.0
0.007,28.0,0.63,1105,5187.0
0.02,30.0,0.48,1052,4114.0
0.006,24.0,0.41,872,5060.0
0.027,24.0,0.46,1064,4130.0
0.026,28.0,0.4,963,4461.0
0.015,24.0,0.68,912,5080.0
0.006,28.0,0.58,961,4241.0
0.015,20.0,0.5,835,4686.0
0.019,24.0,0.48,950,4844.0
0.011,24.0,0.68,811,4357.0
0.022,20.0,0.54,994,4932.0
0.005,27.0,0.68,855,4763.0
0.025,22.0,0.4,985,4153.0
0.015,30.0,0.43,1009,4984.0
0.013,24.0,0.5,809,4870.0
0.026,22.0,0.67,801,5828.0
0.029,29.0,0.67,1110,5591.0
0.012,26.0,0.59,1185,5812.0
0.022,25.0,0.45,1114,5710.0
0.024,24.0,0.55,1024,4958.0
0.019,28.0,0.68,1018,4110.0
0.019,23.0,0.42,876,4342.0
0.013,23.0,0.69,810,4200.0
0.027,23.0,0.65,1104,5896.0
0.006,28.0,0.42,1190,4611.0
0.007,28.0,0.4,988,5843.0
0.021,21.0,0.51,942,4514.0
0.026,24.0,0.61,898,4824.0
0.019,27.0,0.53,1002,4465.0
0.008,27.0,0.53,801,4252.0
0.01,24.0,0.4,1031,4083.0
0.01,21.0,0.45,987,4869.0
0.028,26.0,0.7,1153,5319.0
0.011,25.0,0.43,1146,4719.0
0.01,21.0,0.46,1027,4003.0
0.018,26.0,0.55,977,4315.0
0.03,25.0,0.41,801,4336.0
0.018,23.0,0.52,964,5432.0
0.018,22.0,0.42,1110,4290.0
0.026,28.0,0.66,1068,4280.0
0.027,29.0,0.49,1074,4865.0
0.026,30.0,0.49,1074,5177.0
0.006,30.0,0.7,1182,5995.0
0.006,22.0,0.61,1085,4358.0
0.023,24.0,0.55,947,4891.0
0.021,26.0,0.47,1109,5692.0
0.014,23.0,0.64,960,4487.0
0.02,21.0,0.62,962,4442.0
0.015,26.0,0.4,1045,4646.0
0.006,23.0,0.45,905,4690.0
0.025,27.0,0.48,1139,5805.0
0.012,30.0,0.66,823,5915.0
0.014,22.0,0.54,831,4135.0
0.006,26.0,0.45,898,5335.0
0.018,20.0,0.7,861,4230.0
0.016,26.0,0.65,1012,5011.0
0.027,24.0,0.44,818,5894.0
0.025,24.0,0.43,910,5671.0
0.007,22.0,0.7,1063,5756.0
0.014,28.0,0.52,911,4192.0
0.005,24.0,0.4,980,4882.0
0.015,21.0,0.49,844,5073.0
0.016,27.0,0.47,1021,5637.0
0.007,24.0,0.48,924,4772.0
0.025,24.0,0.44,962,4780.0
0.008,20.0,0.55,997,5462.0
0.016,27.0,0.69,1145,4478.0
0.022,26.0,0.49,1056,5938.0
0.015,26.0,0.62,1113,4430.0
0.012,29.0,0.53,951,4581.0
0.008,30.0,0.64,1198,5425.0
0.017,20.0,0.64,1156,4270.0
0.006,28.0,0.57,1004,5094.0
0.022,24.0,0.47,1192,4726.0
0.006,26.0,0.6,911,5277.0
0.019,22.0,0.65,938,4479.0
0.018,27.0,0.58,895,4136.0
0.019,25.0,0.64,861,5365.0
0.026,20.0,0.62,1177,4803.0
0.007,20.0,0.57,912,5998.0
0.02,28.0,0.5,1150,5921.0
0.027,23.0,0.55,884,5098.0
0.01,28.0,0.47,1135,4048.0
0.013,28.0,0.57,855,5439.0
0.019,29.0,0.61,1110,5645.0
0.025,27.0,0.65,1132,5506.0
0.025,22.0,0.43,1149,4349.0
0.011,26.0,0.51,1159,4392.0
0.011,25.0,0.62,826,4886.0
0.01,30.0,0.47,911,5125.0
0.017,29.0,0.59,919,5283.0
0.012,23.0,0.46,1140,5632.0
0.014,30.0,0.7,1022,5003.0
0.029,26.0,0.45,1104,4391.0
0.026,28.0,0.66,866,4903.0
0.015,25.0,0.56,829,5810.0
0.018,22.0,0.46,1064,5542.0
0.012,28.0,0.63,1114,4969.0
0.013,27.0,0.63,885,4768.0
0.013,27.0,0.64,926,4403.0
0.029,21.0,0.57,1034,5901.0
0.008,28.0,0.69,1045,4499.0
0.022,30.0,0.46,837,4282.0
0.029,22.0,0.58,846,5272.0
0.022,24.0,0.57,968,4896.0
0.028,24.0,0.49,1105,5647.0
0.029,26.0,0.44,1117,4900.0
0.024,27.0,0.56,973,4079.0
0.023,28.0,0.66,1192,5930.0
0.029,23.0,0.42,1128,5091.0
0.03,25.0,0.61,1012,5893.0
0.006,23.0,0.53,1127,4011.0
0.006,25.0,0.48,1133,4815.0
0.009,25.0,0.55,876,4601.0
0.018,21.0,0.5,946,5920.0
0.006,23.0,0.64,843,4623.0
0.022,26.0,0.62,864,4130.0
0.006,23.0,0.64,844,4613.0
0.011,30.0,0.59,893,5949.0
0.009,25.0,0.46,1160,5500.0
0.025,20.0,0.59,1063,4449.0
0.03,27.0,0.46,869,5491.0
0.022,27.0,0.44,1068,5484.0
0.024,25.0,0.61,952,5907.0
0.011,22.0,0.61,866,4275.0
0.026,23.0,0.65,1028,4201.0
0.01,27.0,0.56,1127,4294.0
0.025,25.0,0.56,958,4525.0
0.016,20.0,0.46,818,4258.0
0.028,26.0,0.46,1009,4865.0
0.025,25.0,0.61,1158,5495.0
0.018,20.0,0.6,1008,4019.0
0.023,24.0,0.45,900,5383.0
0.011,24.0,0.64,1021,4382.0
0.006,29.0,0.52,813,5361.0
0.014,30.0,0.64,1033,4756.0
0.005,21.0,0.45,1091,4204.0
0.027,26.0,0.61,1144,4291.0
0.026,20.0,0.65,1004,5227.0
0.016,23.0,0.61,940,4595.0
0.013,20.0,0.58,972,5821.0
0.02,20.0,0.64,1129,5813.0
0.008,25.0,0.69,1124,4010.0
0.006,26.0,0.41,1165,4079.0
0.01,29.0,0.48,945,4969.0
0.026,22.0,0.45,879,5839.0
0.017,30.0,0.4,1160,5792.0
0.01,29.0,0.55,1177,5058.0
0.025,22.0,0.53,924,4246.0
0.011,26.0,0.55,993,4297.0
0.015,26.0,0.52,867,4278.0
0.016,25.0,0.52,956,5914.0
0.02,25.0,0.45,915,5378.0
0.023,23.0,0.51,963,5437.0
0.025,26.0,0.47,1157,5193.0
0.013,20.0,0.52,982,5521.0
0.028,27.0,0.51,842,5088.0
0.023,25.0,0.46,1141,5707.0
0.01,20.0,0.68,1139,5807.0
0.023,25.0,0.7,1090,4505.0
0.024,27.0,0.57,862,4691.0
0.029,24.0,0.61,1081,4972.0
0.005,29.0,0.67,1044,4685.0
0.022,21.0,0.6,831,5696.0
0.017,20.0,0.55,1087,4041.0
0.024,26.0,0.42,879,4144.0
0.013,20.0,0.6,1010,5638.0
0.023,28.0,0.65,824,5855.0
0.022,28.0,0.63,1043,4136.0
0.024,21.0,0.45,1103,4918.0
0.015,24.0,0.7,1167,5382.0
0.023,25.0,0.69,904,5324.0
0.007,28.0,0.62,940,5504.0
0.014,21.0,0.7,1017,5750.0
0.011,30.0,0.45,886,5910.0
0.029,24.0,0.42,954,5622.0
0.021,26.0,0.44,803,5936.0
0.011,21.0,0.46,1038,4837.0
0.014,29.0,0.5,828,5123.0
0.027,25.0,0.65,1167,5540.0
0.017,21.0,0.61,995,4503.0
0.029,21.0,0.47,1177,5772.0
0.021,21.0,0.58,898,4686.0
0.019,23.0,0.47,1069,4318.0
0.017,21.0,0.61,1077,5159.0
0.017,22.0,0.4,983,5141.0
0.016,20.0,0.7,1035,4007.0
0.027,25.0,0.63,1103,5821.0
0.013,25.0,0.7,1040,4604.0
0.024,29.0,0.66,922,4049.0
0.014,23.0,0.44,845,5627.0
0.022,29.0,0.54,862,5306.0
0.011,27.0,0.7,1121,4778.0
0.02,28.0,0.56,880,4563.0
0.014,28.0,0.68,1027,5799.0
0.021,20.0,0.58,823,5092.0
0.014,25.0,0.51,1048,4960.0
0.022,21.0,0.66,1136,4009.0
0.01,28.0,0.53,1059,4217.0
0.025,26.0,0.58,930,5144.0
0.022,25.0,0.48,893,4936.0
0.026,20.0,0.45,893,5665.0
0.011,22.0,0.57,1064,4238.0
0.023,30.0,0.59,1011,4583.0
0.009,27.0,0.47,983,5718.0
0.02,20.0,0.7,921,4316.0
0.018,24.0,0.46,1052,4567.0
0.024,22.0,0.63,813,4239.0
0.028,22.0,0.65,1018,5632.0
0.012,29.0,0.52,941,4841.0
0.008,28.0,0.63,800,5163.0
0.02,20.0,0.42,1105,5160.0
0.011,24.0,0.55,1125,5434.0
0.014,21.0,0.53,1150,4989.0
0.027,21.0,0.68,1091,4227.0
0.01,24.0,0.54,1019,5367.0
0.011,29.0,0.64,1141,4738.0
0.011,22.0,0.56,1191,5088.0
0.029,20.0,0.68,873,4655.0
0.007,29.0,0.68,884,5814.0
0.012,23.0,0.45,951,5836.0
0.014,26.0,0.5,1158,4046.0
0.016,20.0,0.51,824,4652.0
0.02,27.0,0.67,909,5744.0
0.022,27.0,0.6,1052,5797.0
0.014,21.0,0.44,1142,5248.0
0.014,20.0,0.58,836,5781.0
0.027,23.0,0.66,1124,4911.0
0.024,29.0,0.59,960,4428.0
0.017,23.0,0.63,881,4030.0
0.01,22.0,0.58,1056,5304.0
0.015,28.0,0.4,1018,4426.0
0.023,21.0,0.58,1162,5319.0
0.01,26.0,0.45,1046,4190.0
0.015,21.0,0.43,968,4618.0
0.005,20.0,0.53,1092,5178.0
0.025,20.0,0.54,987,4754.0
0.029,28.0,0.42,1079,4058.0
0.012,20.0,0.69,931,5847.0
0.027,30.0,0.62,1142,5871.0
0.011,28.0,0.42,833,5704.0
0.026,22.0,0.69,886,4898.0
0.019,20.0,0.56,1068,5555.0
0.007,23.0,0.5,1082,5765.0
0.024,29.0,0.52,1046,4632.0
0.013,27.0,0.54,1072,4826.0
0.018,25.0,0.45,973,4946.0
0.009,22.0,0.61,1154,5705.0
0.01,28.0,0.64,1043,4849.0
0.028,24.0,0.55,1023,4744.0
0.007,22.0,0.45,1147,5712.0
0.024,27.0,0.5,942,5330.0
0.014,23.0,0.62,1130,5498.0
0.021,25.0,0.43,1051,4352.0
0.007,28.0,0.59,1065,5030.0
0.007,30.0,0.56,914,5824.0
0.009,30.0,0.65,947,5679.0
0.03,27.0,0.63,969,5544.0
0.014,21.0,0.42,881,4568.0
0.027,29.0,0.64,1178,4705.0
0.016,27.0,0.43,1148,4240.0
0.02,25.0,0.66,1170,5816.0
0.017,30.0,0.59,997,4822.0
0.022,26.0,0.53,951,5198.0
0.008,28.0,0.46,1126,4733.0
0.014,20.0,0.59,1166,4657.0
0.018,29.0,0.53,1023,5018.0
0.011,28.0,0.62,922,4915.0
0.012,20.0,0.41,883,5858.0
0.016,23.0,0.68,927,5155.0
0.026,24.0,0.47,1009,5515.0
0.027,20.0,0.55,1029,4085.0
0.028,26.0,0.49,1139,5095.0
0.023,29.0,0.53,810,4388.0
0.014,21.0,0.69,1000,5022.0
0.011,21.0,0.5,937,5844.0
0.02,28.0,0.49,807,5796.0
0.028,23.0,0.59,1000,5882.0
0.018,27.0,0.45,1005,4004.0
0.025,20.0,0.46,1014,4786.0
0.015,23.0,0.41,1035,4186.0
0.01,27.0,0.46,890,5877.0
0.02,28.0,0.41,1089,4628.0
0.021,28.0,0.62,978,4997.0
0.014,20.0,0.51,819,4787.0
0.019,26.0,0.4,883,4924.0
0.017,24.0,0.55,1169,5619.0
0.023,20.0,0.69,1142,4768.0
0.015,24.0,0.58,876,4150.0
0.026,27.0,0.47,953,5973.0
0.011,29.0,0.52,869,4387.0
0.014,28.0,0.46,1021,5344.0
0.03,22.0,0.54,811,5833.0
0.009,20.0,0.67,980,4326.0
0.017,29.0,0.68,1183,5411.0
0.018,29.3,51.7,2115,4991.0
0.018,29.3,52.3,1958,4991.0
0.018,29.3,52.5,1990,4991.0
0.018,29.3,49.7,2015,4991.0
0.018,29.2,51.4,2112,4991.0
0.018,29.2,54.3,2050,4991.0
0.018,29.2,53.5,2075,4991.0
0.018,29.2,51.7,2047,4991.0
0.018,29.2,50.6,2015,4991.0
0.018,29.2,50.7,2063,4991.0
0.018,29.1,53.1,2065,4991.0
0.018,29.1,54.1,2050,4991.0
0.018,29.1,51.9,2022,4991.0
0.018,29.1,51.1,1967,4991.0
0.018,29.1,50.0,1566,4991.0
0.018,29.1,48.8,1479,4991.0
0.018,29.1,50.4,1507,4991.0
0.018,29.0,50.5,1628,4991.0
0.018,29.0,50.9,1715,4991.0
0.018,29.0,50.5,1600,4991.0
0.018,29.0,49.7,1715,4991.0
0.018,29.0,51.0,1719,4991.0
0.018,29.0,48.6,1735,4991.0
0.018,29.0,50.0,1734,4991.0
0.018,29.0,51.5,1731,4991.0
0.018,29.2,53.5,1729,4991.0
0.018,29.3,51.7,1728,4991.0
0.018,29.2,53.1,1726,4991.0
0.018,29.2,50.6,1726,4991.0
0.018,29.0,50.5,1723,4991.0
0.018,29.3,50.7,1723,4991.0
0.018,29.5,48.2,2129,4991.0
0.018,31.0,51.0,2043,4991.0
0.018,31.0,52.4,2271,4991.0
0.018,30.0,48.8,2115,4991.0
0.018,31.0,49.1,2091,4991.0
0.018,31.0,50.9,2169,4991.0
0.018,30.0,47.5,2219,4991.0
0.018,30.0,51.2,2190,4991.0
0.018,30.5,46.1,2089,4991.0
0.018,31.0,48.3,1834,4991.0
0.018,31.5,52.1,1912,4991.0
0.018,32.0,49.9,2045,4991.0
0.018,30.0,50.6,1988,4991.0
0.018,29.0,49.8,2009,4991.0
0.018,30.0,50.2,1998,4991.0
0.018,30.5,48.7,1954,4991.0
0.018,29.5,52.7,2122,4991.0
0.018,30.5,51.4,1823,4991.0
0.018,29.0,49.5,2065,4991.0
0.018,29.5,50.7,2202,4991.0
0.018,29.5,49.3,1972,4991.0
0.018,30.0,51.7,2120,4991.0
0.018,30.0,49.6,1804,4991.0
0.018,30.5,48.5,2045,4991.0
0.018,30.5,52.9,2022,4991.0
0.018,32.0,50.8,2012,4991.0
0.018,31.0,47.1,1989,4991.0
0.018,29.5,50.5,1978,4991.0
0.018,28.5,52.3,1890,4991.0
0.018,30.5,51.6,2032,4991.0
0.018,29.3,51.7,2115,4991.0
0.018,29.3,52.3,1958,4991.0
0.018,29.3,52.5,1990,4991.0
0.018,29.3,49.7,2015,4991.0
0.018,29.2,51.4,2112,4991.0
0.018,29.2,54.3,2050,4991.0
0.018,29.2,53.5,2075,4991.0
0.018,29.2,51.7,2047,4991.0
0.018,29.2,50.6,2015,4991.0
0.018,29.2,50.7,2063,4991.0
0.018,29.1,53.1,2065,4991.0
0.018,29.1,54.1,2050,4991.0
0.018,29.1,51.9,2022,4991.0
0.018,29.1,51.1,1967,4991.0
0.018,29.1,50.0,1566,4991.0
0.018,29.1,48.8,1479,4991.0
0.018,29.1,50.4,1507,4991.0
0.018,29.0,50.5,1628,4991.0
0.018,29.0,50.9,1715,4991.0
0.018,29.0,50.5,1600,4991.0
0.018,29.0,49.7,1715,4991.0
0.018,29.0,51.0,1719,4991.0
0.018,29.0,48.6,1735,4991.0
0.018,29.0,50.0,1734,4991.0
0.018,29.0,51.5,1731,4991.0
0.018,29.2,53.5,1729,4991.0
0.018,29.3,51.7,1728,4991.0
0.018,29.2,53.1,1726,4991.0
0.018,29.2,50.6,1726,4991.0
0.018,29.0,50.5,1723,4991.0
0.018,29.3,50.7,1723,4991.0
0.018,29.5,48.2,2129,4991.0
0.018,31.0,51.0,2043,4991.0
0.018,31.0,52.4,2271,4991.0
0.018,30.0,48.8,2115,4991.0
0.018,31.0,49.1,2091,4991.0
0.018,31.0,50.9,2169,4991.0
0.018,30.0,47.5,2219,4991.0
0.018,30.0,51.2,2190,4991.0
0.018,30.5,46.1,2089,4991.0
0.018,31.0,48.3,1834,4991.0
0.018,31.5,52.1,1912,4991.0
0.018,32.0,49.9,2045,4991.0
0.018,30.0,50.6,1988,4991.0
0.018,29.0,49.8,2009,4991.0
0.018,30.0,50.2,1998,4991.0
0.018,30.5,48.7,1954,4991.0
0.018,29.5,52.7,2122,4991.0
0.018,30.5,51.4,1823,4991.0
0.018,29.0,49.5,2065,4991.0
0.018,29.5,50.7,2202,4991.0
0.018,29.5,49.3,1972,4991.0
0.018,30.0,51.7,2120,4991.0
0.018,30.0,49.6,1804,4991.0
0.018,30.5,48.5,2045,4991.0
0.018,30.5,52.9,2022,4991.0
0.018,32.0,50.8,2012,4991.0
0.018,31.0,47.1,1989,4991.0
0.018,29.5,50.5,1978,4991.0
0.018,28.5,52.3,1890,4991.0
0.018,30.5,51.6,2032,4991.0
0.018,29.3,51.7,2115,4991.0
0.018,29.3,52.3,1958,4991.0
0.018,29.3,52.5,1990,4991.0
0.018,29.3,49.7,2015,4991.0
0.018,29.2,51.4,2112,4991.0
0.018,29.2,54.3,2050,4991.0
0.018,29.2,53.5,2075,4991.0
0.018,29.2,51.7,2047,4991.0
0.018,29.2,50.6,2015,4991.0
0.018,29.2,50.7,2063,4991.0
0.018,29.1,53.1,2065,4991.0
0.018,29.1,54.1,2050,4991.0
0.018,29.1,51.9,2022,4991.0
0.018,29.1,51.1,1967,4991.0
0.018,29.1,50.0,1566,4991.0
0.018,29.1,48.8,1479,4991.0
0.018,29.1,50.4,1507,4991.0
0.018,29.0,50.5,1628,4991.0
0.018,29.0,50.9,1715,4991.0
0.018,29.0,50.5,1600,4991.0
0.018,29.0,49.7,1715,4991.0
0.018,29.0,51.0,1719,4991.0
0.018,29.0,48.6,1735,4991.0
0.018,29.0,50.0,1734,4991.0
0.018,29.0,51.5,1731,4991.0
0.018,29.2,53.5,1729,4991.0
0.018,29.3,51.7,1728,4991.0
0.018,29.2,53.1,1726,4991.0
0.018,29.2,50.6,1726,4991.0
0.018,29.0,50.5,1723,4991.0
0.018,29.3,50.7,1723,4991.0
0.018,29.5,48.2,2129,4991.0
0.018,31.0,51.0,2043,4991.0
0.018,31.0,52.4,2271,4991.0
0.018,30.0,48.8,2115,4991.0
0.018,31.0,49.1,2091,4991.0
0.018,31.0,50.9,2169,4991.0
0.018,30.0,47.5,2219,4991.0
0.018,30.0,51.2,2190,4991.0
0.018,30.5,46.1,2089,4991.0
0.018,31.0,48.3,1834,4991.0
0.018,31.5,52.1,1912,4991.0
0.018,32.0,49.9,2045,4991.0
0.018,30.0,50.6,1988,4991.0
0.018,29.0,49.8,2009,4991.0
0.018,30.0,50.2,1998,4991.0
0.018,30.5,48.7,1954,4991.0
0.018,29.5,52.7,2122,4991.0
0.018,30.5,51.4,1823,4991.0
0.018,29.0,49.5,2065,4991.0
0.018,29.5,50.7,2202,4991.0
0.018,29.5,49.3,1972,4991.0
0.018,30.0,51.7,2120,4991.0
0.018,30.0,49.6,1804,4991.0
0.018,30.5,48.5,2045,4991.0
0.018,30.5,52.9,2022,4991.0
0.018,32.0,50.8,2012,4991.0
0.018,31.0,47.1,1989,4991.0
0.018,29.5,50.5,1978,4991.0
0.018,28.5,52.3,1890,4991.0
0.018,30.5,51.6,2032,4991.0
0.018,29.3,51.7,2115,4991.0
0.018,29.3,52.3,1958,4991.0
0.018,29.3,52.5,1990,4991.0
0.018,29.3,49.7,2015,4991.0
0.018,29.2,51.4,2112,4991.0
0.018,29.2,54.3,2050,4991.0
0.018,29.2,53.5,2075,4991.0
0.018,29.2,51.7,2047,4991.0
0.018,29.2,50.6,2015,4991.0
0.018,29.2,50.7,2063,4991.0
0.018,29.1,53.1,2065,4991.0
0.018,29.1,54.1,2050,4991.0
0.018,29.1,51.9,2022,4991.0
0.018,29.1,51.1,1967,4991.0
0.018,29.1,50.0,1566,4991.0
0.018,29.1,48.8,1479,4991.0
0.018,29.1,50.4,1507,4991.0
0.018,29.0,50.5,1628,4991.0
0.018,29.0,50.9,1715,4991.0
0.018,29.0,50.5,1600,4991.0
0.018,29.0,49.7,1715,4991.0
0.018,29.0,51.0,1719,4991.0
0.018,29.0,48.6,1735,4991.0
0.018,29.0,50.0,1734,4991.0
0.018,29.0,51.5,1731,4991.0
0.018,29.2,53.5,1729,4991.0
0.018,29.3,51.7,1728,4991.0
0.018,29.2,53.1,1726,4991.0
0.018,29.2,50.6,1726,4991.0
0.018,29.0,50.5,1723,4991.0
0.018,29.3,50.7,1723,4991.0
0.018,29.5,48.2,2129,4991.0
0.018,31.0,51.0,2043,4991.0
0.018,31.0,52.4,2271,4991.0
0.018,30.0,48.8,2115,4991.0
0.018,31.0,49.1,2091,4991.0
0.018,31.0,50.9,2169,4991.0
0.018,30.0,47.5,2219,4991.0
0.018,30.0,51.2,2190,4991.0
0.018,30.5,46.1,2089,4991.0
0.018,31.0,48.3,1834,4991.0
0.018,31.5,52.1,1912,4991.0
0.018,32.0,49.9,2045,4991.0
0.018,30.0,50.6,1988,4991.0
0.018,29.0,49.8,2009,4991.0
0.018,30.0,50.2,1998,4991.0
0.018,30.5,48.7,1954,4991.0
0.018,29.5,52.7,2122,4991.0
0.018,30.5,51.4,1823,4991.0
0.018,29.0,49.5,2065,4991.0
0.018,29.5,50.7,2202,4991.0
0.018,29.5,49.3,1972,4991.0
0.018,30.0,51.7,2120,4991.0
0.018,30.0,49.6,1804,4991.0
0.018,30.5,48.5,2045,4991.0
0.018,30.5,52.9,2022,4991.0
0.018,32.0,50.8,2012,4991.0
0.018,31.0,47.1,1989,4991.0
0.018,29.5,50.5,1978,4991.0
0.018,28.5,52.3,1890,4991.0
0.018,30.5,51.6,2032,4991.0
0.018,29.3,51.7,2115,4991.0
0.018,29.3,52.3,1958,4991.0
0.018,29.3,52.5,1990,4991.0
0.018,29.3,49.7,2015,4991.0
0.018,29.2,51.4,2112,4991.0
0.018,29.2,54.3,2050,4991.0
0.018,29.2,53.5,2075,4991.0
0.018,29.2,51.7,2047,4991.0
0.018,29.2,50.6,2015,4991.0
0.018,29.2,50.7,2063,4991.0
0.018,29.1,53.1,2065,4991.0
0.018,29.1,54.1,2050,4991.0
0.018,29.1,51.9,2022,4991.0
0.018,29.1,51.1,1967,4991.0
0.018,29.1,50.0,1566,4991.0
0.018,29.1,48.8,1479,4991.0
0.018,29.1,50.4,1507,4991.0
0.018,29.0,50.5,1628,4991.0
0.018,29.0,50.9,1715,4991.0
0.018,29.0,50.5,1600,4991.0
0.018,29.0,49.7,1715,4991.0
0.018,29.0,51.0,1719,4991.0
0.018,29.0,48.6,1735,4991.0
0.018,29.0,50.0,1734,4991.0
0.018,29.0,51.5,1731,4991.0
0.018,29.2,53.5,1729,4991.0
0.018,29.3,51.7,1728,4991.0
0.018,29.2,53.1,1726,4991.0
0.018,29.2,50.6,1726,4991.0
0.018,29.0,50.5,1723,4991.0
0.018,29.3,50.7,1723,4991.0
0.018,29.5,48.2,2129,4991.0
0.018,31.0,51.0,2043,4991.0
0.018,31.0,52.4,2271,4991.0
0.018,30.0,48.8,2115,4991.0
0.018,31.0,49.1,2091,4991.0
0.018,31.0,50.9,2169,4991.0
0.018,30.0,47.5,2219,4991.0
0.018,30.0,51.2,2190,4991.0
0.018,30.5,46.1,2089,4991.0
0.018,31.0,48.3,1834,4991.0
0.018,31.5,52.1,1912,4991.0
0.018,32.0,49.9,2045,4991.0
0.018,30.0,50.6,1988,4991.0
0.018,29.0,49.8,2009,4991.0
0.018,30.0,50.2,1998,4991.0
0.018,30.5,48.7,1954,4991.0
0.018,29.5,52.7,2122,4991.0
0.018,30.5,51.4,1823,4991.0
0.018,29.0,49.5,2065,4991.0
0.018,29.5,50.7,2202,4991.0
0.018,29.5,49.3,1972,4991.0
0.018,30.0,51.7,2120,4991.0
0.018,30.0,49.6,1804,4991.0
0.018,30.5,48.5,2045,4991.0
0.018,30.5,52.9,2022,4991.0
0.018,32.0,50.8,2012,4991.0
0.018,31.0,47.1,1989,4991.0
0.018,29.5,50.5,1978,4991.0
0.018,28.5,52.3,1890,4991.0
0.018,30.5,51.6,2032,4991.0
0.018,29.3,51.7,2115,4991.0
0.018,29.3,52.3,1958,4991.0
0.018,29.3,52.5,1990,4991.0
0.018,29.3,49.7,2015,4991.0
0.018,29.2,51.4,2112,4991.0
0.018,29.2,54.3,2050,4991.0
0.018,29.2,53.5,2075,4991.0
0.018,29.2,51.7,2047,4991.0
0.018,29.2,50.6,2015,4991.0
0.018,29.2,50.7,2063,4991.0
0.018,29.1,53.1,2065,4991.0
0.018,29.1,54.1,2050,4991.0
0.018,29.1,51.9,2022,4991.0
0.018,29.1,51.1,1967,4991.0
0.018,29.1,50.0,1566,4991.0
0.018,29.1,48.8,1479,4991.0
0.018,29.1,50.4,1507,4991.0
0.018,29.0,50.5,1628,4991.0
0.018,29.0,50.9,1715,4991.0
0.018,29.0,50.5,1600,4991.0
0.018,29.0,49.7,1715,4991.0
0.018,29.0,51.0,1719,4991.0
0.018,29.0,48.6,1735,4991.0
0.018,29.0,50.0,1734,4991.0
0.018,29.0,51.5,1731,4991.0
0.018,29.2,53.5,1729,4991.0
0.018,29.3,51.7,1728,4991.0
0.018,29.2,53.1,1726,4991.0
0.018,29.2,50.6,1726,4991.0
0.018,29.0,50.5,1723,4991.0
0.018,29.3,50.7,1723,4991.0
0.018,29.5,48.2,2129,4991.0
0.018,31.0,51.0,2043,4991.0
0.018,31.0,52.4,2271,4991.0
0.018,30.0,48.8,2115,4991.0
0.018,31.0,49.1,2091,4991.0
0.018,31.0,50.9,2169,4991.0
0.018,30.0,47.5,2219,4991.0
0.018,30.0,51.2,2190,4991.0
0.018,30.5,46.1,2089,4991.0
0.018,31.0,48.3,1834,4991.0
0.018,31.5,52.1,1912,4991.0
0.018,32.0,49.9,2045,4991.0
0.018,30.0,50.6,1988,4991.0
0.018,29.0,49.8,2009,4991.0
0.018,30.0,50.2,1998,4991.0
0.018,30.5,48.7,1954,4991.0
0.018,29.5,52.7,2122,4991.0
0.018,30.5,51.4,1823,4991.0
0.018,29.0,49.5,2065,4991.0
0.018,29.5,50.7,2202,4991.0
0.018,29.5,49.3,1972,4991.0
0.018,30.0,51.7,2120,4991.0
0.018,30.0,49.6,1804,4991.0
0.018,30.5,48.5,2045,4991.0
0.018,30.5,52.9,2022,4991.0
0.018,32.0,50.8,2012,4991.0
0.018,31.0,47.1,1989,4991.0
0.018,29.5,50.5,1978,4991.0
0.018,28.5,52.3,1890,4991.0
0.018,30.5,51.6,2032,4991.0
0.018,29.3,51.7,2115,4991.0
0.018,29.3,52.3,1958,4991.0
0.018,29.3,52.5,1990,4991.0
0.018,29.3,49.7,2015,4991.0
0.018,29.2,51.4,2112,4991.0
0.018,29.2,54.3,2050,4991.0
0.018,29.2,53.5,2075,4991.0
0.018,29.2,51.7,2047,4991.0
0.018,29.2,50.6,2015,4991.0
0.018,29.2,50.7,2063,4991.0
0.018,29.1,53.1,2065,4991.0
0.018,29.1,54.1,2050,4991.0
0.018,29.1,51.9,2022,4991.0
0.018,29.1,51.1,1967,4991.0
0.018,29.1,50.0,1566,4991.0
0.018,29.1,48.8,1479,4991.0
0.018,29.1,50.4,1507,4991.0
0.018,29.0,50.5,1628,4991.0
0.018,29.0,50.9,1715,4991.0
0.018,29.0,50.5,1600,4991.0
0.018,29.0,49.7,1715,4991.0
0.018,29.0,51.0,1719,4991.0
0.018,29.0,48.6,1735,4991.0
0.018,29.0,50.0,1734,4991.0
0.018,29.0,51.5,1731,4991.0
0.018,29.2,53.5,1729,4991.0
0.018,29.3,51.7,1728,4991.0
0.018,29.2,53.1,1726,4991.0
0.018,29.2,50.6,1726,4991.0
0.018,29.0,50.5,1723,4991.0
0.018,29.3,50.7,1723,4991.0
0.018,29.5,48.2,2129,4991.0
0.018,31.0,51.0,2043,4991.0
0.018,31.0,52.4,2271,4991.0
0.018,30.0,48.8,2115,4991.0
0.018,31.0,49.1,2091,4991.0
0.018,31.0,50.9,2169,4991.0
0.018,30.0,47.5,2219,4991.0
0.018,30.0,51.2,2190,4991.0
0.018,30.5,46.1,2089,4991.0
0.018,31.0,48.3,1834,4991.0
0.018,31.5,52.1,1912,4991.0
0.018,32.0,49.9,2045,4991.0
0.018,30.0,50.6,1988,4991.0
0.018,29.0,49.8,2009,4991.0
0.018,30.0,50.2,1998,4991.0
0.018,30.5,48.7,1954,4991.0
0.018,29.5,52.7,2122,4991.0
0.018,30.5,51.4,1823,4991.0
0.018,29.0,49.5,2065,4991.0
0.018,29.5,50.7,2202,4991.0
0.018,29.5,49.3,1972,4991.0
0.018,30.0,51.7,2120,4991.0
0.018,30.0,49.6,1804,4991.0
0.018,30.5,48.5,2045,4991.0
0.018,30.5,52.9,2022,4991.0
0.018,32.0,50.8,2012,4991.0
0.018,31.0,47.1,1989,4991.0
0.018,29.5,50.5,1978,4991.0
0.018,28.5,52.3,1890,4991.0
0.018,30.5,51.6,2032,4991.0
0.018,29.3,51.7,2115,4991.0
0.018,29.3,52.3,1958,4991.0
0.018,29.3,52.5,1990,4991.0
0.018,29.3,49.7,2015,4991.0
0.018,29.2,51.4,2112,4991.0
0.018,29.2,54.3,2050,4991.0
0.018,29.2,53.5,2075,4991.0
0.018,29.2,51.7,2047,4991.0
0.018,29.2,50.6,2015,4991.0
0.018,29.2,50.7,2063,4991.0
0.018,29.1,53.1,2065,4991.0
0.018,29.1,54.1,2050,4991.0
0.018,29.1,51.9,2022,4991.0
0.018,29.1,51.1,1967,4991.0
0.018,29.1,50.0,1566,4991.0
0.018,29.1,48.8,1479,4991.0
0.018,29.1,50.4,1507,4991.0
0.018,29.0,50.5,1628,4991.0
0.018,29.0,50.9,1715,4991.0
0.018,29.0,50.5,1600,4991.0
0.018,29.0,49.7,1715,4991.0
0.018,29.0,51.0,1719,4991.0
0.018,29.0,48.6,1735,4991.0
0.018,29.0,50.0,1734,4991.0
0.018,29.0,51.5,1731,4991.0
0.018,29.2,53.5,1729,4991.0
0.018,29.3,51.7,1728,4991.0
0.018,29.2,53.1,1726,4991.0
0.018,29.2,50.6,1726,4991.0
0.018,29.0,50.5,1723,4991.0
0.018,29.3,50.7,1723,4991.0
0.018,29.5,48.2,2129,4991.0
0.018,31.0,51.0,2043,4991.0
0.018,31.0,52.4,2271,4991.0
0.018,30.0,48.8,2115,4991.0
0.018,31.0,49.1,2091,4991.0
0.018,31.0,50.9,2169,4991.0
0.018,30.0,47.5,2219,4991.0
0.018,30.0,51.2,2190,4991.0
0.018,30.5,46.1,2089,4991.0
0.018,31.0,48.3,1834,4991.0
0.018,31.5,52.1,1912,4991.0
0.018,32.0,49.9,2045,4991.0
0.018,30.0,50.6,1988,4991.0
0.018,29.0,49.8,2009,4991.0
0.018,30.0,50.2,1998,4991.0
0.018,30.5,48.7,1954,4991.0
0.018,29.5,52.7,2122,4991.0
0.018,30.5,51.4,1823,4991.0
0.018,29.0,49.5,2065,4991.0
0.018,29.5,50.7,2202,4991.0
0.018,29.5,49.3,1972,4991.0
0.018,30.0,51.7,2120,4991.0
0.018,30.0,49.6,1804,4991.0
0.0431,27.31,59.65,1368,504.51
0.0431,32.07,57.73,1191,561.98
0.0431,25.96,53.54,946,437.42
0.0431,25.34,50.77,781,553.63
0.0431,26.55,61.41,684,535.32
0.0431,32.62,59.62,545,524.06
0.0431,27.63,57.21,610,516.21
0.0431,29.98,55.79,600,504.66
0.0431,24.78,50.84,570,579.91
0.0431,26.29,58.65,581,533.28
0.0431,28.84,56.84,497,536.62
0.0431,24.69,56.82,482,581.18
0.0431,28.67,61.29,483,493.05
0.0431,26.86,71.56,367,485.42
0.0431,27.94,60.35,398,577.07
0.079,27.37,52.62,1375,497.57
0.079,25.95,56.35,1116,561.31
0.079,21.84,69.57,988,485.89
0.079,28.42,52.47,799,607.41
0.079,28.72,68.63,679,461.92
0.079,26.05,59.78,616,467.92
0.079,29.35,76.24,563,557.9
0.079,28.68,49.22,531,556.74
0.079,28.23,55.01,567,476.38
0.079,26.96,70.27,616,443.18
0.079,26.68,57.69,489,478.22
0.079,23.51,63.09,505,482.94
0.079,31.41,60.31,494,494.35
0.079,31.58,65.1,358,503.57
0.079,29.97,48.14,393,591.47
0.0472,26.97,62.81,1341,523.68
0.0472,27.21,60.34,1133,570.63
0.0472,18.18,54.98,959,493.65
0.0472,28.49,52.25,793,497.42
0.0472,27.07,52.34,685,605.53
0.0472,26.53,54.99,599,559.22
0.0472,24.79,58.08,618,548.07
0.0472,25.51,50.52,566,486.24
0.0472,25.05,58.78,564,450.36
0.0472,26.23,57.94,587,575.56
0.0472,30.31,56.57,488,551.87
0.0472,28.24,58.11,470,479.69
0.0472,29.38,58.46,483,432.48
0.0472,26.43,58.92,385,555.22
0.0472,22.23,57.67,387,531.77
0.0769,28.72,58.71,1337,583.01
0.0769,25.06,50.56,1173,586.74
0.0769,27.47,69.39,1002,519.67
0.0769,28.42,60.96,775,510.59
0.0769,25.24,56.96,636,562.67
0.0769,26.63,59.17,594,509.76
0.0769,31.01,61.57,603,483.59
0.0769,32.79,57.47,561,442.18
0.0769,26.43,43.79,556,464.85
0.0769,28.73,58.81,581,483.15
0.0769,32.64,62.22,481,481.64
0.0769,25.17,53.33,467,507.91
0.0769,24.89,63.67,481,532.04
0.0769,26.17,54.25,371,513.06
0.0769,26.84,55.42,399,509.95
0.0664,24.92,61.21,1313,562.41
0.0664,20.01,54.39,1139,494.36
0.0664,28.7,69.41,936,520.19
0.0664,26.14,49.88,799,523.87
0.0664,24.91,58.57,672,495.13
0.0664,27.48,50.92,591,536.84
0.0664,24.52,64.43,590,502.76
0.0664,25.39,54.59,559,495.4
0.0664,28.91,64.13,591,565.54
0.0664,26.59,50.28,586,539.12
0.0664,26.22,52.87,487,572.53
0.0664,27.44,52.74,474,583.99
0.0664,26.38,51.73,473,468.7
0.0664,31.19,53.52,397,572.96
0.0664,25.78,59.53,419,482.25
0.0424,29.0,52.64,1299,544.62
0.0424,28.42,46.35,1237,493.36
0.0424,26.54,49.52,979,546.32
0.0424,29.33,61.65,750,571.86
0.0424,25.16,54.75,676,491.5
0.0424,26.7,55.01,575,532.06
0.0424,25.61,65.04,583,563.24
0.0424,26.07,62.59,608,533.52
0.0424,31.76,56.32,552,448.77
0.0424,28.16,50.94,542,586.34
0.0424,27.57,64.75,495,544.91
0.0424,25.85,57.22,485,549.11
0.0424,29.01,49.69,491,535.43
0.0424,23.69,66.64,397,514.29
0.0424,28.5,51.72,387,561.24
0.0757,27.81,51.49,1293,486.5
0.0757,24.82,58.87,1142,562.9
0.0757,25.14,62.33,984,548.34
0.0757,27.95,59.33,785,552.96
0.0757,25.86,52.53,706,495.42
0.0757,25.1,43.42,560,569.63
0.0757,27.61,64.34,606,576.52
0.0757,29.05,57.33,602,464.48
0.0757,25.1,53.32,576,469.45
0.0757,27.52,65.22,604,508.75
0.0757,26.55,59.5,473,550.8
0.0757,26.58,62.47,485,474.56
0.0757,28.25,52.01,516,481.94
0.0757,26.91,54.88,353,558.59
0.0757,26.14,51.63,359,506.65
0.0761,28.89,56.22,1345,467.42
0.0761,27.37,55.8,1191,540.57
0.0761,25.56,63.08,920,520.15
0.0761,29.11,53.93,803,529.59
0.0761,27.25,48.0,658,595.0
0.0761,28.42,49.48,585,495.02
0.0761,30.27,61.74,560,483.47
0.0761,23.58,59.23,582,540.69
0.0761,29.36,46.02,587,502.73
0.0761,29.64,62.73,557,540.09
0.0761,25.46,60.74,463,553.65
0.0761,31.54,61.22,475,582.7
0.0761,27.09,60.88,508,430.06
0.0761,29.4,60.29,368,562.13
0.0761,27.17,61.9,395,503.96
0.0403,29.62,59.46,1340,559.34
0.0403,24.98,48.81,1150,537.39
0.0403,26.94,55.08,952,524.61
0.0403,29.23,61.43,743,459.22
0.0403,22.17,57.63,684,534.81
0.0403,24.91,46.87,568,522.72
0.0403,23.36,59.92,557,532.45
0.0403,29.83,50.38,573,508.44
0.0403,28.38,58.74,605,562.2
0.0403,29.68,64.44,592,519.11
0.0403,28.48,55.24,506,517.88
0.0403,26.95,68.91,496,541.43
0.0403,28.57,60.41,488,504.27
0.0403,28.28,64.6,394,537.94
0.0403,26.52,54.68,359,522.54
0.0441,29.39,49.45,1400,505.45
0.0441,25.82,61.14,1155,589.06
0.0441,27.81,54.45,943,484.74
0.0441,24.91,59.82,750,460.75
0.0441,31.78,63.25,718,507.32
0.0441,26.57,63.1,584,590.54
0.0441,24.09,59.67,546,535.02
0.0441,23.7,61.88,549,509.37
0.0441,27.05,56.98,575,499.66
0.0441,21.7,56.34,578,497.58
0.0441,25.07,52.49,492,483.07
0.0441,29.01,60.64,447,541.06
0.0441,21.25,69.22,503,584.81
0.0441,27.05,53.0,371,517.06
0.0441,24.92,67.38,384,484.14
0.0517,23.01,53.03,1369,559.72
0.0517,24.01,62.71,1237,522.17
0.0517,29.53,62.48,916,555.09
0.0517,25.93,42.43,707,539.84
0.0517,26.51,63.01,656,493.04
0.0517,26.34,60.41,574,524.03
0.0517,30.72,63.92,595,518.65
0.0517,24.69,49.19,612,474.93
0.0517,26.21,50.34,559,578.76
0.0517,29.46,67.54,581,572.88
0.0517,27.58,56.8,464,566.02
0.0517,28.65,53.8,462,561.47
0.0517,26.99,57.58,484,483.56
0.0517,27.98,53.33,377,493.0
0.0517,27.13,53.01,388,478.44
0.0473,27.04,59.82,1399,469.65
0.0473,28.55,59.9,1154,521.27
0.0473,27.53,57.76,906,518.74
0.0473,23.83,49.42,757,573.05
0.0473,28.27,61.26,653,461.6
0.0473,26.06,66.8,589,519.57
0.0473,27.94,55.18,606,557.88
0.0473,28.16,60.04,546,468.98
0.0473,33.08,55.93,581,492.35
0.0473,27.05,57.52,557,543.82
0.0473,26.84,63.94,514,519.25
0.0473,31.01,77.98,485,571.26
0.0473,23.28,63.22,484,524.55
0.0473,21.84,56.74,388,514.27
0.0473,23.96,47.86,414,528.5
0.051,25.95,58.14,1357,517.26
0.051,28.94,64.24,1133,527.85
0.051,24.5,53.06,974,534.53
0.051,27.65,62.56,832,478.86
0.051,26.24,49.36,692,519.65
0.051,26.66,62.03,539,539.51
0.051,26.16,63.07,554,444.05
0.051,29.29,48.6,597,487.04
0.051,28.51,45.38,588,521.11
0.051,25.85,41.22,607,539.02
0.051,26.18,58.4,482,549.04
0.051,26.9,61.61,468,517.58
0.051,27.2,60.8,471,552.29
0.051,27.34,63.03,392,482.84
0.051,31.19,54.43,352,511.47
0.0682,28.07,62.75,1324,526.7
0.0682,26.25,61.7,1166,503.23
0.0682,27.24,54.74,950,601.32
0.0682,30.96,66.54,857,493.24
0.0682,25.46,52.81,738,511.17
0.0682,22.68,59.94,539,542.66
0.0682,30.59,57.63,549,448.11
0.0682,28.93,53.41,569,585.22
0.0682,25.6,53.98,613,480.77
0.0682,28.73,61.63,599,497.36
0.0682,23.28,58.45,483,473.0
0.0682,30.35,54.2,450,494.99
0.0682,21.13,58.47,461,502.7
0.0682,24.3,56.49,341,469.53
0.0682,26.84,66.55,358,527.11
0.0776,26.69,53.49,1326,530.22
0.0776,25.62,44.03,1185,465.36
0.0776,32.34,58.66,935,553.32
0.0776,29.91,45.57,731,556.91
0.0776,25.22,59.91,659,455.76
0.0776,24.02,51.1,556,514.09
0.0776,26.84,63.9,569,519.04
0.0776,29.05,46.01,593,535.59
0.0776,27.85,58.87,603,503.75
0.0776,26.95,75.58,582,490.9
0.0776,27.57,56.52,470,497.58
0.0776,28.74,72.75,472,481.96
0.0776,26.53,52.62,492,513.17
0.0776,27.87,70.2,402,454.33
0.0776,28.88,53.35,380,490.18
0.018,26.5,73.0,587,449.0
0.018,27.1,68.0,803,205.0
0.018,28.8,66.0,985,109.0
0.018,31.3,63.0,1081,57.0
0.018,32.4,60.0,1084,53.0
0.018,33.3,57.0,982,89.0
0.018,34.8,54.0,901,151.0
0.018,36.5,50.0,803,95.0
0.018,37.0,44.0,684,83.0
0.018,36.5,46.0,598,210.0
0.018,35.4,52.0,499,245.0
0.018,34.0,52.0,395,93.0
0.018,32.2,56.0,298,46.0
0.018,30.2,61.0,196,40.0
0.018,26.5,70.0,597,450.0
0.018,27.5,72.0,798,194.0
0.018,28.7,66.0,996,90.0
0.018,31.0,64.0,1083,50.0
0.018,31.6,61.0,1096,51.0
0.018,33.9,57.0,992,75.0
0.018,35.4,53.0,891,140.0
0.018,36.1,51.0,802,110.0
0.018,37.3,45.0,687,88.0
0.018,37.2,49.0,596,204.0
0.018,35.2,50.0,500,241.0
0.018,34.2,56.0,389,105.0
0.018,31.4,59.0,298,45.0
0.018,30.1,62.0,200,50.0
0.018,25.9,73.0,595,1443.0
0.018,27.4,72.0,798,199.0
0.018,29.2,66.0,993,108.0
0.018,30.6,61.0,1086,53.0
0.018,32.4,62.0,1100,47.0
0.018,33.3,59.0,996,71.0
0.018,35.4,51.0,885,145.0
0.018,36.9,48.0,790,108.0
0.018,37.4,44.0,687,75.0
0.018,36.4,47.0,593,205.0
0.018,35.6,50.0,498,256.0
0.018,33.8,53.0,391,110.0
0.018,31.8,58.0,306,46.0
0.018,30.1,59.0,200,45.0
0.018,26.5,74.0,593,444.0
0.018,27.4,70.0,798,208.0
0.018,29.4,69.0,986,94.0
0.018,30.6,62.0,1099,42.0
0.018,31.7,61.0,1099,43.0
0.018,33.5,56.0,984,90.0
0.018,35.0,54.0,900,151.0
0.018,36.0,50.0,792,96.0
0.018,37.5,45.0,702,82.0
0.018,36.6,46.0,594,202.0
0.018,35.2,48.0,500,260.0
0.018,33.7,54.0,400,94.0
0.018,31.2,57.0,302,49.0
0.018,29.7,63.0,208,56.0
0.018,26.0,74.0,589,441.0
0.018,27.1,70.0,793,205.0
0.018,29.3,67.0,983,102.0
0.018,31.1,62.0,1095,52.0
0.018,32.4,60.0,1092,47.0
0.018,33.8,55.0,999,80.0
0.018,35.6,55.0,887,146.0
0.018,36.3,50.0,794,97.0
0.018,37.4,47.0,697,86.0
0.018,37.3,48.0,602,204.0
0.018,35.0,49.0,493,243.0
0.018,33.4,53.0,401,109.0
0.018,31.9,56.0,302,50.0
0.018,30.4,62.0,203,54.0
0.018,26.1,70.0,593,444.0
0.018,27.2,72.0,789,202.0
0.018,29.1,65.0,991,98.0
0.018,31.3,64.0,1100,51.0
0.018,32.6,58.0,1082,46.0
0.018,33.4,58.0,995,90.0
0.018,34.9,52.0,885,152.0
0.018,36.2,50.0,785,107.0
0.018,37.5,47.0,691,84.0
0.018,36.3,45.0,592,192.0
0.018,35.1,50.0,494,247.0
0.018,33.5,56.0,394,96.0
0.018,31.7,59.0,294,46.0
0.018,30.5,59.0,204,51.0
0.018,26.0,70.0,594,451.0
0.018,27.7,70.0,791,191.0
0.018,29.0,67.0,986,109.0
0.018,30.8,61.0,1093,43.0
0.018,32.0,60.0,1097,55.0
0.018,33.1,56.0,1000,78.0
0.018,35.6,51.0,899,150.0
0.018,36.4,47.0,795,96.0
0.018,36.8,43.0,697,81.0
0.018,37.2,47.0,598,198.0
0.018,35.3,52.0,489,255.0
0.018,33.9,56.0,400,106.0
0.018,32.0,59.0,303,57.0
0.018,29.8,63.0,189,60.0
0.018,26.7,73.0,589,455.0
0.018,27.7,68.0,788,197.0
0.018,29.4,68.0,995,104.0
0.018,30.3,65.0,1085,41.0
0.018,32.1,61.0,1098,50.0
0.018,33.7,55.0,1001,89.0
0.018,35.4,53.0,893,150.0
0.018,36.8,51.0,791,96.0
0.018,37.3,43.0,689,80.0
0.018,36.6,49.0,594,208.0
0.018,35.0,50.0,493,259.0
0.018,33.4,54.0,395,109.0
0.018,31.2,59.0,297,52.0
0.018,29.9,62.0,203,55.0
0.018,25.8,74.0,588,453.0
0.018,27.2,71.0,799,209.0
0.018,28.6,66.0,997,92.0
0.018,30.4,64.0,1089,58.0
0.018,31.8,59.0,1096,46.0
0.018,33.8,59.0,987,89.0
0.018,35.2,53.0,901,140.0
0.018,36.3,51.0,796,92.0
0.018,36.8,43.0,704,75.0
0.018,36.4,47.0,590,207.0
0.018,35.4,51.0,492,242.0
0.018,33.9,55.0,389,105.0
0.018,31.8,58.0,301,58.0
0.018,30.5,60.0,188,60.0
0.018,26.2,74.0,599,440.0
0.018,27.9,71.0,799,200.0
0.018,28.7,67.0,997,98.0
0.018,30.6,61.0,1089,46.0
0.018,32.5,60.0,1088,43.0
0.018,33.8,59.0,980,72.0
0.018,34.7,55.0,894,150.0
0.018,36.5,51.0,783,106.0
0.018,37.2,47.0,683,81.0
0.018,36.4,48.0,589,198.0
0.018,35.3,52.0,502,244.0
0.018,34.3,54.0,396,104.0
0.018,31.4,60.0,296,57.0
0.018,29.8,63.0,188,47.0
0.018,26.5,71.0,597,441.0
0.018,27.8,69.0,791,201.0
0.018,28.8,67.0,1000,104.0
0.018,30.7,65.0,1091,60.0
0.018,32.0,58.0,1093,50.0
0.018,33.8,59.0,987,73.0
0.018,35.2,55.0,896,143.0
0.018,36.3,51.0,803,100.0
0.018,37.3,46.0,684,83.0
0.018,36.6,45.0,592,197.0
0.018,35.8,51.0,502,258.0
0.018,33.9,53.0,404,96.0
0.018,31.5,57.0,294,44.0
0.018,29.9,61.0,189,43.0
